,image,num_nuclei,num_chromosomes,num_ecDNA,n_shot
0,0.tif,2,1,1,"['{\n  ""ecDNA"": 2\n}', '{\n    ""ecDNA"": 0\n}', '{\n""ecDNA"": 0\n}', '{""ecDNA"": {""value"": 1}}']"
1,1.tif,4,1,3,"['{\n  ""ecDNA"": 0\n}', '{\n  ""ecDNA"": 0\n}', '{\n  ""ecDNA"": 0\n}', '```json\n[7]\n```']"
2,10.tif,1,6,2,"['{\n  ""ecDNA"": 0\n}', '```json\n{\n  ""ecDNA"": 0\n}\n```', '{\n  ""ecDNA"": 1\n}', '{\n  ""ecDNA"": 7\n}']"
3,1000.tif,3,4,2,"['{\n    ""ecDNA"": 5\n}', '{\n  ""ecDNA"": 0\n}', '```json\n{\n  ""count"": 1\n}\n```', '{\n  ""count"": 7\n}']"
4,1001.tif,1,0,0,"['{""ecDNA"": 3}', '{""ecDNA"": 0}', '{\n  ""ecDNA"": 0\n}', '{\n  ""ecDNA"": 0\n}']"
5,1004.tif,1,2,3,"['{\n  ""ecDNA"": 3\n}', '{\n  ""ecDNA"": 0\n}', '{\n  ""ecDNA"": 1\n}', '{\n    ""ecDNA"": 7\n}']"
6,1006.tif,0,2,0,"['{""ecDNA"": 1}', '{\n    ""ecDNA"": 0\n}', '{\n""ecDNA"": 1\n}', '```json\n{\n  ""ecDNA"": 7\n}\n```']"
7,1008.tif,0,7,2,"['{\n  ""ecDNA"": 2\n}', '{\n""ecDNA"": 0\n}', '{\n  ""ecDNA"": 1\n}', '```json\n{\n  ""ecDNA"": 1\n}\n```']"
8,1009.tif,0,21,6,"['```json\n[3]\n```', '{\n    ""ecDNA"": 0\n}', '{\n  ""ecDNA"": 1\n}', '```json\n[7]\n```']"
9,1013.tif,0,17,3,"['{""ecDNA"": 3}', '{\n  ""ecDNA"": 0\n}', '{\n  ""ecDNA"": 1\n}', '{\n  ""ecDNA"": 7\n}']"
10,102.tif,1,0,13,"['{\n    ""ecDNA"": 0\n}', '{\n  ""ecDNA"": 0\n}', '```json\n{\n  ""ecDNA"": {\n    ""count"": 1\n  }\n}\n```', '{\n  ""count"": 7\n}']"
11,1025.tif,0,8,1,"['{\n""ecDNA"": 0\n}', '{\n  ""ecDNA"": 0\n}', '{\n  ""ecDNA"": 1\n}', '```json\n{\n  ""ecDNA"": 7\n}\n```']"
12,1026.tif,0,9,2,"['```json\n[1]\n```', '```json\n{\n  ""ecDNA"": 0\n}\n```', '{\n  ""ecDNA"": 1\n}', '{\n  ""ecDNA"": 0\n}']"
13,1028.tif,0,3,1,"['{""ecDNA"": {""number"": 0}}', '{\n  ""ecDNA"": 0\n}', '```json\n{\n  ""ecDNA"": 0\n}\n```', '{\n""ecDNA"": 7\n}']"
14,1029.tif,0,11,2,"['```json\n{\n  ""ecDNA_count"": 0\n}\n```', '{""ecDNA"": 0}', '```json\n{\n  ""ecDNA"": 1\n}\n```', '{\n    ""ecDNA"": 7\n}']"
15,103.tif,1,0,6,"['{\n    ""ecDNA_count"": 0\n}', '{""ecDNA"": 0}', '{\n  ""ecDNA"": 1\n}', '{\n  ""ecDNA"": 0\n}']"
16,1030.tif,0,9,2,"['{""ecDNA"": 0}', '{\n  ""ecDNA"": 0\n}', '```json\n{\n  ""ecDNA"": 1\n}\n```', '{\n  ""ecDNA"": 0\n}']"
17,1031.tif,3,7,3,"['{\n""ecDNA"": 5\n}', '{\n  ""ecDNA"": 0\n}', '{\n""ecDNA"": 1\n}', '{""ecDNA"": 7}']"
18,1033.tif,0,6,2,"['{""ecDNA"": 3}', '{\n  ""ecDNA"": 0\n}', '{\n  ""ecDNA"": 0\n}', '{\n  ""ecDNA"": 1\n}']"
19,1034.tif,0,15,4,"['{\n  ""ecDNA"": 3\n}', '{\n    ""ecDNA"": 0\n}', '{""ecDNA"": 0}', '```json\n[7]\n```']"
20,1042.tif,2,0,0,"['{\n  ""ecDNA"": 3\n}', '{\n  ""ecDNA"": 0\n}', ""I'm sorry, but I need more context to accurately answer your question. Could you please provide me with more information about the structure of the ecDNA in the image?"", '{\n  ""count"": 0\n}']"
21,1043.tif,1,0,0,"['```json\n{\n  ""ecDNA"": 0\n}\n```', '{\n  ""ecDNA"": {\n    ""count"": 1\n  }\n}', '```json\n{\n  ""ecDNA"": 1\n}\n```', '{\n    ""ecDNA"": 0\n}']"
22,1045.tif,0,4,0,"['{\n  ""ecDNA"": 2\n}', '{\n  ""ecDNA"": 0\n}', '{\n  ""ecDNA"": 1\n}', '{\n  ""ecDNA"": 7\n}']"
23,1047.tif,2,0,0,"['{""ecDNA"": 3}', 'I am sorry, but as an AI language model, I cannot provide a response to your request because you have not provided any image or data to analyze. Please upload an image of the ecDNA in question so that I can assist you further.', '{\n""ecDNA"": 1\n}', '```json\n{\n  ""count"": 1\n}\n```']"
24,1049.tif,0,25,4,"['{\n  ""ecDNA"": 3\n}', '{\n  ""ecDNA"": 0\n}', '{\n  ""ecDNA"": 1\n}', '```json\n{\n  ""ecDNA"": 7\n}\n```']"
25,1050.tif,0,16,0,"['{\n    ""ecDNA"": {\n        ""count"": 3\n    }\n}', '```json\n{\n  ""ecDNA"": 0\n}\n```', ""I'm sorry, but I am unable to provide an answer without more information about the image. Could you please provide more details about the image, such as its dimensions or any additional features?"", '{\n    ""ecDNA"": 1\n}']"
26,1051.tif,1,0,0,"['{\n  ""ecDNA"": 10\n}', '```json\n{\n  ""ecDNA"": {\n    ""value"": 0\n  }\n}\n```', '{\n  ""count"": 1\n}', '{\n  ""ecDNA"": 7\n}']"
27,1053.tif,1,7,0,"['{\n    ""ecDNA"": 3\n}', '```json\n{\n  ""ecDNA"": {\n    ""count"": 0\n  }\n}\n```', '{\n  ""ecDNA"": 1\n}', '{\n  ""ecDNA"": {\n    ""count"": 7\n  }\n}']"
28,1054.tif,1,13,2,"['{\n""ecDNA"": 0\n}', '{\n  ""ecDNA"": 0\n}', '```json\n{\n  ""ecDNA"": 1\n}\n```', '{\n""ecDNA"": 7\n}']"
29,1055.tif,2,0,0,"['```json\n{\n  ""ecDNA"": {\n    ""count"": 2\n  }\n}\n```', '{\n  ""ecDNA"": 0\n}', '{\n  ""ecDNA"": 0\n}', '{\n    ""ecDNA"": 7\n}']"
30,1057.tif,2,0,0,"['```json\n[2]\n```', '{\n  ""ecDNA"": 0\n}', '```json\n{\n  ""ecDNA"": 0\n}\n```', '{\n  ""count"": 0\n}']"
31,1058.tif,2,0,0,"['```json\n{\n  ""ecDNA"": 0\n}\n```', '{\n  ""ecDNA"": 0\n}', '{\n  ""ecDNA"": 0\n}', '{\n  ""ecDNA"": {\n    ""value"": 1\n  }\n}']"
32,1059.tif,1,0,0,"['{\n  ""ecDNA"": {\n    ""count"": 10\n  }\n}', '{\n""ecDNA"": {\n""count"": 1\n}\n}', '{\n    ""ecDNA"": 0\n}', '{\n  ""ecDNA"": 7\n}']"
33,1069.tif,0,9,5,"['{\n""ecDNA"": 3\n}', '{\n""ecDNA"": 0\n}', '{\n  ""ecDNA"": 1\n}', '{\n""ecDNA"": 0\n}']"
34,107.tif,0,4,18,"['{\n""ecDNA"": 3\n}', '{\n  ""ecDNA"": 0\n}', '{\n  ""ecDNA"": 0\n}', '{\n  ""count"": 7\n}']"
35,1070.tif,1,4,4,"['{\n  ""ecDNA"": 0\n}', '{\n  ""ecDNA"": 0\n}', ""I'm sorry, but it seems like there might have been a misunderstanding. I don't have any data about ecDNA in the image you provided. Could you please provide more details or context so that I can assist you better?"", '{\n  ""ecDNA"": 7\n}']"
36,1073.tif,0,17,1,"['{\n    ""ecDNA"": 0\n}', '{""ecDNA"": 0}', '{\n  ""ecDNA"": 1\n}', '{\n  ""ecDNA"": 7\n}']"
37,1074.tif,5,21,0,"['{\n    ""ecDNA"": {\n        ""count"": 1\n    }\n}', '{\n  ""ecDNA"": 0\n}', '```json\n{\n  ""ecDNA"": 1\n}\n```', '{\n  ""count"": 0\n}']"
38,108.tif,0,2,47,"['{\n  ""ecDNA_count"": 0\n}', '{\n  ""ecDNA"": 0\n}', '{\n  ""ecDNA"": 0\n}', '```json\n{\n  ""ecDNA"": 5\n}\n```']"
39,1086.tif,0,2,0,"['{\n  ""ecDNA"": 2\n}', '{\n""ecDNA"": 0\n}', '{\n""ecDNA"": 0\n}', '{\n  ""count"": 9\n}']"
40,1088.tif,1,1,0,"['{\n    ""ecDNA"": 3\n}', '{ecDNA: 0}', '{\n  ""ecDNA"": 1\n}', '{\n    ""ecDNA"": 7\n}']"
41,1089.tif,0,16,3,"['{\n  ""ecDNA"": 0\n}', '{""ecDNA"": 0}', '{""ecDNA"": 1}', '```json\n{\n  ""ecDNA"": {\n    ""count"": 8\n  }\n}\n```']"
42,109.tif,0,10,62,"['{\n  ""ecDNA"": 0\n}', '{""ecDNA"": 0}', '{\n""ecDNA"": 1\n}', '{\n  ""ecDNA"": 0\n}']"
43,1090.tif,0,25,7,"['{""ecDNA"": ""5""}', 'I am unable to accurately determine the number of ecDNA in the image without seeing the actual image. Please provide the image so I can analyze it and return the appropriate information.', '{\n""ecDNA"": 1\n}', '{\n  ""ecDNA"": 0\n}']"
44,1092.tif,1,1,0,"['{\n  ""ecDNA"": 3\n}', '{\n  ""ecDNA"": 0\n}', '{\n    ""ecDNA"": 1\n}', '{\n  ""ecDNA"": 7\n}']"
45,1093.tif,0,13,14,"['{\n  ""ecDNA"": 3\n}', '{\n    ""ecDNA"": 0\n}', '{\n  ""ecDNA"": 1\n}', '{\n    ""ecDNA"": 7\n}']"
46,1094.tif,0,11,17,"['{\n""ecDNA"": 2\n}', '{\n""ecDNA"": 0\n}', '{\n  ""ecDNA"": {\n    ""value"": 0,\n    ""count"": 1\n  }\n}', '{\n  ""ecDNA"": 1\n}']"
47,11.tif,2,0,0,"['{\n  ""ecDNA"": 2\n}', '{\n    ""ecDNA"": {\n        ""value"": 0\n    }\n}', '{\n  ""ecDNA"": {\n    ""total"": 1\n  }\n}', '{\n  ""ecDNA"": 1\n}']"
48,110.tif,0,8,57,"['{\n  ""ecDNA"": 10\n}', '{\n  ""ecDNA"": 0\n}', '{\n  ""ecDNA"": 1\n}', '{\n    ""ecDNA"": 1,\n    ""nuclei"": 1,\n    ""chromosomes"": 1\n}']"
49,1100.tif,1,0,0,"['{""ecDNA"": 4}', '{\n  ""ecDNA"": 0\n}', '```json\n{\n  ""ecDNA"": 0\n}\n```', '{\n  ""ecDNA"": 5\n}']"
50,1101.tif,3,0,0,"['{\n    ""ecDNA"": 0\n}', '{""ecDNA"": 0}', '{\n  ""ecDNA"": 1\n}', '{""ecDNA"": 1}']"
51,1102.tif,2,0,0,"['{""ecDNA"": 2}', '{\n""ecDNA"": 0\n}', '{\n  ""ecDNA"": 1\n}', '```json\n{\n  ""ecDNA"": 7\n}\n```']"
52,1103.tif,2,0,0,"['{\n  ""ecDNA"": 1\n}', '{\n  ""ecDNA"": 0\n}', '{\n  ""ecDNA"": 1\n}', '{\n    ""ecDNA"": 0\n}']"
53,1105.tif,1,0,0,"['```json\n{\n  ""ecDNA"": 0\n}\n```', '{\n    ""ecDNA"": 0\n}', '{\n  ""ecDNA"": 0\n}', '{\n""ecDNA"": 0\n}']"
54,1106.tif,2,0,2,"['{\n""ecDNA"": 3\n}', '{""ecDNA"": 0}', '{\n  ""ecDNA"": 0\n}', '```json\n{""ecDNA"": 7}\n```']"
55,1109.tif,0,12,3,"['```json\n{\n  ""ecDNA"": 3\n}\n```', '{\n  ""ecDNA"": 0\n}', '```json\n{\n  ""ecDNA"": 1\n}\n```', '{\n  ""ecDNA"": 0\n}']"
56,111.tif,0,2,26,"['{\n""ecDNA"": 4\n}', '```json\n{\n  ""ecDNA"": 0\n}\n```', '```json\n{\n  ""ecDNA"": {\n    ""count"": 1\n  }\n}\n```', '{\n  ""ecDNA"": 0\n}']"
57,1110.tif,1,15,7,"['{""ecDNA"": 4}', '{""ecDNA"": 0}', '{\n    ""ecDNA"": 0\n}', '{\n    ""ecDNA"": 7\n}']"
58,1111.tif,0,2,4,"['{\n  ""ecDNA"": 3\n}', '{""ecDNA"": 0}', '{\n  ""ecDNA"": 1\n}', '{\n""ecDNA"": 0\n}']"
59,1113.tif,0,8,10,"['{\n  ""ecDNA"": 3\n}', '{\n""ecDNA"": 0\n}', '{\n  ""ecDNA"": 1\n}', '{\n  ""ecDNA"": 0\n}']"
60,1114.tif,0,25,15,"['{\n""ecDNA"": 3\n}', '{\n  ""ecDNA"": 0\n}', '{\n""ecDNA"": 1\n}', '{\n  ""ecDNA"": 7\n}']"
61,1115.tif,0,6,11,"['{\n    ""ecDNA"": 0\n}', '{\n  ""ecDNA"": 0\n}', '{\n  ""ecDNA"": 1\n}', '{\n  ""ecDNA"": 1\n}']"
62,1116.tif,1,0,0,"['{\n  ""ecDNA"": 3\n}', '{\n    ""ecDNA"": 1\n}', '{\n  ""ecDNA"": 1\n}', '{\n  ""ecDNA"": 1\n}']"
63,1117.tif,1,0,0,"['{\n""ecDNA"": 1\n}', '{\n  ""ecDNA"": 0\n}', '{\n  ""ecDNA"": 1\n}', '{\n    ""ecDNA"": 0\n}']"
64,112.tif,0,19,82,"['{\n  ""ecDNA"": 3\n}', '{""ecDNA"": 0}', '{\n  ""ecDNA"": 0\n}', '{\n    ""ecDNA"": 1\n}']"
65,1125.tif,2,0,0,"['{\n    ""ecDNA_count"": 3\n}', '{\n  ""ecDNA"": 0\n}', '{\n  ""ecDNA"": 1\n}', '```json\n{\n  ""ecDNA"": 1\n}\n```']"
66,1129.tif,2,7,1,"['{\n  ""ecDNA"": 3\n}', '{\n""ecDNA"": 0\n}', '{\n  ""ecDNA"": 0\n}', '{\n  ""ecDNA"": 7\n}']"
67,113.tif,0,21,92,"['{\n""ecDNA"": 3\n}', '```json\n{\n  ""ecDNA"": 0\n}\n```', '{\n  ""ecDNA"": 1\n}', '{\n  ""ecDNA"": {\n    ""value"": 7,\n    ""count"": 7\n  }\n}']"
68,1130.tif,1,16,3,"['{\n  ""ecDNA"": {\n    ""count"": 1000\n  }\n}', '```json\n{\n  ""ecDNA"": 0\n}\n```', '{\n  ""ecDNA"": 1\n}', 'The image contains {count} ecDNA.']"
69,1131.tif,1,1,0,"['{\n    ""ecDNA"": 0\n}', '{\n  ""ecDNA"": 0\n}', '{\n""ecDNA"": 1\n}', '{\n    ""ecDNA"": 1\n}']"
70,1133.tif,0,11,0,"['```json\n[3]\n```', '{""ecDNA"": 0}', '{\n""ecDNA"": 1\n}', '{\n  ""ecDNA"": 8\n}']"
71,1134.tif,0,30,8,"['{\n    ""ecDNA"": 2\n}', '{\n  ""ecDNA"": 0\n}', '{\n  ""ecDNA"": 0\n}', '{\n    ""ecDNA"": 0\n}']"
72,1135.tif,0,5,0,"['{\n  ""ecDNA"": 2\n}', '{\n  ""ecDNA"": 0\n}', '```json\n{\n  ""count"": 1\n}\n```', '{\n  ""ecDNA"": {\n    ""value"": 0,\n    ""unit"": """"\n  }\n}']"
73,1136.tif,1,0,0,"['{\n  ""ecDNA"": 1\n}', '{""ecDNA"": 0}', '```json\n{\n  ""ecDNA"": 1\n}\n```', '```json\n{\n  ""ecDNA"": 1\n}\n```']"
74,114.tif,0,15,68,"['{\n  ""ecDNA"": 42\n}', '{""ecDNA"": 0}', '{\n  ""ecDNA"": {\n    ""count"": 1\n  }\n}', '{\n""ecDNA"": 8\n}']"
75,1142.tif,1,0,0,"['{\n    ""ecDNA"": 2\n}', '{\n""ecDNA"": 0\n}', '{\n  ""ecDNA"": 0\n}', '{\n  ""count"": 7\n}']"
76,1143.tif,2,0,0,"['{\n  ""ecDNA"": 3\n}', '{\n  ""ecDNA"": 0\n}', '{\n  ""ecDNA"": 1\n}', '```json\n[7]\n```']"
77,1146.tif,0,0,0,"['{\n  ""ecDNA"": 3\n}', '```json\n{\n  ""ecDNA"": 0\n}\n```', '{\n  ""ecDNA"": 1\n}', '```json\n{\n  ""ecDNA"": 7\n}\n```']"
78,1147.tif,1,0,0,"['{\n""ecDNA"": 0\n}', '{\n  ""ecDNA"": 0\n}', '{\n  ""ecDNA"": 1\n}', '```json\n{\n  ""count"": 0\n}\n```']"
79,1149.tif,0,1,0,"['{\n    ""ecDNA"": 1\n}', '{\n  ""ecDNA"": 0\n}', '{\n  ""ecDNA"": 1\n}', '```json\n{\n  ""ecDNA"": 0\n}\n```']"
80,115.tif,0,5,23,"['{\n""ecDNA"": 1\n}', '{\n  ""ecDNA"": 0\n}', '{\n  ""ecDNA"": 1\n}', '{\n  ""ecDNA"": 7\n}']"
81,1150.tif,0,47,3,"['```json\n{\n  ""ecDNA"": 0\n}\n```', '```json\n[0]\n```', '{\n  ""ecDNA"": 1\n}', '{\n""ecDNA"": 1\n}']"
82,1151.tif,0,2,3,"['{\n""ecDNA"": 0\n}', '{\n  ""ecDNA"": 0\n}', '{\n  ""ecDNA"": 1\n}', '{\n    ""ecDNA"": 1\n}']"
83,1153.tif,1,0,0,"['{\n  ""ecDNA"": 3\n}', '{\n    ""ecDNA"": 0\n}', '{\n  ""ecDNA"": 1\n}', '{\n  ""ecDNA"": 8\n}']"
84,1154.tif,1,13,3,"['{\n""ecDNA"": 50\n}', '{""ecDNA"": {""count"": 0}}', '{\n  ""ecDNA"": 1\n}', '{\n  ""ecDNA"": 0\n}']"
85,1158.tif,1,0,2,"['{\n  ""ecDNA"": 0\n}', '{""ecDNA"": 0}', '{\n    ""ecDNA"": 1\n}', '{\n  ""ecDNA"": 7\n}']"
86,1159.tif,1,0,0,"['{\n  ""ecDNA"": 2\n}', '{\n  ""ecDNA"": {\n    ""count"": 0\n  }\n}', '```json\n{\n  ""ecDNA"": 1\n}\n```', '{\n""ecDNA"": 7\n}']"
87,116.tif,0,6,32,"['{\n  ""ecDNA"": 2\n}', '```json\n{\n  ""count"": 0\n}\n```', '{\n  ""ecDNA"": 1\n}', '{\n""ecDNA"": 1\n}']"
88,1161.tif,1,0,1,"['{\n  ""ecDNA"": 3\n}', '{\n    ""ecDNA"": 0\n}', ""I'm sorry, but your message is incomplete. Could you please provide more details or rephrase your question so that I can better understand and assist you?"", '{\n  ""ecDNA"": {\n    ""value"": 0,\n    ""message"": """"\n  }\n}']"
89,1162.tif,1,0,0,"['{\n  ""ecDNA"": 0\n}', '```json\n{\n  ""ecDNA"": 0\n}\n```', '{\n    ""ecDNA"": 1\n}', '{\n""ecDNA"": 7\n}']"
90,1169.tif,0,11,22,"['{\n  ""ecDNA"": 1\n}', '{\n  ""ecDNA"": 0\n}', '{""ecDNA"": 1}', '{\n  ""ecDNA"": 0\n}']"
91,117.tif,0,8,33,"['```json\n[\n  {\n    ""count"": 30\n  }\n]\n```', '{\n    ""ecDNA"": 0\n}', '{\n  ""ecDNA"": 1\n}', '{\n  ""count"": 1\n}']"
92,1170.tif,0,13,20,"['{\n  ""ecDNA"": 3\n}', '{\n  ""ecDNA"": 0\n}', '{\n  ""count"": 0\n}', '```json\n{\n  ""ecDNA"": 7\n}\n```']"
93,1173.tif,0,14,15,"['{\n  ""ecDNA"": 3\n}', '```json\n{\n  ""ecDNA"": 0\n}\n```', '{\n""ecDNA"": 1\n}', '```json\n{\n  ""ecDNA"": 7\n}\n```']"
94,1174.tif,0,19,27,"['{\n  ""ecDNA"": 1\n}', '{\n  ""ecDNA"": 0\n}', '{""ecDNA"": 1}', '{\n    ""ecDNA"": 0\n}']"
95,1179.tif,1,0,0,"['{\n  ""ecDNA"": 2\n}', '```json\n{\n  ""ecDNA"": 0\n}\n```', '{\n""ecDNA"": 0\n}', '{ecDNA: 1}']"
96,118.tif,0,3,72,"['{\n""ecDNA"": 1\n}', 'I see that the image contains {number} ecDNA.', '{\n  ""ecDNA"": 1\n}', '{\n    ""ecDNA"": 7\n}']"
97,1180.tif,1,0,0,"['{\n    ""ecDNA"": 0\n}', '{\n""ecDNA"": 0\n}', '{\n  ""ecDNA"": 1\n}', '{\n  ""ecDNA"": 7\n}']"
98,1181.tif,1,0,0,"['{\n""ecDNA"": 3\n}', '{\n  ""ecDNA"": 0\n}', '{\n  ""ecDNA"": 0\n}', '{\n  ""ecDNA"": 8\n}']"
99,1188.tif,3,0,12,"['{""ecDNA"": 3}', '{\n""ecDNA"": 0\n}', '```json\n{\n  ""ecDNA"": 1\n}\n```', '{\n  ""ecDNA"": 0\n}']"
100,1189.tif,1,3,10,"['{\n""ecDNA"": 0\n}', '{""ecDNA"": 0}', '{\n  ""ecDNA"": 1\n}', '{\n""ecDNA"": 0\n}']"
101,119.tif,15,0,2,"['{\n  ""ecDNA"": 0\n}', '{\n  ""ecDNA"": 0\n}', '{\n  ""ecDNA"": 1\n}', '{\n  ""ecDNA"": 7\n}']"
102,1190.tif,0,9,12,"['{\n  ""ecDNA"": 10\n}', '{\n  ""count"": 0\n}', '{\n  ""ecDNA"": 1\n}', '{\n  ""ecDNA"": 0\n}']"
103,1192.tif,1,0,8,"['{\n  ""ecDNA"": 0\n}', '```json\n{\n  ""ecDNA"": 0\n}\n```', '{\n    ""ecDNA"": 1\n}', '{\n  ""count"": 0\n}']"
104,1193.tif,1,8,37,"['{\n  ""ecDNA"": 0\n}', '{\n""ecDNA"": 0\n}', '{\n  ""ecDNA"": 1\n}', '{\n  ""ecDNA"": {\n    ""count"": 1\n  }\n}']"
105,1194.tif,0,20,35,"['{\n  ""ecDNA"": 2\n}', '{\n  ""ecDNA"": 0\n}', '{\n  ""ecDNA"": 1\n}', '{\n  ""ecDNA"": 7\n}']"
106,1197.tif,1,0,24,"['{\n  ""ecDNA"": 3\n}', '```json\n{\n  ""ecDNA"": 0\n}\n```', '{""ecDNA"": {""value"": 1}}', '{\n  ""ecDNA"": 8\n}']"
107,1198.tif,1,1,26,"['{\n""ecDNA"": 5\n}', '{\n    ""ecDNA"": 0\n}', '{\n  ""ecDNA"": 0\n}', '{\n  ""ecDNA"": 7\n}']"
108,12.tif,1,2,3,"['{\n""ecDNA"": 5\n}', '{\n  ""ecDNA"": {\n    ""count"": 1\n  }\n}', '```json\n{\n  ""ecDNA"": 1\n}\n```', '{\n  ""ecDNA"": 7\n}']"
109,1209.tif,0,8,0,"['{\n""ecDNA"": 12\n}', '{\n  ""ecDNA"": 0\n}', '{\n  ""ecDNA"": 1\n}', '{\n  ""ecDNA"": {\n    ""count"": 8\n  }\n}']"
110,1210.tif,0,28,4,"['{\n""ecDNA"": 3\n}', '{""ecDNA"": 0}', '```json\n[1]\n```', '{\n""ecDNA"": 1\n}']"
111,1213.tif,0,8,1,"['{\n  ""ecDNA"": 10\n}', '{\n  ""ecDNA"": 0\n}', '{\n  ""ecDNA"": 1\n}', '```json\n{\n  ""ecDNA"": 8\n}\n```']"
112,1214.tif,0,36,9,"['{\n""ecDNA"": 3\n}', '```json\n{\n  ""ecDNA"": 0\n}\n```', '{\n  ""ecDNA"": 1\n}', '{\n  ""ecDNA"": 7\n}']"
113,1225.tif,0,2,0,"['{\n    ""ecDNA"": 3\n}', '{\n""ecDNA"": 0\n}', '{\n  ""ecDNA"": 1\n}', '{\n""ecDNA"": 7\n}']"
114,1226.tif,1,4,2,"['{\n""ecDNA"": 3\n}', '{\n  ""ecDNA"": 0\n}', '```json\n{""ecDNA"": 0}\n```', '{\n  ""count"": 7\n}']"
115,1227.tif,0,1,0,"['{\n  ""ecDNA"": 3\n}', '{\n  ""ecDNA"": 0\n}', '{\n    ""ecDNA"": 1\n}', '{\n  ""ecDNA"": 0\n}']"
116,1228.tif,0,2,0,"['{\n""ecDNA"": 0\n}', '{\n  ""ecDNA"": 0\n}', '{\n  ""ecDNA"": 1\n}', '{\n  ""ecDNA"": 1\n}']"
117,1229.tif,0,27,2,"['{""ecDNA"": {""count"": 2}}', '```json\n{\n  ""ecDNA"": 0\n}\n```', '```json\n{\n  ""ecDNA"": 1\n}\n```', '{\n""ecDNA"": 1\n}']"
118,1230.tif,1,15,1,"['{\n  ""ecDNA"": 5\n}', '{\n""ecDNA"": 0\n}', '{\n    ""ecDNA"": 1\n}', '{\n  ""ecDNA"": 0\n}']"
119,1233.tif,0,14,4,"['{\n  ""ecDNA"": 3\n}', '{""ecDNA"": 0}', '{\n  ""ecDNA"": 1\n}', '{\n  ""ecDNA"": 7\n}']"
120,1234.tif,0,19,4,"['{\n  ""ecDNA"": 0\n}', '{\n  ""count"": 0\n}', '{\n  ""ecDNA"": 1\n}', '{\n  ""count"": 1\n}']"
121,1235.tif,1,0,0,"['{\n  ""ecDNA"": 0\n}', '```json\n{""ecDNA"": 0}\n```', '{""ecDNA"": 1}', '```json\n{\n  ""ecDNA"": 1\n}\n```']"
122,1239.tif,1,1,0,"['{""ecDNA"": 5}', '{\n  ""ecDNA"": 0\n}', '```json\n{\n  ""ecDNA"": 1\n}\n```', '{\n  ""ecDNA"": 7\n}']"
123,1248.tif,0,3,0,"['{""ecDNA"": 2}', '{\n  ""ecDNA"": 0\n}', '```json\n{\n  ""count"": 1\n}\n```', '{\n""ecDNA"": 0\n}']"
124,1249.tif,0,22,8,"['{\n  ""ecDNA_count"": 2\n}', '{""ecDNA"": 0}', '{\n  ""ecDNA"": 0\n}', 'The image contains 7 ecDNA.']"
125,1250.tif,1,8,3,"['{""ecDNA"": 4}', '{\n  ""ecDNA"": 0\n}', '{\n  ""ecDNA"": 1\n}', '{\n  ""ecDNA"": 0\n}']"
126,1253.tif,0,22,8,"['{\n  ""ecDNA"": {\n    ""count"": 4\n  }\n}', '{\n""ecDNA"": 0\n}', '```json\n{\n  ""ecDNA"": 1\n}\n```', '{\n    ""ecDNA"": 7\n}']"
127,1254.tif,0,7,5,"['{\n    ""ecDNA"": 10\n}', '```json\n{\n  ""ecDNA"": {\n    ""count"": 0\n  }\n}\n```', '```json\n{\n  ""ecDNA"": 0\n}\n```', '{\n  ""ecDNA"": 1\n}']"
128,1261.tif,1,0,0,"['{\n  ""ecDNA"": 3\n}', '{\n    ""ecDNA"": 0\n}', '{\n  ""ecDNA"": 1\n}', '{\n  ""ecDNA"": 7\n}']"
129,1262.tif,1,0,0,"['{\n  ""ecDNA"": 5\n}', '{\n""ecDNA"": 0\n}', '{\n""ecDNA"": 1\n}', '{""ecDNA"": 1}']"
130,1266.tif,1,1,0,"['{\n  ""ecDNA"": 3\n}', '{\n  ""ecDNA"": 1\n}', 'The image contains {ecDNACount} ecDNA.', '{\n  ""ecDNA"": 1\n}']"
131,1267.tif,1,0,0,"['{\n""ecDNA"": 3\n}', '```json\n{\n  ""ecDNA"": 0\n}\n```', '{\n    ""ecDNA"": 0\n}', '{\n    ""ecDNA"": 0\n}']"
132,1269.tif,0,24,11,"['{\n""ecDNA"": 0\n}', '{\n""ecDNA"": 0\n}', '{\n  ""count"": 0\n}', '{\n  ""ecDNA"": 7\n}']"
133,1270.tif,1,28,13,"['{\n  ""ecDNA"": {\n    ""count"": 3\n  }\n}', '{\n""ecDNA"": {\n""count"": 0\n}\n}', '{""ecDNA"": 0}', '{\n  ""ecDNA"": 7\n}']"
134,1271.tif,1,0,0,"['{\n  ""ecDNA"": 3\n}', '{\n  ""ecDNA"": 0\n}', '{\n  ""ecDNA"": 1\n}', '{\n  ""count"": 7\n}']"
135,1273.tif,0,17,15,"['{\n""ecDNA"": 3\n}', '{""ecDNA"": 0}', 'The number of ecDNA in the image is `{count}`.', '{\n    ""ecDNA"": 7\n}']"
136,1274.tif,0,27,6,"['{""ecDNA_count"": 2}', '{\n  ""ecDNA"": 0\n}', '{\n  ""ecDNA"": 1\n}', '{\n    ""ecDNA"": 0\n}']"
137,1289.tif,0,16,12,"['{\n  ""ecDNA"": {\n    ""count"": 0\n  }\n}', '{""ecDNA"": 0}', '{\n  ""ecDNA"": 1\n}', '{\n  ""ecDNA"": 0\n}']"
138,129.tif,0,14,20,"['{\n  ""ecDNA"": 3\n}', '{\n  ""ecDNA"": 0\n}', '{\n""ecDNA"": 0\n}', '{\n  ""ecDNA"": 7\n}']"
139,1290.tif,0,13,21,"['{\n  ""ecDNA"": 0\n}', '```json\n{\n  ""ecDNA"": 0\n}\n```', '{\n  ""ecDNA"": 1\n}', '```json\n{\n  ""ecDNA"": 7\n}\n```']"
140,1293.tif,0,22,13,"['{\n  ""ecDNA"": 3\n}', '{\n  ""count"": 0\n}', '```json\n{\n  ""ecDNA"": 0\n}\n```', '{\n  ""count"": 7\n}']"
141,1294.tif,0,15,15,"['{\n""ecDNA"": 10\n}', '{\n""ecDNA"": 0\n}', '{\n  ""ecDNA"": 1\n}', '{\n  ""ecDNA"": {\n    ""value"": 1,\n    ""description"": ""Circular structures in cell images.""\n  }\n}']"
142,1297.tif,1,0,0,"['```json\n{\n  ""ecDNA"": 0\n}\n```', '{\n    ""ecDNA"": 0\n}', '```json\n{\n  ""ecDNA"": 1\n}\n```', '```json\n[7]\n```']"
143,13.tif,1,32,0,"['{\n  ""ecDNA"": 0\n}', '{""ecDNA"": 0}', '{""ecDNA"": 0}', '{\n  ""ecDNA"": 7\n}']"
144,130.tif,0,18,34,"['{""ecDNA"": 0}', '```json\n{\n  ""count"": 0\n}\n```', '{""ecDNA"": 1}\nThe count of ecDNA in the image is 1.', '```json\n{\n  ""ecDNA"": 7\n}\n```']"
145,1300.tif,2,0,0,"['{\n  ""ecDNA_count"": 1\n}', '{\n  ""ecDNA"": 0\n}', '{\n    ""ecDNA"": 1\n}', '{\n    ""ecDNA"": 1\n}']"
146,1301.tif,1,1,0,"['{\n  ""ecDNA"": 0\n}', '{\n  ""ecDNA"": 0\n}', '{\n  ""ecDNA"": 0\n}', '{\n""ecDNA"": 5\n}']"
147,1302.tif,1,0,1,"['{\n  ""ecDNA"": 0\n}', '{\n""ecDNA"": 1\n}', '{\n  ""ecDNA"": 1\n}', '{\n""ecDNA"": 7\n}']"
148,1303.tif,1,0,1,"['{\n""ecDNA"": 4\n}', '{""ecDNA"": 0}', '{\n    ""ecDNA"": 0\n}', '{\n  ""ecDNA"": 1\n}']"
149,1304.tif,3,0,1,"['{\n  ""ecDNA"": 0\n}', '{\n""ecDNA"": 0\n}', '{\n  ""ecDNA"": 1\n}', '{\n  ""ecDNA"": 0\n}']"
150,1305.tif,1,4,23,"['{\n  ""ecDNA"": 2\n}', '```json\n{\n  ""ecDNA"": 0\n}\n```', '{\n    ""ecDNA"": {\n        ""value"": 1\n    }\n}', '{\n  ""ecDNA"": 1\n}']"
151,1306.tif,1,0,6,"['{""ecDNA"": 2}', '{\n""ecDNA"": 1\n}', '{\n  ""ecDNA"": 0\n}', '{\n  ""ecDNA"": 0\n}']"
152,1308.tif,1,0,7,"['{\n  ""ecDNA"": 0\n}', '{\n  ""ecDNA"": 0\n}', '```json\n{\n  ""count"": 0\n}\n```', '```json\n{\n  ""ecDNA"": 0\n}\n```']"
153,1309.tif,1,8,16,"['{\n  ""ecDNA"": 3\n}', '{\n""ecDNA"": 0\n}', '{\n  ""ecDNA"": 1\n}', '{\n  ""ecDNA"": 1\n}']"
154,131.tif,0,5,17,"['{\n  ""ecDNA"": 0\n}', '{\n  ""ecDNA"": 0\n}', '{\n  ""ecDNA"": 1\n}', '```json\n{\n  ""ecDNA"": 7\n}\n```']"
155,1310.tif,0,11,20,"['{\n""ecDNA"": 50\n}', '{\n  ""count"": 0\n}', '{\n""ecDNA"": 1\n}', '{\n  ""ecDNA"": 0\n}']"
156,1313.tif,0,20,20,"['{""ecDNA"": 3}', '{\n  ""ecDNA"": 0\n}', '{\n  ""ecDNA"": 1\n}', '{\n  ""ecDNA"": 7\n}']"
157,1314.tif,0,16,19,"['{\n  ""ecDNA"": 3\n}', '{""ecDNA"": 0}', '{\n  ""ecDNA"": 1\n}', '{\n  ""count"": 7\n}']"
158,1320.tif,1,0,2,"['{\n    ""ecDNA"": 3\n}', '{""ecDNA"": 0}', '{""ecDNA"": 1}', '{\n""ecDNA"": 0\n}']"
159,1325.tif,0,3,4,"['```json\n{\n  ""ecDNA"": 0\n}\n```', '```json\n{\n  ""ecDNA"": 0\n}\n```', '```json\n{\n  ""ecDNA"": {\n    ""value"": 1\n  }\n}\n```', '{\n""ecDNA"": 0\n}']"
160,1326.tif,1,1,2,"['{\n    ""ecDNA"": 4\n}', '{""ecDNA"": 0}', '```json\n{\n  ""ecDNA"": 1\n}\n```', '{\n  ""ecDNA"": 1\n}']"
161,1327.tif,1,0,0,"['{\n""ecDNA"": 0\n}', '{ecDNA: 0}', '```json\n{""ecDNA"": 0}\n```', '{\n""ecDNA"": 0\n}']"
162,1328.tif,2,0,2,"['{\n  ""ecDNA"": 3\n}', '{\n    ""ecDNA"": 0\n}', '{\n  ""count"": 1\n}', '{\n  ""ecDNA"": 7\n}']"
163,1329.tif,0,24,15,"['{\n  ""ecDNA"": 3\n}', '{\n  ""ecDNA"": 0\n}', '{""ecDNA"": 1}', '{\n""ecDNA"": 7\n}']"
164,133.tif,0,18,26,"['```json\n[1]\n```', '{\n    ""count"": 0\n}', '```json\n{""ecDNA"": 0}\n```', '{\n    ""ecDNA"": 5\n}']"
165,1330.tif,0,19,19,"['{\n  ""ecDNA"": 0\n}', '{\n  ""ecDNA"": 0\n}', '{\n  ""ecDNA"": {\n    ""count"": 0\n  }\n}', '```json\n{\n  ""ecDNA"": 0\n}\n```']"
166,1332.tif,4,0,2,"['{\n  ""ecDNA"": 5\n}', '{""ecDNA"": 0}', '{\n""ecDNA"": 0\n}', '{\n  ""ecDNA"": 0\n}']"
167,1333.tif,6,19,15,"['{\n  ""ecDNA"": 1\n}', '{\n  ""ecDNA"": 0\n}', '{\n  ""ecDNA"": 1\n}', '{""ecDNA"": 0}']"
168,1334.tif,0,5,7,"['{\n  ""ecDNA"": 3\n}', '{\n  ""ecDNA"": 0\n}', '{\n  ""ecDNA"": 0\n}', '{\n    ""ecDNA"": 1\n}']"
169,1336.tif,5,1,0,"['{\n    ""ecDNA"": 3\n}', '```json\n{\n  ""ecDNA"": 0\n}\n```', '{\n""ecDNA"": 1\n}', '{\n    ""ecDNA"": 0\n}']"
170,1337.tif,2,0,4,"['{\n  ""ecDNA"": 3\n}', '```json\n{\n  ""ecDNA"": 0\n}\n```', '{\n  ""ecDNA"": 1\n}', '{\n  ""ecDNA"": 1\n}']"
171,134.tif,0,15,20,"['{\n""ecDNA"": 3\n}', '{\n  ""ecDNA"": 0\n}', '```json\n{\n  ""ecDNA"": 0\n}\n```', '{""ecDNA"": 1}']"
172,1341.tif,1,0,0,"['{\n  ""ecDNA"": 3\n}', '{\n  ""ecDNA"": 0\n}', '{\n  ""ecDNA"": 0\n}', '{\n""ecDNA"": 0\n}']"
173,1342.tif,1,0,0,"['{\n  ""ecDNA"": 3\n}', '{\n""ecDNA"": 0\n}', '{\n""ecDNA"": 1\n}', '{\n    ""ecDNA"": 7\n}']"
174,1345.tif,2,0,3,"['{\n    ""ecDNA"": 3\n}', '{\n  ""ecDNA"": 0\n}', '{\n  ""ecDNA"": 0\n}', '{\n  ""ecDNA"": 1\n}']"
175,1346.tif,1,0,0,"['{\n  ""ecDNA"": 2\n}', '{\n""ecDNA"": {\n""count"": 0\n}\n}', '{\n  ""ecDNA"": 1\n}', '{\n""ecDNA"": 7\n}']"
176,1349.tif,0,24,20,"['{\n  ""ecDNA"": 10\n}', '{\n  ""ecDNA"": 0\n}', '{""ecDNA"": {""count"": 0}}', '{\n""ecDNA"": ""7""\n}']"
177,135.tif,0,8,24,"['{\n  ""ecDNA"": 0\n}', '{""ecDNA"": 0}', '{""ecDNA"": 1}', '{\n  ""ecDNA"": 1\n}']"
178,1350.tif,0,17,33,"['{\n  ""ecDNA"": 3\n}', '{ecDNACount: 0}', '{\n  ""ecDNA"": 1\n}', '{\n""ecDNA"": 0\n}']"
179,1352.tif,6,0,5,"['{\n    ""ecDNA"": 0\n}', '{""ecDNA"": {""count"": 0}}', '```json\n{\n  ""ecDNA"": 0\n}\n```', '{\n    ""ecDNA"": 0\n}']"
180,1353.tif,0,22,22,"['{""ecDNA"": 3}', '{\n  ""ecDNA"": {\n    ""value"": 0,\n    ""status"": ""none""\n  }\n}', '{\n  ""ecDNA"": 1\n}', '{\n    ""ecDNA"": 7\n}']"
181,1354.tif,0,18,23,"['{\n    ""ecDNA"": 2\n}', '{""ecDNA"": 0}', '{\n  ""ecDNA"": 0\n}', '{\n  ""ecDNA"": 0\n}']"
182,1369.tif,2,23,11,"['{\n  ""ecDNA"": 3\n}', ""I'm sorry, but I need more information about your request. Can you please provide me with more details or clarify your question?"", '```json\n{\n  ""ecDNA"": 1\n}\n```', '{\n  ""ecDNA"": 1\n}']"
183,137.tif,0,1,3,"['{\n  ""ecDNA"": 0\n}', '{\n    ""ecDNA"": 0\n}', '{\n    ""ecDNA"": {\n        ""value"": 0,\n        ""description"": ""Circular structures in cell images.""\n    }\n}', '{\n  ""count"": 1\n}']"
184,1370.tif,0,3,1,"['{\n  ""ecDNA"": 3\n}', '{\n  ""ecDNA"": 0\n}', '{\n  ""ecDNA"": 1\n}', '{\n""ecDNA"": 0\n}']"
185,1373.tif,0,35,14,"['{\n  ""ecDNA"": {\n    ""count"": 3\n  }\n}', 'I am sorry, but I cannot provide an answer without knowing the actual number of ecDNA in the image. Please provide the count of ecDNA in your question.', '```json\n[1]\n```', '{\n  ""ecDNA"": 1\n}']"
186,1374.tif,0,16,6,"['```json\n[10]\n```', '{\n""ecDNA"": 0\n}', '{\n  ""ecDNA"": 0\n}', '{\n  ""ecDNA"": 7\n}']"
187,1376.tif,1,0,0,"['{\n  ""ecDNA"": 3\n}', '{\n  ""ecDNA"": 0\n}', '```json\n{\n  ""ecDNA"": 1\n}\n```', '{\n  ""ecDNA"": 7\n}']"
188,1377.tif,1,0,0,"['{\n  ""ecDNA"": 3\n}', '{\n  ""ecDNA"": 0\n}', '```json\n{\n  ""ecDNA"": 1\n}\n```', '{\n  ""ecDNA"": 1\n}']"
189,138.tif,0,3,7,"['{""ecDNA"": 0}', '{\n  ""ecDNA"": 0\n}', '```json\n{\n  ""ecDNA"": 0\n}\n```', '{\n  ""ecDNA"": 7\n}']"
190,1380.tif,1,0,0,"['{\n  ""ecDNA"": 3\n}', '```json\n{""ecDNA"": 0}\n```', '{\n  ""ecDNA"": 0\n}', '{\n  ""ecDNA"": 0\n}']"
191,1381.tif,1,0,0,"['{\n  ""ecDNA"": 3\n}', '{\n  ""ecDNA"": {\n    ""count"": 0\n  }\n}', '{""ecDNA"": 0}', '{\n  ""ecDNA"": 1\n}']"
192,1389.tif,0,30,5,"['{\n  ""ecDNA"": 3\n}', '{\n  ""ecDNA"": 0\n}', '{""ecDNA"": 1}', '{\n  ""ecDNA"": 0\n}']"
193,1390.tif,0,21,11,"['{""ecDNA"": 5}', '{""ecDNA"": 0}', '{\n  ""ecDNA"": 0\n}', '{\n  ""ecDNA"": 0\n}']"
194,1393.tif,0,15,6,"['{\n  ""ecDNA"": 0\n}', '```json\n{\n  ""ecDNA"": 0\n}\n```', '{""ecDNA"": 1}', '{\n  ""ecDNA"": 7\n}']"
195,1394.tif,0,15,9,"['{\n  ""ecDNA"": 2\n}', '{\n""ecDNA"": 0\n}', '{\n  ""ecDNA"": 1\n}', '{\n""ecDNA"": 1\n}']"
196,14.tif,0,8,0,"['{\n  ""ecDNA"": 2\n}', '{\n""ecDNA"": 0\n}', '{\n  ""ecDNA"": 1\n}', '```json\n{\n  ""ecDNA"": 1\n}\n```']"
197,1405.tif,0,7,12,"['{\n  ""ecDNA"": 3\n}', '{ecDNA_count: 0}', '{\n  ""ecDNA"": 1\n}', '{\n""ecDNA"": 7\n}']"
198,1406.tif,0,8,7,"['{\n  ""ecDNA"": 1\n}', '{\n  ""ecDNA"": {\n    ""value"": 0,\n    ""unit"": ""count""\n  }\n}', '```json\n{\n  ""ecDNA"": {\n    ""value"": 1\n  }\n}\n```', '{\n""ecDNA"": 0\n}']"
199,1408.tif,0,1,12,"['{\n""ecDNA"": {\n""count"": 3\n}\n}', '{\n    ""ecDNA"": 0\n}', '{\n""ecDNA"": 1\n}', '{\n  ""count"": 7\n}']"
200,1409.tif,0,18,11,"['{""ecDNA"": 5}', '{\n  ""ecDNA"": 0\n}', '{\n  ""ecDNA"": 0\n}', '{\n  ""ecDNA"": 1\n}']"
201,1410.tif,0,23,17,"['{\n  ""ecDNA"": 2\n}', '{""ecDNA"": 0}', '{\n  ""ecDNA"": 1\n}', '{\n  ""ecDNA"": 8\n}']"
202,1411.tif,0,7,4,"['{\n""ecDNA"": 3\n}', '{""ecDNA"": 0}', '{\n  ""ecDNA"": 1\n}', '{\n    ""count"": 1\n}']"
203,1413.tif,0,14,10,"['{\n""ecDNA"": 20\n}', '{\n  ""ecDNA"": 0\n}', '{\n  ""count"": 1\n}', '```json\n{\n  ""ecDNA"": 1\n}\n```']"
204,1414.tif,0,13,19,"['{\n""ecDNA"": 2\n}', '{""ecDNA"": 0}', '{\n  ""ecDNA"": {\n    ""value"": 1,\n    ""unit"": ""EC""\n  }\n}', '{\n  ""ecDNA"": 7\n}']"
205,1415.tif,0,3,2,"['{\n  ""ecDNA"": 10\n}', '{""ecDNA"": {""value"": 0}}', '{\n  ""ecDNA"": 1\n}', '{\n    ""ecDNA"": 1\n}']"
206,1425.tif,0,8,2,"['{""ecDNA"": 5}', '{\n  ""ecDNA"": 0\n}', '```json\n{\n  ""ecDNA"": 0\n}\n```', '{\n  ""ecDNA"": 7\n}']"
207,1426.tif,0,3,4,"['{\n  ""ecDNA"": 3\n}', '{\n  ""ecDNA"": 0\n}', '{\n  ""ecDNA"": 1\n}', '{\n  ""ecDNA"": 0\n}']"
208,1428.tif,0,2,2,"['{\n  ""ecDNA"": 1\n}', '{\n  ""ecDNA"": 0\n}', '{\n  ""count"": 0\n}', '{""ecDNA"": 1}\nThank you for the information. I see that the image has 1 ecDNA.']"
209,1429.tif,0,29,47,"['{\n    ""ecDNA"": 1\n}', '{""ecDNA"": 0}', '```json\n{\n  ""ecDNA"": 1\n}\n```', '```json\n{\n  ""ecDNA"": 8\n}\n```']"
210,1430.tif,0,23,36,"['{\n    ""ecDNA"": 1234567890\n}', '{\n  ""count"": 0\n}', '{\n  ""ecDNA"": 0\n}', '{\n  ""count"": 5\n}']"
211,1433.tif,0,10,13,"['{\n""ecDNA"": 5\n}', '{\n  ""ecDNA"": 0\n}', '{""count"": 1}', '{\n  ""ecDNA"": 1\n}']"
212,1434.tif,0,8,14,"['{\n  ""ecDNA"": 1\n}', '{\n""ecDNA"": 0\n}', '{\n""ecDNA"": 1\n}', '{\n""ecDNA"": 0\n}']"
213,1444.tif,0,1,0,"['```json\n{\n  ""ecDNA"": 3\n}\n```', '{""ecDNA"": 0}', '{\n  ""ecDNA"": 0\n}', '{\n  ""ecDNA"": 7\n}']"
214,1445.tif,0,2,0,"['{\n  ""ecDNA"": 5\n}', '```json\n{\n  ""ecDNA"": 0\n}\n```', '```json\n{\n  ""ecDNA"": {\n    ""value"": 1\n  }\n}\n```', '```json\n{\n  ""ecDNA"": 7\n}\n```']"
215,1446.tif,0,1,1,"['{\n    ""ecDNA"": 3\n}', '{""ecDNA"": {""value"": 0}}', '{\n  ""ecDNA"": 1\n}', '{\n  ""ecDNA"": 1\n}']"
216,1448.tif,0,6,0,"['{\n    ""ecDNA"": 0\n}', '{""ecDNA"": 0}', '{\n  ""ecDNA"": 0\n}', '{\n  ""ecDNA"": 0\n}']"
217,1449.tif,0,16,4,"['{\n  ""ecDNA"": 0\n}', '{\n    ""ecDNA"": 0\n}', '{\n  ""ecDNA"": 0\n}', '{\n  ""ecDNA"": 7\n}']"
218,145.tif,0,10,30,"['```json\n[\n  3\n]\n```', '{\n    ""ecDNA"": 0\n}', '```json\n{\n  ""ecDNA"": 1\n}\n```', '{\n  ""ecDNA"": 1\n}']"
219,1450.tif,0,32,5,"['{\n  ""ecDNA"": 3\n}', '```json\n{""ecDNA"": 0}\n```', '{\n  ""ecDNA"": 1\n}', '{\n  ""ecDNA"": 0\n}']"
220,1451.tif,0,9,1,"['{\n  ""ecDNA"": 3\n}', '{\n  ""ecDNA"": 0\n}', '{\n  ""ecDNA"": 1\n}', '{\n    ""ecDNA"": 1\n}']"
221,1453.tif,0,13,1,"['{\n  ""ecDNA"": 0\n}', '{\n  ""ecDNA"": 0\n}', '{\n  ""ecDNA"": 1\n}', '{\n    ""ecDNA"": 7\n}']"
222,1454.tif,0,11,1,"['```json\n[\n  {\n    ""count"": 1\n  }\n]\n```', '{\n  ""ecDNA"": 0\n}', '```json\n{\n  ""ecDNA"": 1\n}\n```', '{\n  ""ecDNA"": 8\n}']"
223,146.tif,0,6,26,"['{\n""ecDNA"": 2\n}', '{\n  ""ecDNA"": 0\n}', '{""ecDNA"": 1}\nThank you for the information. I see that the image contains 1 ecDNA.', '{\n  ""ecDNA"": {\n    ""count"": 8\n  }\n}']"
224,1460.tif,1,0,0,"['{\n  ""ecDNA_count"": 3\n}', '{""ecDNA"": 0}', '{\n""ecDNA"": 1\n}', '```json\n{\n  ""ecDNA"": 1\n}\n```']"
225,1465.tif,0,8,5,"['{\n  ""ecDNA"": 4\n}', '{\n  ""ecDNA"": 0\n}', '{\n  ""count"": 0\n}', '{\n    ""ecDNA"": 1\n}']"
226,1468.tif,0,15,3,"['{\n  ""ecDNA"": 3\n}', '{\n  ""ecDNA"": 0\n}', '{\n  ""count"": 0\n}', '{\n""ecDNA"": 0\n}']"
227,1469.tif,0,30,18,"['{\n  ""ecDNA"": 0\n}', '{\n  ""ecDNA"": 0\n}', '{""ecDNA"": 1}', '{\n  ""ecDNA"": 5\n}']"
228,1470.tif,0,11,11,"['{\n  ""ecDNA"": 3\n}', '{\n  ""ecDNA"": {\n    ""count"": 0\n  }\n}', '{\n""ecDNA"": 1\n}', '```json\n{\n  ""ecDNA"": 7\n}\n```']"
229,1473.tif,0,16,15,"['{\n""ecDNA"": 0\n}', '{\n""ecDNA"": 0\n}', '{\n  ""ecDNA"": 1\n}', '```json\n{\n  ""ecDNA"": 1\n}\n```']"
230,1474.tif,0,6,15,"['{\n    ""ecDNA"": 0\n}', '{""ecDNA"": 0}', '{\n  ""count"": 0\n}', '{\n""ecDNA"": ""7""\n}']"
231,148.tif,0,6,30,"['{\n    ""ecDNA"": 0\n}', '{\n  ""ecDNA"": 0\n}', '```json\n{\n  ""ecDNA"": 1\n}\n```', '{\n    ""ecDNA"": 0\n}']"
232,1480.tif,1,0,0,"['{\n  ""ecDNA"": 3\n}', '{""ecDNA"": 0}', '{\n  ""ecDNA"": 1\n}', '{\n    ""ecDNA"": 1\n}']"
233,1484.tif,1,0,0,"['{\n  ""ecDNA"": 0\n}', '{""ecDNA"": 0}', '```json\n{\n  ""ecDNA"": 1\n}\n```', '{\n  ""ecDNA"": 7\n}']"
234,1485.tif,0,2,8,"['{\n  ""ecDNA"": 3\n}', '{\n  ""ecDNA"": 0\n}', '{\n  ""ecDNA"": 1\n}', '{\n  ""ecDNA"": 0\n}']"
235,1489.tif,0,35,55,"['```json\n[{""ecDNA"": 4}]\n```', '{\n  ""ecDNA"": 0\n}', '{""count"": 0}', '{\n  ""count"": 7\n}']"
236,149.tif,0,30,81,"['{""ecDNA"": 3}', '{\n""ecDNA"": 0\n}', '{\n  ""ecDNA"": 1\n}', '{\n""ecDNA"": 1\n}']"
237,1490.tif,0,14,18,"['{\n  ""ecDNA"": 5\n}', '{\n  ""ecDNA"": 0\n}', '```json\n{\n  ""ecDNA"": 1\n}\n```', '{\n    ""ecDNA"": 0\n}']"
238,1492.tif,0,1,0,"['{\n  ""ecDNA"": 0\n}', '```json\n{\n  ""ecDNA"": {\n    ""value"": 0\n  }\n}\n```', '{\n  ""ecDNA"": 1\n}', '{\n    ""ecDNA"": 7\n}']"
239,1493.tif,0,28,22,"['```json\n[3]\n```', '```json\n{""ecDNA"": 0}\n```', '{\n  ""ecDNA"": {\n    ""count"": 1\n  }\n}', '{\n  ""ecDNA"": 7\n}']"
240,1494.tif,0,13,10,"['{\n  ""ecDNA"": 3\n}', '{\n  ""ecDNA"": 0\n}', '{\n  ""ecDNA"": {\n    ""count"": 1\n  }\n}', '{\n""ecDNA"": 1,\n""ecDNA"": 0,\n""ecDNA"": 1\n}']"
241,15.tif,5,2,1,"['{\n  ""ecDNA"": 0\n}', '{\n  ""ecDNA"": 0\n}', '{\n  ""ecDNA"": 1\n}', '{\n  ""ecDNA"": 1\n}']"
242,150.tif,0,15,61,"['{\n""ecDNA"": 3\n}', '```json\n{\n  ""ecDNA"": 0\n}\n```', '{\n""ecDNA"": 1\n}', '{\n  ""ecDNA"": 7\n}']"
243,1508.tif,1,1,2,"['{\n  ""ecDNA"": 3\n}', '{\n  ""ecDNA"": 0\n}', '{\n""ecDNA"": 0\n}', '{\n""ecDNA"": 5\n}']"
244,1509.tif,0,8,13,"['{\n""ecDNA"": 0\n}', '{\n""ecDNA"": 0\n}', '{\n  ""count"": 0\n}', '{\n""ecDNA"": 1\n}']"
245,151.tif,0,7,37,"['{\n    ""ecDNA"": {\n        ""count"": 2\n    }\n}', '{""ecDNA"": {""value"": 0}}', '{\n  ""ecDNA"": 1\n}', '{\n  ""ecDNA"": 0\n}']"
246,1512.tif,0,13,19,"['{\n  ""ecDNA"": {\n    ""count"": 4\n  }\n}', '{\n""ecDNA"": 0\n}', '```json\n{\n  ""ecDNA"": 1\n}\n```', '{\n""ecDNA"": 1\n}']"
247,1513.tif,0,44,33,"['{\n  ""ecDNA"": 3\n}', '{""ecDNA"":0}', '{\n""ecDNA"": 1\n}', '{\n  ""ecDNA"": 1\n}']"
248,1514.tif,0,5,15,"['```json\n{\n  ""ecDNA"": 3\n}\n```', '```json\n{\n  ""ecDNA"": 0\n}\n```', '{\n  ""ecDNA"": 1\n}', '{\n  ""ecDNA"": 1,\n  ""nuclei"": 0,\n  ""chromosomes"": 0\n}']"
249,152.tif,0,9,29,"['{\n  ""ecDNA"": 1\n}', ""I'm sorry, but as an AI language model, I am unable to provide a specific answer without more information about the image. Please provide me with more details or a clearer image so I can better understand what you need."", '{\n  ""ecDNA"": 1\n}', '{\n  ""ecDNA"": 0\n}']"
250,153.tif,0,17,55,"['{\n  ""ecDNA"": 2\n}', '{\n    ""ecDNA"": 0\n}', '{\n""ecDNA"": 1\n}', '{\n  ""ecDNA"": 7\n}']"
251,1532.tif,1,0,3,"['{\n  ""ecDNA"": 3\n}', '{\n  ""ecDNA"": 0\n}', '```json\n{\n  ""ecDNA"": 0\n}\n```', '{\n  ""ecDNA"": 7\n}']"
252,1533.tif,1,0,14,"['{\n  ""ecDNA"": 20\n}', ""I'm sorry, but I cannot provide an answer without more information about the image. Could you please provide a description or a link to the image?"", '{\n  ""ecDNA"": 1\n}', '{\n""ecDNA"": 7\n}']"
253,1534.tif,0,12,32,"['{""ecDNA"": 5}', '{""ecDNA"": 0}', '{\n    ""ecDNA"": {\n        ""count"": 1\n    }\n}', '{\n  ""count"": 1\n}']"
254,1536.tif,1,0,0,"['{""ecDNA"": 3}', '{\n    ""ecDNA"": 0\n}', '{\n    ""ecDNA"": 1\n}', '{""ecDNA"": 8}']"
255,1537.tif,0,13,21,"['{\n  ""ecDNA"": 3\n}', '{\n  ""ecDNA"": 0\n}', '{\n  ""ecDNA"": 1\n}', '```json\n{\n  ""ecDNA"": 1\n}\n```']"
256,1538.tif,16,16,25,"['{\n  ""ecDNA"": 0\n}', '{\n  ""ecDNA"": {\n    ""count"": 3\n  }\n}', '{""count"": 0}', '{\n  ""ecDNA"": 1\n}']"
257,154.tif,0,20,62,"['```json\n{\n  ""ecDNA"": 3\n}\n```', '```json\n{\n  ""ecDNA"": 0\n}\n```', '```json\n{\n  ""ecDNA"": 0\n}\n```', '{\n  ""ecDNA"": 0\n}']"
258,1543.tif,1,0,0,"['{""ecDNA"": 2}', '```json\n{\n  ""ecDNA"": 0\n}\n```', '{\n""ecDNA"": 1\n}', '{\n""ecDNA"": ""1""\n}']"
259,1549.tif,0,11,13,"['{\n  ""ecDNA"": 2\n}', '{\n""ecDNA"": 0\n}', '{\n""ecDNA"": 1\n}', '{\n""ecDNA"": 1\n}']"
260,155.tif,0,7,13,"['{\n  ""ecDNA"": 0\n}', '{\n  ""count"": 0\n}', '{\n    ""ecDNA"": 1\n}', '{\n  ""ecDNA"": 1\n}']"
261,1550.tif,0,7,14,"['{\n  ""ecDNA"": 45\n}', '{\n    ""count"": 0\n}', '{\n""ecDNA"": 1\n}', '{\n""ecDNA"": 7\n}']"
262,1552.tif,0,2,1,"['{\n  ""ecDNA"": 0\n}', '{\n""ecDNA"": 0\n}', '```json\n{\n  ""ecDNA"": 1\n}\n```', '{\n  ""ecDNA"": 0\n}']"
263,1553.tif,0,34,45,"['{""ecDNA"": 3}', '{\n  ""count"": 0\n}', '{\n  ""ecDNA"": 0\n}', '{\n  ""count"": 0\n}']"
264,1554.tif,0,29,32,"['{\n  ""ecDNA"": 0\n}', '{\n""ecDNA"": 0\n}', '{\n  ""ecDNA"": 1\n}', '{\n""ecDNA"": 7\n}']"
265,1557.tif,0,5,9,"['{\n  ""ecDNA"": 3\n}', '```json\n{\n  ""ecDNA"": 0\n}\n```', '{\n  ""ecDNA"": 0\n}', '{\n""ecDNA"": 1\n}']"
266,1558.tif,0,8,6,"['{\n    ""ecDNA"": 0\n}', '{\n    ""ecDNA"": 0\n}', '{\n  ""ecDNA"": 1\n}', '{\n    ""ecDNA"": 1\n}']"
267,1562.tif,1,0,0,"['{""ecDNA"": 0}', '```json\n{\n""ecDNA"": 0\n}\n```', '```json\n{\n  ""ecDNA"": 1\n}\n```', '{\n    ""ecDNA"": 0\n}']"
268,1569.tif,0,14,28,"['{\n  ""ecDNA"": 3\n}', '{""ecDNA"": 0}', '{\n  ""ecDNA"": 1\n}', '{""ecDNA"": 1}']"
269,157.tif,0,3,28,"['{\n  ""ecDNA"": 5\n}', '{\n  ""ecDNA"": 0\n}', '```json\n{\n  ""ecDNA"": 1\n}\n```', '{ecDNA: 0}']"
270,1570.tif,0,8,16,"['{\n""ecDNA"": 3\n}', '{\n""ecDNA"": 0\n}', '```json\n{\n  ""ecDNA"": 1\n}\n```', '{\n  ""count"": 8\n}']"
271,1573.tif,0,21,42,"['{\n  ""ecDNA"": 3\n}', '{\n""ecDNA"": 0\n}', '{\n  ""ecDNA"": 0\n}', '{\n  ""ecDNA"": 1\n}']"
272,1574.tif,0,9,11,"['{\n  ""ecDNA"": 3\n}', '{\n  ""ecDNA"": 0\n}', '```json\n[1]\n```', '{\n  ""ecDNA"": 7\n}']"
273,1588.tif,0,2,0,"['{\n  ""ecDNA"": 3\n}', '{\n  ""ecDNA"": 0\n}', '{\n  ""ecDNA"": 0\n}', '{\n  ""ecDNA"": 1\n}']"
274,1589.tif,0,25,14,"['{\n  ""ecDNA"": 2\n}', '{\n  ""ecDNA"": 0\n}', '{\n    ""ecDNA"": 0\n}', '```json\n{\n  ""count"": 7\n}\n```']"
275,1590.tif,0,23,18,"['{\n    ""ecDNA"": 0\n}', '{\n  ""ecDNA"": 0\n}', '{\n""ecDNA"": 0\n}', '{\n  ""ecDNA"": {\n    ""count"": 7\n  }\n}']"
276,1592.tif,0,6,1,"['{""ecDNA"": 0}', '{\n  ""ecDNA"": 0\n}', '{\n  ""ecDNA"": 1\n}', '```json\n{\n  ""ecDNA"": 8\n}\n```']"
277,1593.tif,0,31,18,"['{\n  ""ecDNA"": 0\n}', '{\n""ecDNA"": 0\n}', '{\n  ""ecDNA"": 1\n}', '{""ecDNA"": 1}']"
278,1594.tif,1,22,24,"['{""ecDNA"": 5}', '```json\n{\n  ""ecDNA"": 0\n}\n```', '```json\n{\n  ""ecDNA"": 0\n}\n```', '{\n    ""ecDNA"": 0\n}']"
279,1595.tif,15,0,5,"['{\n""ecDNA"": 2\n}', '{\n  ""ecDNA"": {\n    ""value"": 0\n  }\n}', '{\n  ""ecDNA"": 0\n}', '{\n  ""ecDNA"": 0\n}']"
280,1597.tif,0,1,4,"['{\n  ""ecDNA"": 3\n}', '{\n  ""ecDNA"": 0\n}', '```json\n{\n  ""ecDNA"": 1\n}\n```', '{\n  ""ecDNA"": 1\n}']"
281,1598.tif,1,3,0,"['{\n""ecDNA"": 3\n}', '{""ecDNA"": {""count"": 1}}', '{\n  ""count"": 1\n}', '{\n  ""count"": 0\n}']"
282,1599.tif,1,0,0,"['```json\n{\n  ""ecDNA"": 123\n}\n```', '{\n  ""ecDNA"": 0\n}', '{\n  ""ecDNA"": 0\n}', '{\n    ""ecDNA"": 1\n}']"
283,16.tif,4,8,6,"['{\n  ""ecDNA"": 2\n}', '{\n  ""ecDNA"": {\n    ""count"": 0\n  }\n}', '```json\n{\n  ""ecDNA"": 0\n}\n```', '{\n""ecDNA"": 0\n}']"
284,1605.tif,0,3,0,"['{\n  ""ecDNA"": 3\n}', '{\n  ""ecDNA"": 0\n}', '```json\n{\n  ""ecDNA"": {\n    ""total"": 0\n  }\n}\n```', '{\n  ""ecDNA"": 8\n}']"
285,1606.tif,0,3,0,"['{\n  ""ecDNA"": 0\n}', '{\n  ""ecDNA"": 0\n}', '{\n  ""ecDNA"": {\n    ""value"": 1,\n    ""units"": ""count""\n  }\n}', '{\n  ""ecDNA"": 1\n}']"
286,1609.tif,0,40,11,"['{\n  ""ecDNA"": {\n    ""count"": 1\n  }\n}', '{\n""ecDNA"": 0\n}', '```json\n{\n  ""ecDNA"": 1\n}\n```', '{\n  ""ecDNA"": 7\n}']"
287,1610.tif,0,20,1,"['{\n  ""ecDNA"": 3\n}', '{\n  ""ecDNA"": 0\n}', 'I am sorry, but I cannot provide an answer to your question without the actual image or any additional context. Please upload the image or provide more information so I can assist you better.', '{\n  ""ecDNA"": 0\n}']"
288,1613.tif,0,15,1,"['{\n  ""ecDNA"": 3\n}', '{\n  ""ecDNA"": 0\n}', '{\n  ""count"": 0\n}', '{\n  ""ecDNA"": 0\n}']"
289,1614.tif,0,17,2,"['{\n""ecDNA"": 5\n}', '{\n  ""ecDNA"": 0\n}', '{\n  ""ecDNA"": 1\n}', '{\n  ""ecDNA"": 7\n}']"
290,162.tif,0,2,2,"['{\n    ""ecDNA"": 2\n}', ""I don't have enough information to determine the number of ecDNA in the image. Please provide more context or data about the image."", '{\n""ecDNA"": 0\n}', '{\n  ""ecDNA"": 1,\n  ""nuclei"": 1,\n  ""chromosomes"": 1\n}']"
291,1626.tif,1,0,2,"['{\n  ""ecDNA"": 0\n}', '{\n""ecDNA"": 0\n}', '{\n  ""ecDNA"": 0\n}', '```json\n{\n  ""ecDNA"": 0\n}\n```']"
292,1627.tif,2,0,0,"['{\n""ecDNA"": 5\n}', '{\n  ""ecDNA"": 0\n}', '{\n  ""ecDNA"": {\n    ""count"": 0\n  }\n}', '{\n  ""ecDNA"": 8\n}']"
293,1628.tif,2,0,0,"['{\n  ""ecDNA"": 5\n}', '{\n  ""ecDNA"": 0\n}', '{\n  ""ecDNA"": 1\n}', '{\n""ecDNA"": 0\n}']"
294,1629.tif,0,28,42,"['{\n    ""ecDNA"": 1\n}', '{\n  ""ecDNA"": 0\n}', '{\n  ""ecDNA"": 1\n}', '{\n""ecDNA"": 7\n}']"
295,1630.tif,1,23,22,"['{\n  ""ecDNA"": 3\n}', '{\n  ""ecDNA"": 0\n}', '{\n""ecDNA"": 1\n}', '```json\n{\n  ""ecDNA"": 0\n}\n```']"
296,1631.tif,1,0,1,"['{\n  ""ecDNA"": 3\n}', '{""ecDNA_count"": 0}', '{\n  ""ecDNA"": 1\n}', '{\n  ""ecDNA"": 7\n}']"
297,1633.tif,0,27,32,"['{\n  ""ecDNA"": 3\n}', '{\n  ""ecDNA"": {\n    ""count"": 0\n  }\n}', '{\n    ""ecDNA"": 1\n}', '{\n  ""ecDNA"": 7\n}']"
298,1634.tif,0,22,31,"['{\n  ""ecDNA"": 4\n}', '{\n""ecDNA"": 0\n}', '{\n  ""ecDNA"": 1\n}', '{\n    ""ecDNA"": 0\n}']"
299,1637.tif,0,7,10,"['{\n    ""ecDNA"": 0\n}', ""I'm sorry, but I cannot provide an answer without knowing the actual image or the number of ecDNA present. Please provide more information so I can assist you better."", '{\n  ""ecDNA"": 1\n}', '{\n""ecDNA"": 0\n}']"
300,1638.tif,0,3,2,"['{""ecDNA"": 3}', '{\n  ""count"": 0\n}', '{\n  ""ecDNA"": 1\n}', '{\n  ""count"": 1\n}']"
301,1645.tif,0,2,2,"['{\n    ""ecDNA"": 2\n}', '{\n  ""count"": 0\n}', '{\n  ""ecDNA"": 1\n}', '```json\n{\n  ""ecDNA"": 7\n}\n```']"
302,1648.tif,0,2,1,"['{\n  ""ecDNA"": 5\n}', '{\n  ""ecDNA"": 0\n}', '{\n  ""count"": 1\n}', '```json\n{\n  ""ecDNA"": 7\n}\n```']"
303,1649.tif,0,56,14,"['{\n  ""ecDNA"": 2\n}', '{\n""ecDNA"": 0\n}', '{\n""ecDNA"": 0\n}', '```json\n{\n  ""ecDNA"": 7\n}\n```']"
304,165.tif,0,7,18,"['{""ecDNA"": 3}', '{\n  ""ecDNA"": 0\n}', '{\n  ""ecDNA"": 1\n}', '{\n""ecDNA"": 1\n}']"
305,1650.tif,0,11,1,"['{\n    ""ecDNA"": 3\n}', '```json\n{\n  ""ecDNA"": 0\n}\n```', '{\n  ""ecDNA"": 0\n}', '```json\n{\n  ""ecDNA"": 7\n}\n```']"
306,1653.tif,0,11,6,"['{\n  ""ecDNA"": 3\n}', '{\n  ""ecDNA"": 0\n}', '{\n  ""count"": 0\n}', '{\n  ""ecDNA"": 1\n}']"
307,166.tif,0,27,65,"['{\n""ecDNA"": 5\n}', '{\n  ""ecDNA"": 0\n}', '```json\n{\n  ""ecDNA"": 1\n}\n```', '{\n""ecDNA"": 0\n}']"
308,1661.tif,1,2,0,"['{\n  ""ecDNA"": 3\n}', '{""ecDNA"": 0}', '{\n  ""ecDNA"": 1\n}', '{\n    ""ecDNA"": 1\n}']"
309,1662.tif,2,2,0,"['{\n    ""ecDNA"": 0\n}', '```json\n{\n  ""count"": 0\n}\n```', '{\n  ""ecDNA"": 1\n}', '{\n    ""count"": 8\n}']"
310,1665.tif,1,0,0,"['{\n  ""ecDNA"": 3\n}', '{""ecDNA"": 0}', '{\n  ""ecDNA"": 1\n}', '```json\n{\n  ""ecDNA"": 1\n}\n```']"
311,1666.tif,3,1,1,"['{\n    ""ecDNA"": 4\n}', '{\n  ""ecDNA"": 0\n}', '{\n""ecDNA"": 1\n}', '{\n  ""ecDNA"": 7\n}']"
312,1669.tif,0,19,13,"['```json\n[""3""]\n```', '{\n    ""ecDNA"": 0\n}', '{\n  ""ecDNA"": 1\n}', '{\n  ""ecDNA"": 7\n}']"
313,167.tif,0,30,42,"['{\n  ""ecDNA"": 42\n}', '{""ecDNA"": 0}', '{\n  ""ecDNA"": 0\n}', '```json\n{""ecDNA"": 8}\n```']"
314,1670.tif,1,41,36,"['{\n  ""ecDNA_count"": 3\n}', '{\n  ""ecDNA"": {\n    ""count"": 0\n  }\n}', '```json\n{\n  ""ecDNA"": 1\n}\n```', '{\n  ""ecDNA"": 1\n}']"
315,1671.tif,4,15,11,"['{\n""ecDNA"": 0\n}', '{\n    ""ecDNA"": 0\n}', '```json\n{\n  ""ecDNA"": {\n    ""value"": 0,\n    ""unit"": ""ECDNA""\n  }\n}\n```', '{\n  ""ecDNA"": 1\n}']"
316,1673.tif,0,6,10,"['{\n  ""ecDNA"": {\n    ""count"": 3\n  }\n}', '{\n  ""ecDNA"": 0\n}', '{\n  ""count"": 1\n}', '```json\n[7]\n```']"
317,1674.tif,1,24,13,"['```json\n{\n  ""ecDNA"": 0\n}\n```', '{\n    ""ecDNA"": 0\n}', '{\n  ""ecDNA"": 1\n}', '{\n  ""ecDNA"": 1\n}']"
318,1675.tif,1,2,0,"['```json\n{\n  ""ecDNA"": 3\n}\n```', '{\n    ""ecDNA"": 0\n}', '{""ecDNA"": 1}', '{\n  ""ecDNA"": 1\n}']"
319,168.tif,0,16,7,"['{\n  ""ecDNA"": 3\n}', '```json\n{\n  ""ecDNA"": {\n    ""count"": 0\n  }\n}\n```', '```json\n{\n  ""ecDNA"": 1\n}\n```', '{\n  ""ecDNA"": 7\n}']"
320,1681.tif,0,3,0,"['{\n  ""ecDNA"": 0\n}', '{\n  ""ecDNA"": 0\n}', '{\n  ""ecDNA"": 1\n}', '{\n  ""ecDNA"": 1\n}']"
321,1686.tif,0,5,1,"['{\n""ecDNA"": 2\n}', '```json\n{\n  ""ecDNA"": 0\n}\n```', '{\n""ecDNA"": 1\n}', '{\n  ""ecDNA"": 1\n}']"
322,1689.tif,1,3,1,"['{\n  ""ecDNA"": 3\n}', '{\n""ecDNA"": 1\n}', '{\n  ""ecDNA"": 1\n}', '{\n""ecDNA"": 7\n}']"
323,169.tif,0,23,24,"['{\n  ""ecDNA"": 2\n}', '{\n""ecDNA"": 0\n}', '```json\n{\n  ""ecDNA"": {\n    ""value"": 1,\n    ""status"": ""ok""\n  }\n}\n```', '{\n  ""ecDNA"": 0\n}']"
324,1690.tif,0,36,7,"['{\n  ""ecDNA"": 3\n}', '{\n""ecDNA"": 0\n}', '{\n""ecDNA"": 1\n}', '{\n    ""ecDNA"": 1\n}']"
325,1691.tif,0,8,2,"['{\n    ""ecDNA"": 3\n}', '{\n""ecDNA"": 10\n}', '{\n  ""ecDNA"": 1\n}', '{\n    ""ecDNA"": 8\n}']"
326,1693.tif,1,0,0,"['{\n  ""ecDNA"": 2\n}', '```json\n{""ecDNA"": 0}\n```', '{\n  ""ecDNA"": 1\n}', '{\n  ""count"": 9\n}']"
327,1694.tif,0,15,11,"['```json\n{\n  ""ecDNA"": 5\n}\n```', '{\n    ""ecDNA"": 0\n}', '{\n    ""ecDNA"": 1\n}', '{\n  ""ecDNA"": 0\n}']"
328,1695.tif,0,15,3,"['{\n  ""ecDNA"": 0\n}', '{""ecDNA_count"": 0}', '{\n    ""ecDNA"": 1\n}', '{\n  ""count"": 7\n}']"
329,17.tif,1,0,0,"['{\n  ""ecDNA"": 3\n}', '{""ecDNA"": 0}', '```json\n{\n  ""ecDNA"": 1\n}\n```', '{\n""ecDNA"": 7\n}']"
330,170.tif,0,18,49,"['{""ecDNA"": 3}', '{\n  ""ecDNA"": 0\n}', '{\n""ecDNA"": 0\n}', '{\n  ""count"": 7\n}']"
331,1705.tif,0,2,0,"['{\n  ""ecDNA"": 1\n}', '{""ecDNA"": 0}', '```json\n{\n  ""ecDNA"": {\n    ""count"": 1\n  }\n}\n```', '{\n  ""ecDNA"": 0\n}']"
332,1706.tif,0,2,1,"['{\n  ""ecDNA"": 0\n}', '{\n  ""ecDNA"": {\n    ""count"": 0\n  }\n}', '{\n""ecDNA"": 1\n}', '{\n  ""ecDNA"": 0\n}']"
333,1709.tif,0,18,3,"['```json\n[1]\n```', '{\n  ""ecDNA"": {\n    ""count"": 0\n  }\n}', '{""ecDNA"": 0}', '```json\n[7]\n```']"
334,171.tif,2,11,11,"['{\n""ecDNA"": 3\n}', '{\n""ecDNA"": 0\n}', '{\n  ""ecDNA"": 1\n}', '```json\n{\n  ""ecDNA"": 0\n}\n```']"
335,1710.tif,0,32,5,"['```json\n{\n  ""ecDNA"": 2\n}\n```', '{\n    ""ecDNA"": 0\n}', '{\n""ecDNA"": 1\n}', '```json\n[7]\n```']"
336,1711.tif,0,1,2,"['{\n  ""ecDNA"": 1\n}', '{\n    ""ecDNA"": 0\n}', '{\n  ""ecDNA"": {\n    ""value"": 1,\n    ""unit"": ""ECDNA""\n  }\n}', '```json\n{\n  ""ecDNA"": 8\n}\n```']"
337,1713.tif,0,12,5,"['{\n  ""ecDNA"": 4\n}', '{\n  ""ecDNA"": 0\n}', '```json\n{\n  ""count"": 1\n}\n```', '```json\n{\n  ""ecDNA"": 7\n}\n```']"
338,1714.tif,0,12,5,"['{\n  ""ecDNA"": 3\n}', '```json\n{\n  ""ecDNA"": 0\n}\n```', '{\n  ""ecDNA"": 0\n}', '{\n  ""ecDNA"": 8\n}']"
339,172.tif,0,6,6,"['{\n  ""ecDNA"": 2\n}', '{""ecDNA"": 0}', '{""ecDNA"": 0}', '{\n  ""ecDNA"": 0\n}']"
340,1720.tif,2,1,0,"['{\n  ""ecDNA"": 0\n}', '{\n  ""ecDNA"": 0\n}', '{\n  ""ecDNA"": 1\n}', '{\n""ecDNA"": 1\n}']"
341,1721.tif,1,0,0,"['```json\n{\n  ""ecDNA"": 3\n}\n```', '```json\n[0]\n```', '{\n  ""ecDNA"": 1\n}', '{\n  ""ecDNA"": 7\n}']"
342,1722.tif,0,3,6,"['{\n""ecDNA"": 3\n}', '{\n    ""ecDNA"": 0\n}', '{\n  ""ecDNA"": 0\n}', '{\n  ""ecDNA"": 8\n}']"
343,1724.tif,2,0,2,"['{\n  ""ecDNA"": 5\n}', '{""ecDNA"": 0}', '{\n    ""ecDNA"": 0\n}', '{\n  ""ecDNA"": 1\n}']"
344,1725.tif,1,1,3,"['{\n""ecDNA"": 3\n}', '{\n""ecDNA"": 0\n}', '{\n  ""count"": 0\n}', '{\n  ""count"": 1\n}']"
345,1726.tif,1,7,1,"['{\n""ecDNA"": 1\n}', '```json\n{\n  ""ecDNA"": 0\n}\n```', '{\n    ""ecDNA"": 1\n}', '{\n    ""ecDNA"": 7\n}']"
346,1727.tif,1,1,2,"['{\n  ""ecDNA"": {\n    ""value"": 0,\n    ""count"": 0\n  }\n}', '{\n  ""ecDNA"": 0\n}', '{\n  ""count"": 0\n}', '{\n""ecDNA"": 7\n}']"
347,1728.tif,1,0,0,"['{\n  ""ecDNA"": 0\n}', '{\n    ""ecDNA"": 0\n}', '{\n  ""ecDNA"": 0\n}', '{\n  ""ecDNA"": 7\n}']"
348,1729.tif,3,17,9,"['{\n  ""ecDNA"": 2\n}', '{\n    ""ecDNA"": 0\n}', '```json\n{\n  ""ecDNA"": {\n    ""count"": 0\n  }\n}\n```', '{\n  ""ecDNA"": {\n    ""value"": 8\n  }\n}']"
349,173.tif,0,35,29,"['{""ecDNA"": 2}', '{\n""ecDNA"": 0\n}', '{\n  ""ecDNA"": 1\n}', '{\n  ""ecDNA"": 7\n}']"
350,1730.tif,0,41,16,"['{\n  ""ecDNA"": 3\n}', '{\n  ""ecDNA"": 0\n}', '{\n""ecDNA"": 1\n}', '{""ecDNA"": 7}']"
351,1731.tif,0,4,10,"['```json\n[2]\n```', '```json\n{\n  ""ecDNA"": 0\n}\n```', '{\n""ecDNA"": 1\n}', '{\n  ""ecDNA"": 1\n}']"
352,1732.tif,1,5,7,"['{\n  ""ecDNA"": {\n    ""total"": 5,\n    ""size"": 30.78\n  }\n}', '{\n  ""ecDNA"": 0\n}', '```json\n{\n  ""ecDNA"": {\n    ""count"": 1\n  }\n}\n```', '```json\n{""ecDNA"": 1}\n```']"
353,1733.tif,2,1,1,"['{\n  ""ecDNA"": 3\n}', '{\n  ""ecDNA"": {\n    ""count"": 0\n  }\n}', '{\n  ""ecDNA"": 1\n}', '{\n  ""ecDNA"": 1\n}']"
354,1734.tif,1,15,5,"['{\n""ecDNA"": 5\n}', '```json\n{\n  ""ecDNA"": 0\n}\n```', ""I'm sorry, but it seems like there is no image provided. Please upload an image so I can analyze it and provide the necessary information."", '{\n  ""ecDNA"": 7\n}']"
355,1735.tif,0,2,11,"['{\n  ""ecDNA"": {\n    ""count"": 2048\n  }\n}', '{\n""ecDNA"": 0\n}', '{\n  ""ecDNA"": 1\n}', '{""ecDNA"": 1}']"
356,1736.tif,1,0,0,"['{\n""ecDNA"": 0\n}', '{\n  ""ecDNA"": 0\n}', '{\n""ecDNA"": 0\n}', '{\n  ""ecDNA"": 7\n}']"
357,1737.tif,3,0,0,"['{\n""ecDNA"": 0\n}', '{""ecDNA"":0}', '{\n  ""count"": 1\n}', '{\n  ""ecDNA"": 5\n}']"
358,1738.tif,1,0,1,"['{\n    ""ecDNA"": 0\n}', '{""ecDNA"": 0}', 'I am unable to perform connected component analysis on images as it requires access to the full image data which is not available in the text-based format you provided. Could you please provide me with the image data so I can assist you further?', '```json\n{\n  ""ecDNA"": 8\n}\n```']"
359,1739.tif,0,1,9,"['{\n""ecDNA"": 2\n}', '```json\n{\n  ""ecDNA"": 0\n}\n```', '{\n""ecDNA"": 0\n}', '```json\n{\n  ""count"": 0\n}\n```']"
360,174.tif,1,11,25,"['{\n  ""ecDNA"": 1\n}', '```json\n{\n  ""ecDNA"": 0\n}\n```', '{\n  ""ecDNA"": 1\n}', '{\n    ""ecDNA"": 0\n}']"
361,1740.tif,1,0,2,"['{\n""ecDNA"": 2\n}', '{\n  ""ecDNA"": 0\n}', '{\n""ecDNA"": 1\n}', '{\n  ""ecDNA"": 1\n}']"
362,1744.tif,1,0,0,"['{\n  ""ecDNA"": 3\n}', '{\n  ""count"": 0\n}', '{\n  ""ecDNA"": 0\n}', '{""ecDNA"": 1}']"
363,1745.tif,1,0,3,"['{""ecDNA"": 100}', '{\n  ""ecDNA"": 0\n}', '```json\n{\n  ""ecDNA"": 1\n}\n```', '{\n    ""ecDNA"": 0\n}']"
364,1749.tif,1,12,3,"['{\n  ""ecDNA"": 0\n}', '```json\n{\n  ""ecDNA"": 0\n}\n```', '{\n  ""ecDNA"": 1\n}', '```json\n{\n  ""ecDNA"": 7\n}\n```']"
365,175.tif,1,0,0,"['{\n""ecDNA"": 5\n}', '{\n  ""ecDNA"": 0\n}', '{\n  ""ecDNA"": 1\n}', '{\n""ecDNA"": 0\n}']"
366,1750.tif,0,38,24,"['{\n  ""ecDNA"": 0\n}', '```json\n{\n  ""ecDNA"": 0\n}\n```', '{\n  ""count"": 1\n}', '{\n    ""ecDNA"": 7\n}']"
367,1751.tif,0,4,1,"['{\n""ecDNA"": 4\n}', '{\n    ""ecDNA"": 0\n}', '{\n""ecDNA"": 0\n}', '{\n  ""ecDNA"": 7\n}']"
368,1753.tif,0,5,5,"['{\n  ""ecDNA"": 100\n}', '{\n  ""ecDNA"": 0\n}', '{\n  ""ecDNA"": 0\n}', '{\n  ""count"": 7\n}']"
369,1754.tif,0,26,12,"['{\n  ""ecDNA"": 1\n}', '{\n""ecDNA"": 0\n}', '{\n  ""ecDNA"": 1\n}', '{""ecDNA"": 7}']"
370,1755.tif,5,10,12,"['{\n""ecDNA"": 0\n}', '{""ecDNA"": 0}', '{\n  ""ecDNA"": 1\n}', '```json\n{\n  ""ecDNA"": 1\n}\n```']"
371,1758.tif,1,1,1,"['{\n""ecDNA"": 3\n}', '{""ecDNA"": 0}', '```json\n{\n  ""ecDNA"": {\n    ""count"": 0\n  }\n}\n```', '{\n  ""ecDNA"": 5\n}']"
372,1759.tif,2,0,3,"['{\n  ""ecDNA"": 3\n}', '{""ecDNA"": 0}', '```json\n{\n  ""ecDNA"": 1\n}\n```', '```json\n{\n  ""ecDNA"": 7\n}\n```']"
373,1760.tif,1,0,0,"['{\n  ""ecDNA"": 3\n}', '```json\n[0]\n```', '{\n  ""ecDNA"": 1\n}', '{\n  ""ecDNA"": 0\n}']"
374,1764.tif,1,0,0,"['{\n    ""ecDNA"": 0\n}', '```json\n{""ecDNA"": 0}\n```', '{\n  ""ecDNA"": 1\n}', '{\n  ""ecDNA"": 0\n}']"
375,1765.tif,1,0,0,"['{\n  ""ecDNA"": 5\n}', '{\n""ecDNA"": 0\n}', '{\n  ""ecDNA"": 1\n}', '{\n  ""ecDNA"": 7\n}']"
376,1766.tif,1,0,0,"['{\n""ecDNA"": {\n""count"": 1,\n""coordinates"": [\n[2086, 49],\n[2079, 49],\n[2100, 49]\n]\n}', '{\n    ""ecDNA"": 0\n}', '{\n  ""ecDNA"": 0\n}', '{\n""ecDNA"": 0\n}']"
377,1768.tif,3,0,0,"['{\n  ""ecDNA"": 5\n}', '{\n  ""ecDNA"": 0\n}', '{\n  ""ecDNA"": 1\n}', '```json\n{\n  ""ecDNA"": 7\n}\n```']"
378,1769.tif,2,5,2,"['{\n  ""ecDNA"": 2\n}', '```json\n{\n  ""ecDNA"": 0\n}\n```', '{\n  ""ecDNA"": 1\n}', '{\n  ""ecDNA"": 1\n}']"
379,1770.tif,1,51,26,"['{\n  ""ecDNA"": 3\n}', '{\n    ""ecDNA"": 0\n}', '{\n  ""ecDNA"": 1\n}', '{\n  ""ecDNA"": 7\n}']"
380,1771.tif,2,2,2,"['{""ecDNA"": 0}', '{\n  ""ecDNA"": 0\n}', '{\n  ""ecDNA"": 1\n}', '{\n""ecDNA"": 0\n}']"
381,1772.tif,2,0,0,"['{\n  ""ecDNA"": 0\n}', '{\n  ""ecDNA"": 0\n}', '{\n""ecDNA"": 1\n}', '{\n  ""ecDNA"": 7\n}']"
382,1773.tif,1,4,0,"['{\n    ""ecDNA"": 3\n}', '{\n""ecDNA"": 0\n}', '{\n  ""ecDNA"": 1\n}', '{\n  ""ecDNA"": 1,\n  ""nuclei"": 0,\n  ""chromosomes"": 0\n}']"
383,1774.tif,0,42,12,"['{\n  ""ecDNA"": 0\n}', '{""ecDNA_count"": 0}', '{\n  ""count"": 1\n}', '```json\n{\n  ""ecDNA"": 8\n}\n```']"
384,1775.tif,1,0,0,"['{\n  ""ecDNA"": 0\n}', '{\n  ""ecDNA"": 0\n}', '{\n  ""count"": 0\n}', '{\n  ""ecDNA"": 8\n}']"
385,1776.tif,1,0,0,"['{""ecDNA_count"": 2}', '{""ecDNA"": 0}', '{\n  ""ecDNA"": 1\n}', '{\n""ecDNA"": 5\n}']"
386,1779.tif,1,0,0,"['```json\n[10]\n```', '{\n  ""ecDNA"": 0\n}', '{""ecDNA"": 0}', '{\n  ""ecDNA"": 7\n}']"
387,1785.tif,0,2,1,"['{\n  ""ecDNA"": 4\n}', '{\n""ecDNA"": 0\n}', '{\n  ""ecDNA"": 0\n}', '{\n""ecDNA"": 1,\n""nuclei"": 0,\n""chromosomes"": 0\n}']"
388,1786.tif,0,4,7,"['{""ecDNA"": 3}', '```json\n{\n  ""ecDNA"": 0\n}\n```', '{\n""ecDNA"": 1\n}', '{\n""ecDNA"": 0\n}']"
389,1789.tif,0,30,8,"['```json\n[\n  {\n    ""ecDNA"": 5\n  }\n]\n```', '{""ecDNA"": 0}', '```json\n{\n  ""ecDNA"": 0\n}\n```', '{\n  ""ecDNA"": 1\n}']"
390,1790.tif,2,22,32,"['{\n  ""ecDNA"": 5\n}', '```json\n{\n  ""ecDNA"": 0\n}\n```', '```json\n{\n  ""ecDNA"": 0\n}\n```', '{\n  ""ecDNA"": 0\n}']"
391,1791.tif,1,0,0,"['{""ecDNA"": 5}', '```json\n{\n  ""ecDNA"": {\n    ""count"": 0\n  }\n}\n```', '{\n""ecDNA"": 1\n}', '{\n""ecDNA"": 5\n}']"
392,1793.tif,0,15,5,"['{\n""ecDNA"": {\n""count"": 3,\n""bbox"": {\n""x"": 0,\n""y"": 0,\n""w"": 0,\n""h"": 0\n}\n}', '{\n    ""ecDNA"": 0\n}', '{\n""ecDNA"": 1\n}', '```json\n{\n  ""ecDNA"": 7\n}\n```']"
393,1794.tif,0,17,5,"['{\n  ""ecDNA"": 2\n}', '{""ecDNA"": 0}', '```json\n{\n  ""ecDNA"": 1\n}\n```', '{\n""ecDNA"": 0\n}']"
394,1796.tif,1,0,1,"['{\n    ""ecDNA"": 0\n}', '{\n  ""ecDNA"": 0\n}', '{\n    ""ecDNA"": 0\n}', '{\n  ""ecDNA"": 1,\n  ""totalCells"": 8\n}\nThank you for the information. I see that the image has 1 ecDNA. The total number of cells in the image is 8.']"
395,1797.tif,1,0,0,"['{\n  ""ecDNA"": 3\n}', '{\n  ""ecDNA"": 0\n}', '{\n  ""ecDNA"": 0\n}', '{\n    ""ecDNA"": 1\n}']"
396,18.tif,3,0,0,"['{\n  ""ecDNA"": 0\n}', '{\n""ecDNA"": 0\n}', '{\n  ""count"": 1\n}', '{\n  ""ecDNA"": 7\n}']"
397,1809.tif,0,36,18,"['{\n  ""ecDNA"": 20\n}', '{\n  ""ecDNA"": 0\n}', '{\n""ecDNA"": 1\n}', '{\n  ""ecDNA"": 1\n}']"
398,1810.tif,0,28,17,"['{\n  ""ecDNA"": 4\n}', '{\n""ecDNA"": 0\n}', '{\n  ""ecDNA"": 1\n}', '{\n  ""ecDNA"": 7\n}']"
399,1813.tif,0,16,5,"['{\n  ""ecDNA"": 5\n}', '```json\n{\n  ""ecDNA"": 0\n}\n```', '```json\n{\n  ""ecDNA"": 1\n}\n```', '{\n  ""ecDNA"": 1\n}']"
400,1814.tif,0,7,14,"['{\n  ""ecDNA"": 3\n}', '{\n  ""count"": 0\n}', '{\n  ""ecDNA"": 1\n}', '{\n  ""ecDNA"": 0\n}']"
401,1822.tif,1,5,7,"['{\n  ""ecDNA"": 3\n}', '{\n    ""ecDNA"": 0\n}', '{\n  ""ecDNA"": 1\n}', '{\n  ""ecDNA"": 7\n}']"
402,1823.tif,1,0,0,"['{\n    ""ecDNA"": 3\n}', '{\n  ""ecDNA"": 0\n}', '```json\n{\n  ""ecDNA"": {\n    ""number"": 1\n  }\n}\n```', '{\n""ecDNA"": 1\n}']"
403,1825.tif,1,0,0,"['{\n  ""ecDNA"": 5\n}', '{\n  ""ecDNA"": 0\n}', '{""ecDNA"": 1}', '{\n  ""ecDNA"": 1\n}']"
404,1826.tif,0,6,2,"['{\n  ""ecDNA"": 5\n}', '```json\n{\n  ""ecDNA"": 0\n}\n```', '```json\n{\n  ""ecDNA"": 1\n}\n```', '{\n    ""ecDNA"": {\n        ""count"": 0\n    }\n}']"
405,1827.tif,0,3,0,"['{""ecDNA"": {""count"": 3}}', '{\n  ""ecDNA"": 0\n}', '{\n""ecDNA"": {\n""count"": 1\n}\n}', '{\n    ""ecDNA"": 1\n}']"
406,1829.tif,1,17,3,"['{\n  ""ecDNA"": 3\n}', '{\n""ecDNA"": 0\n}', '{\n  ""ecDNA"": 0\n}', '{\n""ecDNA"": 7\n}']"
407,1830.tif,0,26,4,"['```json\n{\n  ""ecDNA_count"": 3\n}\n```', '{\n  ""ecDNA"": 0\n}', '{\n  ""ecDNA"": 1\n}', '```json\n{\n  ""ecDNA"": 7\n}\n```']"
408,1831.tif,1,0,2,"['{\n""ecDNA"": 4\n}', '{""ecDNA"": 0}', '{\n  ""ecDNA"": 0\n}', '{\n    ""ecDNA"": 1\n}']"
409,1833.tif,0,19,2,"['{""ecDNA"": 2}', '```json\n{\n""ecDNA"": 0\n}\n```', '{\n""ecDNA"": 1\n}', '{\n""ecDNA"": 0\n}']"
410,1834.tif,0,17,0,"['{\n  ""ecDNA"": 10\n}', '```json\n{\n  ""ecDNA"": 0\n}\n```', '{\n  ""count"": 0\n}', '{\n  ""ecDNA"": 7\n}']"
411,1835.tif,1,0,0,"['{\n  ""ecDNA"": 0\n}', '{\n  ""ecDNA"": 0\n}', '{\n  ""ecDNA"": 1\n}', '{\n""ecDNA"": 1\n}']"
412,1836.tif,2,0,3,"['{\n    ""ecDNA"": 5\n}', '{\n  ""ecDNA"": 0\n}', '{\n  ""ecDNA"": 1\n}', '{\n  ""count"": 7\n}']"
413,1837.tif,1,1,0,"['{\n  ""ecDNA"": 3\n}', '{\n  ""ecDNA"": 0\n}', '{\n""ecDNA"": 1\n}', '{\n""ecDNA"": 7\n}']"
414,1840.tif,1,0,0,"['{\n""ecDNA"": 1234567890\n}', '{""ecDNA_count"": 0}', '{\n  ""ecDNA"": 1\n}', '```json\n{\n  ""ecDNA"": {\n    ""count"": 8\n  }\n}\n```']"
415,1841.tif,1,1,0,"['{\n    ""ecDNA"": 3\n}', '{\n  ""ecDNA"": 0\n}', '{\n  ""ecDNA"": 1\n}', '{\n    ""ecDNA"": 1\n}']"
416,1845.tif,0,10,2,"['{\n  ""ecDNA"": 3\n}', '{\n  ""ecDNA"": 0\n}', '{\n  ""ecDNA"": 1\n}', '{\n  ""ecDNA"": 1\n}']"
417,1846.tif,0,7,4,"['{\n  ""ecDNA"": 0\n}', '```json\n{\n  ""ecDNA"": 0\n}\n```', '{\n""ecDNA"": 1\n}', '{\n""ecDNA"": 1\n}']"
418,1848.tif,0,1,1,"['{\n  ""ecDNA"": 0\n}', '{\n  ""ecDNA"": 0\n}', '{""ecDNA"": 1}', '{\n  ""ecDNA"": 1\n}']"
419,1849.tif,0,27,11,"['```json\n[\n    {\n        ""ecDNA"": 0\n    }\n]\n```', '{\n  ""ecDNA"": 0\n}', '{\n  ""ecDNA"": 1\n}', '{\n    ""ecDNA"": 0\n}']"
420,185.tif,0,9,26,"['{""ecDNA"": 2}', '{\n  ""ecDNA"": 0\n}', '```json\n{\n  ""ecDNA"": {\n    ""number"": 1\n  }\n}\n```', '{\n""ecDNA"": 0\n}']"
421,1850.tif,0,30,9,"['{\n""ecDNA"": 3\n}', '{\n  ""ecDNA"": 0\n}', '{\n  ""ecDNA"": 1\n}', '{\n  ""ecDNA"": 1\n}']"
422,1853.tif,0,7,5,"['{\n  ""ecDNA"": 0\n}', '{""ecDNA"": 0}', '{\n    ""ecDNA"": 1\n}', '{\n  ""ecDNA"": 7\n}']"
423,1854.tif,0,7,8,"['{\n  ""ecDNA"": 10\n}', '```json\n{\n  ""ecDNA"": 0\n}\n```', '{\n  ""ecDNA"": {\n    ""value"": 1,\n    ""units"": ""ECDNA""\n  }\n}', '{\n  ""ecDNA"": 1\n}']"
424,1858.tif,1,0,0,"['{\n  ""ecDNA"": 3\n}', '{\n  ""ecDNA"": 0\n}', '{\n    ""ecDNA"": 1\n}', '{\n""ecDNA"": 1\n}']"
425,186.tif,0,11,30,"['{\n  ""ecDNA"": 3\n}', '{\n  ""ecDNA"": 1\n}', '{\n  ""ecDNA"": 1\n}', '{\n  ""ecDNA"": 1\n}']"
426,1865.tif,0,5,8,"['{""ecDNA"": 1}', '{\n  ""ecDNA"": 0\n}', '{\n  ""count"": 0\n}', '{\n  ""ecDNA"": 5\n}']"
427,1868.tif,0,7,1,"['{""ecDNA"": 3}', '{\n  ""ecDNA"": 0\n}', '```json\n{\n  ""ecDNA"": 1\n}\n```', '{\n""ecDNA"": 5\n}']"
428,1869.tif,0,30,21,"['```json\n{\n  ""ecDNA"": 3\n}\n```', '```json\n{\n  ""ecDNA"": 0\n}\n```', '{\n  ""ecDNA"": 1\n}', '{\n""ecDNA"": 0\n}']"
429,187.tif,1,0,2,"['{\n  ""ecDNA"": 5\n}', '```json\n{\n  ""ecDNA"": 0\n}\n```', '{\n  ""count"": 1\n}', '{\n  ""count"": 7\n}']"
430,1870.tif,0,14,14,"['{\n  ""ecDNA"": 2\n}', '{\n  ""ecDNA"": {\n    ""count"": 0\n  }\n}', '{\n  ""ecDNA"": 1\n}', '{\n  ""ecDNA"": 0\n}']"
431,1872.tif,0,4,1,"['{""ecDNA"": 3}', '{""ecDNA"": 0}', '{\n  ""ecDNA"": 1\n}', '{\n  ""count"": 1\n}']"
432,1873.tif,0,14,5,"['{\n  ""ecDNA"": 2\n}', '{\n  ""ecDNA"": 0\n}', '{\n  ""ecDNA"": 0\n}', '{\n  ""ecDNA"": 1\n}']"
433,1874.tif,0,7,5,"['{\n  ""ecDNA"": 5\n}', '{""ecDNA"": 0}', '{\n  ""count"": 1\n}', '```json\n{\n  ""ecDNA"": 7\n}\n```']"
434,1875.tif,1,0,1,"['{\n    ""ecDNA"": 3\n}', '{\n  ""ecDNA"": 0\n}', '```json\n{\n  ""ecDNA"": 1\n}\n```', '{\n  ""ecDNA"": 7\n}']"
435,1877.tif,1,0,0,"['{\n    ""ecDNA"": 0\n}', '{\n  ""ecDNA"": {\n    ""count"": 0\n  }\n}', '{\n  ""ecDNA"": 1\n}', '{\n  ""ecDNA"": 7\n}']"
436,1879.tif,1,0,1,"['{\n  ""ecDNA"": 0\n}', '{""ecDNA"": 0}', '{\n""ecDNA"": 0\n}', '{\n    ""ecDNA"": 1\n}']"
437,188.tif,0,18,40,"['{\n  ""ecDNA"": 5\n}', '{\n  ""ecDNA"": 0\n}', '```json\n{\n  ""ecDNA"": {\n    ""count"": 1\n  }\n}\n```', '{\n    ""ecDNA"": 8\n}']"
438,1886.tif,0,3,0,"['{\n  ""ecDNA"": 4\n}', '```json\n{\n  ""ecDNA"": 0\n}\n```', '{""ecDNA"": 0}', '{\n  ""ecDNA"": 1\n}']"
439,1888.tif,1,0,0,"['{\n""ecDNA"": 3\n}', '```json\n{\n  ""ecDNA"": 0\n}\n```', '{\n  ""ecDNA"": 1\n}', '{\n""ecDNA"": 7\n}']"
440,1889.tif,0,8,5,"['{\n""ecDNA"": 3\n}', '{""ecDNA_count"":0}', '{""ecDNA"": 0}', '{\n""ecDNA"": 7\n}']"
441,189.tif,0,25,96,"['{\n  ""ecDNA"": 0\n}', '{\n  ""ecDNA"": 1\n}', '{\n  ""ecDNA"": 0\n}', '{\n  ""ecDNA"": 0\n}']"
442,1890.tif,0,30,0,"['{\n  ""ecDNA"": 10\n}', '```json\n{\n  ""ecDNA"": 0\n}\n```', '{\n""ecDNA"": 1\n}', '{\n""ecDNA"": 7\n}']"
443,1891.tif,0,6,1,"['{\n""ecDNA"": 0\n}', '{\n  ""ecDNA"": 0\n}', '{\n  ""ecDNA"": 1\n}', '{\n    ""count"": 7\n}']"
444,1893.tif,0,9,2,"['```json\n{\n  ""ecDNA"": 4\n}\n```', '{\n  ""ecDNA"": 0\n}', '{\n  ""ecDNA"": 1\n}', '{\n""ecDNA"": 7\n}']"
445,1894.tif,1,17,1,"['{""ecDNA"": 3}', '{\n""ecDNA"": 0\n}', '{\n""ecDNA"": 1\n}', '{\n""ecDNA"": 0\n}']"
446,1895.tif,1,1,0,"['```json\n[""2""]\n```', '```json\n{\n  ""ecDNA"": 0\n}\n```', '{\n  ""ecDNA"": 1\n}', '{\n  ""ecDNA"": 1\n}']"
447,1898.tif,2,0,0,"['{\n  ""ecDNA"": 3\n}', 'I see that you have asked about the number of ecDNA in the image. Based on the information provided, I can see that there are {count} ecDNA in the image.', '{\n  ""ecDNA"": 1\n}', '{\n  ""ecDNA"": 7\n}']"
448,1899.tif,2,0,0,"['```json\n[3]\n```', '{\n""ecDNA"": {\n""count"": 0\n}\n}', '{""ecDNA"": 1}', '{\n""ecDNA"": 0\n}']"
449,19.tif,5,0,0,"['{\n  ""ecDNA"": 5\n}', '{\n  ""ecDNA"": 0\n}', '{\n  ""ecDNA"": 1\n}', '{\n""ecDNA"": 1\n}']"
450,190.tif,0,28,88,"['{""ecDNA_count"": 1}', '{\n  ""ecDNA"": 0\n}', '{""count"": 0}', '```json\n{\n  ""ecDNA"": 0\n}\n```']"
451,1901.tif,1,0,0,"['{\n""ecDNA"": 3\n}', '{""ecDNA"": 0}', '{""ecDNA"": 1}', '{\n  ""ecDNA"": 1\n}']"
452,1902.tif,1,0,0,"['{\n  ""ecDNA"": 0\n}', '{""ecDNA"": 0}', '{\n""ecDNA"": 1\n}', '{\n""ecDNA"": 1,\n""total_cells"": 1,\n""total_circles"": 2\n}']"
453,1909.tif,0,23,6,"['{""ecDNA_count"":3}', '{\n  ""count"": 0\n}', '{\n  ""ecDNA"": {\n    ""value"": 0\n  }\n}', '```json\n[1]\n```']"
454,191.tif,1,4,33,"['{\n  ""ecDNA"": 0\n}', '{""ecDNA"": 0}', '```json\n[1]\n```', '{\n  ""ecDNA"": 0\n}']"
455,1910.tif,0,20,12,"['{\n  ""ecDNA"": 4\n}', '{\n    ""ecDNA"": 0\n}', '{\n""ecDNA"": 1\n}', '```json\n{\n  ""ecDNA"": 1\n}\n```']"
456,1911.tif,0,0,0,"['{\n  ""ecDNA"": 3\n}', '{\n  ""ecDNA"": 0\n}', '```json\n{\n  ""ecDNA"": 1\n}\n```', '```json\n{\n  ""ecDNA"": 0\n}\n```']"
457,1913.tif,0,19,14,"['{\n  ""ecDNA"": 0\n}', '```json\n{\n  ""ecDNA"": 0\n}\n```', '{\n  ""ecDNA"": 1\n}', '{\n  ""ecDNA"": 1\n}']"
458,1914.tif,0,35,10,"['{\n    ""ecDNA"": 2\n}', '{""ecDNA"": 0}', '{\n  ""ecDNA"": 1\n}', '{\n  ""count"": 0\n}']"
459,1915.tif,1,0,0,"['{""ecDNA"": 4}', '{\n  ""ecDNA"": 0\n}', '```json\n{\n  ""ecDNA"": 1\n}\n```', '{\n  ""ecDNA"": 7\n}']"
460,1919.tif,1,0,0,"['{\n  ""ecDNA"": 1\n}', '{\n  ""ecDNA"": 0\n}', '{\n  ""ecDNA"": 1\n}', '{\n  ""count"": 8\n}']"
461,192.tif,0,34,56,"['{\n""ecDNA"": 2\n}', '{\n  ""ecDNA"": 0\n}', '{""ecDNA"": 1}', '{\n    ""ecDNA"": {\n        ""value"": 7,\n        ""description"": ""The total number of ecDNA in the image.""\n    }\n}']"
462,1922.tif,1,0,0,"['{""ecDNA"":2}', '{""ecDNA"":0}', '{\n""ecDNA"": 0\n}', 'The image contains 1 ecDNA.']"
463,1923.tif,1,0,0,"['{\n""ecDNA"": 5\n}', '{\n""ecDNA"": 0\n}', '```json\n{\n  ""ecDNA"": {\n    ""count"": 1\n  }\n}\n```', '{\n""ecDNA"": 0\n}']"
464,1927.tif,1,0,0,"['{\n""ecDNA"": 2\n}', '```json\n{\n  ""ecDNA"": 0\n}\n```', '{\n    ""ecDNA"": 1\n}', '{\n  ""ecDNA"": 0\n}']"
465,1929.tif,0,31,5,"['{\n    ""ecDNA"": 2\n}', '{\n""ecDNA"": 0\n}', '{\n  ""ecDNA"": {\n    ""value"": 1\n  }\n}', '{""count"": 0}']"
466,193.tif,0,22,117,"['{\n    ""ecDNA"": 3\n}', '{ecDNA: 0}', '{\n  ""ecDNA"": {\n    ""total"": 1,\n    ""positive"": 1\n  }\n}', '{\n  ""ecDNA"": 5\n}']"
467,1930.tif,10,42,5,"['```json\n{\n  ""ecDNA"": 3\n}\n```', ""I'm sorry, but as a text-based AI, I don't have access to image data or the ability to process it. I can only provide information and guidance based on my programming and knowledge. Is there anything else I can help you with?"", '```json\n{\n  ""ecDNA"": 1\n}\n```', '{\n  ""ecDNA"": 8\n}']"
468,1933.tif,0,10,3,"['{\n  ""ecDNA"": 0\n}', '{""ecDNA"": 0}', ""I'm sorry, but I cannot provide an answer without seeing the image. Please upload the image so I can analyze it."", '```json\n{\n  ""ecDNA"": 7\n}\n```']"
469,1934.tif,0,14,1,"['{\n  ""ecDNA"": 0\n}', '{\n  ""ecDNA"": 0\n}', '{\n  ""count"": 0\n}', '{\n  ""ecDNA"": 1\n}']"
470,194.tif,0,37,103,"['{\n  ""ecDNA"": 4\n}', '{\n  ""ecDNA"": 0\n}', '{\n  ""ecDNA"": {\n    ""value"": 1\n  }\n}', '```json\n{\n  ""ecDNA"": 0\n}\n```']"
471,1949.tif,0,11,9,"['{\n  ""ecDNA"": 1\n}', '{\n  ""ecDNA"": 0\n}', ""I'm sorry, but I cannot accurately determine the number of ecDNA in the image without seeing it. Please provide more information or a clearer image if available."", '{\n    ""ecDNA"": 1,\n    ""count"": 1\n}']"
472,195.tif,0,40,63,"['{\n  ""ecDNA"": 0\n}', ""I'm sorry, but I cannot provide an answer without more information about the image. Please provide more details about the image so that I can assist you better."", '{\n  ""ecDNA"": 1\n}', '{\n  ""ecDNA"": {\n    ""count"": 0\n  }\n}']"
473,1950.tif,0,28,17,"['{\n""ecDNA"": 3\n}', '{\n""ecDNA"": 0\n}', '{\n  ""ecDNA"": 1\n}', '{\n  ""ecDNA"": 0\n}']"
474,1951.tif,3,0,0,"['{""ecDNA"": ""1""}', '{\n  ""ecDNA"": 0\n}', '{\n""ecDNA"": 0\n}', '{\n  ""ecDNA"": 7\n}']"
475,1953.tif,0,0,5,"['{\n""ecDNA"": 1\n}', '```json\n{\n  ""ecDNA"": 0\n}\n```', '{\n  ""ecDNA"": 1\n}', '```json\n{\n  ""ecDNA"": 1\n}\n```']"
476,1954.tif,0,10,7,"['{\n""ecDNA"": 0\n}', '{\n  ""ecDNA"": 0\n}', '{\n  ""ecDNA"": 1\n}', '{\n""ecDNA"": 1\n}']"
477,1955.tif,1,0,0,"['{\n""ecDNA"": 0\n}', '{\n  ""ecDNA"": 0\n}', '```json\n{\n  ""ecDNA"": 0\n}\n```', '```json\n{\n  ""ecDNA"": 1\n}\n```']"
478,196.tif,0,11,21,"['{\n""ecDNA"": 0\n}', '{\n  ""ecDNA"": 0\n}', '{""ecDNA"": 0}', '{\n  ""ecDNA"": 7\n}']"
479,1969.tif,0,15,14,"['{\n    ""ecDNA"": 2\n}', '{\n  ""ecDNA"": 0\n}', '{\n  ""ecDNA"": 1\n}', '{\n  ""ecDNA"": 7\n}']"
480,197.tif,0,19,56,"['{\n  ""ecDNA"": 0\n}', '{""ecDNA"": 0}', '```json\n{\n  ""ecDNA"": 0\n}\n```', '{\n  ""ecDNA"": 7\n}']"
481,1970.tif,0,14,8,"['{\n  ""ecDNA"": 3\n}', '{\n  ""ecDNA"": 0\n}', '```json\n{\n  ""ecDNA"": 1\n}\n```', '{""ecDNA"": 0}']"
482,1973.tif,0,20,5,"['{\n  ""ecDNA_count"": 3\n}', '{ecDNA: 0}', '{\n    ""ecDNA"": 0\n}', '{\n  ""ecDNA"": 8\n}']"
483,1974.tif,0,23,10,"['{\n    ""ecDNA"": 0\n}', '{\n  ""ecDNA"": 0\n}', '{\n  ""ecDNA"": 1\n}', '{\n  ""ecDNA"": 1\n}']"
484,198.tif,0,38,89,"['{\n  ""ecDNA"": 2\n}', '{\n  ""ecDNA"": 1\n}', ""I'm sorry, but I need more information about what you want me to do with the ecDNA count. Are you asking me to compare the count of ecDNA in the image to a specific threshold or something else? Can you provide more details so I can assist you better?"", '{""ecDNA"": 0}']"
485,1982.tif,1,0,0,"['{\n  ""ecDNA"": 3\n}', '{\n  ""ecDNA"": 0\n}', '{\n  ""ecDNA"": 1\n}', '{\n""ecDNA"": 7\n}']"
486,1983.tif,2,0,2,"['{\n  ""ecDNA"": 1\n}', '```json\n{""ecDNA"": 0}\n```', '{\n""ecDNA"": 1\n}', '```json\n{\n  ""ecDNA"": 1\n}\n```']"
487,1985.tif,1,0,2,"['{\n  ""ecDNA"": 3\n}', '```json\n{\n  ""ecDNA"": 0\n}\n```', '{\n    ""ecDNA"": 1\n}', '{\n  ""ecDNA"": 0\n}']"
488,1986.tif,1,0,3,"['{\n""ecDNA"": 3\n}', '{\n""ecDNA"": 0\n}', '{\n  ""ecDNA"": 1\n}', '{\n""ecDNA"": 1\n}']"
489,1987.tif,2,0,1,"['{\n  ""ecDNA"": 0\n}', '{\n""ecDNA"": 0\n}', '{\n""ecDNA"": 1\n}', '{\n  ""ecDNA"": {\n    ""value"": 7\n  }\n}']"
490,1988.tif,1,1,2,"['{\n""ecDNA"": 3\n}', '{\n""ecDNA"": 0\n}', '{\n  ""ecDNA"": 1\n}', '{\n    ""ecDNA"": 1\n}']"
491,199.tif,0,17,42,"['{""ecDNA"": 2}', '{""ecDNA"": 0}', '{\n  ""ecDNA"": 1\n}', '{\n  ""ecDNA"": 1\n}']"
492,1990.tif,0,29,14,"['{\n  ""ecDNA"": 2\n}', '{\n  ""ecDNA"": 0\n}', 'The image contains 0 ecDNA.', '```json\n{\n  ""ecDNA"": 1\n}\n```']"
493,1991.tif,0,12,4,"['{\n  ""ecDNA"": 1\n}', '{\n  ""ecDNA"": 0\n}', '{\n  ""ecDNA"": 0\n}', '```json\n{\n  ""ecDNA"": 7\n}\n```']"
494,1992.tif,1,0,2,"['{\n  ""ecDNA"": 2\n}', '{\n  ""ecDNA"": 0\n}', '{\n""ecDNA"": 1\n}', '{\n""ecDNA"": 0\n}']"
495,1994.tif,0,12,8,"['{\n  ""ecDNA"": 3\n}', '```json\n{""ecDNA"": 0}\n```', '{\n""ecDNA"": 0\n}', '{\n  ""ecDNA"": 7\n}']"
496,1995.tif,0,8,3,"['```json\n[3]\n```', '{""ecDNA"": {""value"": 1}}', '{\n  ""ecDNA"": 1\n}', '{\n  ""ecDNA"": 7\n}']"
497,2.tif,4,0,0,"['{\n    ""ecDNA"": 0\n}', '{""ecDNA"": {""value"": 0}}', '{\n  ""ecDNA"": 0\n}', '{\n  ""ecDNA"": 7\n}']"
498,2006.tif,0,3,2,"['{\n  ""ecDNA"": 0\n}', '{\n    ""ecDNA"": 0\n}', 'The number of ecDNA in the image is {number}. Please note that this value may vary depending on the specific details of the image, such as the resolution, magnification, and color palette used.', '```json\n{\n  ""ecDNA"": 7\n}\n```']"
499,2009.tif,0,25,24,"['{\n    ""ecDNA"": 5\n}', '{\n    ""ecDNA"": 0\n}', ""I'm sorry, but I cannot provide an answer without knowing the exact image or the specific count of ecDNA. Could you please provide more information or clarify your question?"", '{\n  ""ecDNA"": 1\n}']"
500,201.tif,1,1,1,"['{\n  ""ecDNA"": {\n    ""count"": 0\n  }\n}', '```json\n{\n  ""ecDNA"": 0\n}\n```', '{\n  ""ecDNA"": 1\n}', '{""ecDNA"": 7}']"
501,2010.tif,0,34,62,"['{\n  ""ecDNA"": 3\n}', '{ecDNA_count: 0}', '{""ecDNA"": {""count"": 0}}', '{""ecDNA"": 0}']"
502,2013.tif,0,7,8,"['{\n  ""ecDNA"": 3\n}', '```json\n{\n  ""ecDNA"": 0\n}\n```', '{\n  ""ecDNA"": 1\n}', '{\n  ""ecDNA"": {\n    ""count"": 7\n  }\n}']"
503,2014.tif,0,15,25,"['{\n  ""ecDNA"": 3\n}', '{\n  ""count"": 0\n}', '{\n  ""ecDNA"": 0\n}', '{\n""ecDNA"": 7\n}']"
504,202.tif,1,0,0,"['{\n""ecDNA"": 2\n}', '{\n  ""ecDNA"": 0\n}', '{\n    ""ecDNA"": 1\n}', '{\n  ""ecDNA"": 7\n}']"
505,2021.tif,1,0,0,"['{\n  ""ecDNA"": 3\n}', '{\n  ""ecDNA"": 0\n}', '{\n  ""count"": 1\n}', '```json\n{\n  ""ecDNA"": 7\n}\n```']"
506,2022.tif,2,1,6,"['```json\n{\n  ""ecDNA"": 0\n}\n```', '{\n  ""count"": 0\n}', 'The image contains 1 ecDNA.', '{\n  ""count"": 7\n}']"
507,2029.tif,0,5,7,"['{\n  ""ecDNA"": 0\n}', '{""ecDNA"": 0}', '{\n""ecDNA"": 1\n}', '{""ecDNA"": 1}']"
508,203.tif,1,0,0,"['{""ecDNA"":2}', '{\n""ecDNA"": 0\n}', '{\n""ecDNA"": 1\n}', '{\n  ""ecDNA"": 7\n}']"
509,2030.tif,0,23,18,"['{\n  ""ecDNA"": 0\n}', '{\n""ecDNA"": 0\n}', '```json\n{\n  ""ecDNA"": 1\n}\n```', '{ ""ecDNA"": 7 }']"
510,2031.tif,1,0,1,"['{""ecDNA"": 3}', '{\n  ""ecDNA"": 1\n}', '{\n  ""ecDNA"": {\n    ""total"": 1\n  }\n}', '{\n  ""ecDNA"": 1\n}']"
511,2033.tif,0,6,1,"['{""ecDNA"": 5}', '{\n    ""ecDNA"": 1\n}', '{\n  ""ecDNA"": {\n    ""value"": 1\n  }\n}', '{\n  ""ecDNA"": 7\n}']"
512,2034.tif,0,40,12,"['{\n  ""ecDNA"": 3\n}', '{\n  ""count"": 0\n}', '{\n    ""ecDNA"": 1\n}', '{\n  ""ecDNA"": 7\n}']"
513,2035.tif,1,1,2,"['{\n  ""ecDNA"": 3\n}', '{\n  ""ecDNA"": 0\n}', '{\n  ""ecDNA"": 1\n}', '{\n  ""ecDNA"": 7\n}']"
514,2040.tif,1,0,0,"['{\n  ""ecDNA"": 3\n}', '{""ecDNA"": 0}', '{\n  ""ecDNA"": {\n    ""number"": 1\n  }\n}', '{\n  ""ecDNA"": 1\n}']"
515,2041.tif,3,0,0,"['```json\n[2]\n```', '{""ecDNA"": 0}', '{\n  ""ecDNA"": 1\n}', '{\n    ""ecDNA"": 7\n}']"
516,2042.tif,3,0,0,"['{\n  ""ecDNA"": 0\n}', '{\n  ""ecDNA"": 0\n}', '{\n""ecDNA"": 1\n}', '```json\n[7]\n```']"
517,2045.tif,1,0,0,"['{\n  ""ecDNA"": 3\n}', '{\n  ""ecDNA"": 0\n}', '{\n  ""ecDNA"": 1\n}', '{\n    ""ecDNA"": 1\n}']"
518,2046.tif,2,0,5,"['{""ecDNA"":10}', '{\n  ""ecDNA"": 0\n}', '{\n""ecDNA"": 1\n}', '{\n  ""ecDNA"": 1\n}']"
519,2047.tif,2,0,0,"['{\n""ecDNA"": 0\n}', '{\n  ""ecDNA"": 0\n}', '{\n    ""ecDNA"": 0\n}', '{\n  ""ecDNA"": 7\n}']"
520,2049.tif,0,16,24,"['{""ecDNA"": 3}', '{\n  ""ecDNA"": 0\n}', '{\n  ""ecDNA"": 0\n}', '{\n""ecDNA"": 0\n}']"
521,205.tif,2,4,1,"['{\n    ""ecDNA"": 5\n}', '{""ecDNA_count"": 1}', '```json\n[1]\n```', '```json\n{\n  ""ecDNA"": 8\n}\n```']"
522,2050.tif,0,36,51,"['{\n""ecDNA"": 2\n}', '{\n  ""ecDNA"": 0\n}', '{\n  ""ecDNA"": 0\n}', '{\n""ecDNA"": 1\n}']"
523,2051.tif,1,3,9,"['{\n  ""ecDNA"": 1\n}', '{\n  ""ecDNA"": 0\n}', '{\n  ""ecDNA"": 0\n}', '```json\n{\n  ""count"": 8\n}\n```']"
524,2053.tif,0,8,20,"['{\n  ""ecDNA"": 0\n}', '{""ecDNA"": 0}', '```json\n{""ecDNA"": 1}\n```', '```json\n{\n  ""ecDNA"": 0\n}\n```']"
525,2054.tif,1,19,55,"['{\n  ""ecDNA"": 2\n}', '{\n  ""ecDNA"": 0\n}', '```json\n{\n  ""ecDNA"": 0\n}\n```', '{\n  ""count"": 1\n}']"
526,2055.tif,1,1,3,"['{\n  ""ecDNA"": 3\n}', '{\n  ""ecDNA"": 0\n}', '{\n  ""ecDNA"": 0\n}', '```json\n{""ecDNA"": 7}\n```']"
527,206.tif,1,2,14,"['{\n  ""ecDNA"": 10\n}', '{\n  ""ecDNA"": 0\n}', '{\n    ""ecDNA"": 1\n}', '{\n  ""ecDNA"": 1\n}']"
528,2063.tif,1,0,0,"['{\n    ""ecDNA"": 5\n}', '{\n""ecDNA"": 0\n}', ""I'm sorry, but I cannot provide a specific answer without seeing the image. Could you please provide more information about the image?"", 'The image contains 0 ecDNA.']"
529,2065.tif,0,12,5,"['```json\n{\n  ""ecDNA"": 3\n}\n```', '{\n  ""ecDNA"": 0\n}', '{\n  ""ecDNA"": 1\n}', '{\n  ""ecDNA"": 1\n}']"
530,2068.tif,0,3,1,"['{\n    ""ecDNA"": 10\n}', '{""ecDNA"": 0}', '{\n    ""count"": 0\n}', '{\n  ""ecDNA"": 8\n}']"
531,2069.tif,0,44,26,"['{\n""ecDNA"": 3,\n""nuclei"": 2,\n""chromosomes"": 4\n}', '{""ecDNA"": 0}', '{\n  ""ecDNA"": 1\n}', '```json\n{\n  ""ecDNA"": 7\n}\n```']"
532,207.tif,1,1,4,"['{\n  ""ecDNA"": 0\n}', '{\n  ""ecDNA"": 0\n}', '{\n  ""ecDNA"": 1\n}', '```json\n{\n  ""ecDNA"": 1\n}\n```']"
533,2070.tif,0,5,1,"['{""ecDNA_count"":1}', '{\n  ""ecDNA"": 0\n}', '{\n""ecDNA"": 1\n}', '{\n  ""count"": 7\n}']"
534,2072.tif,0,1,0,"['{\n""ecDNA"": 2\n}', '{\n    ""ecDNA"": 0\n}', '{\n  ""ecDNA"": 1\n}', '{\n  ""count"": 5\n}']"
535,2073.tif,0,9,5,"['{\n""ecDNA"": 3\n}', '{""ecDNA"": 0}', '```json\n{\n  ""ecDNA"": 1\n}\n```', '{\n  ""ecDNA"": 0\n}']"
536,208.tif,0,11,25,"['{""ecDNA"":1}', '{\n  ""ecDNA"": 0\n}', '```json\n[1]\n```', '{\n  ""ecDNA"": 0\n}']"
537,2089.tif,1,5,0,"['{\n    ""ecDNA"": 3\n}', '{\n    ""ecDNA"": 0\n}', '{\n    ""ecDNA"": 1\n}', '{\n  ""ecDNA"": 1\n}']"
538,209.tif,0,38,68,"['{\n  ""ecDNA"": 0\n}', '```json\n{\n  ""ecDNA"": 0\n}\n```', '{\n  ""ecDNA"": 1\n}', '{\n""ecDNA"": ""7""\n}']"
539,2090.tif,1,1,1,"['{\n  ""ecDNA"": {\n    ""count"": 4\n  }\n}', '{\n  ""ecDNA"": {\n    ""total"": 0\n  }\n}', '{\n  ""count"": 1\n}', '{\n  ""ecDNA"": 7\n}']"
540,2093.tif,0,20,5,"['{\n  ""ecDNA"": 2\n}', '```json\n{\n  ""ecDNA"": 0\n}\n```', '```json\n{\n  ""ecDNA"": 1\n}\n```', '{\n""ecDNA"": 5\n}']"
541,2094.tif,0,7,5,"['{\n  ""ecDNA"": 3\n}', '{""ecDNA"": 0}', '{\n  ""ecDNA"": 1\n}', '{\n    ""ecDNA"": 1\n}']"
542,210.tif,0,18,80,"['{\n    ""ecDNA"": 5\n}', '{""ecDNA"": 0}', '{\n  ""ecDNA"": 1\n}', '```json\n{\n  ""ecDNA"": 5\n}\n```']"
543,2102.tif,1,0,0,"['{\n  ""ecDNA"": 3\n}', '```json\n{\n  ""count"": 0\n}\n```', '{\n""ecDNA"": 0\n}', 'The image contains {ecDNA_count} ecDNA.']"
544,2103.tif,1,0,0,"['{\n    ""ecDNA"": 0\n}', '{\n""ecDNA"": 0\n}', '{\n""ecDNA"": 0\n}', '{\n  ""ecDNA"": 1\n}']"
545,2105.tif,1,0,0,"['{\n    ""ecDNA"": 3\n}', '{\n  ""ecDNA"": 0\n}', '```json\n{\n  ""ecDNA"": 1\n}\n```', '{\n""ecDNA"": 0\n}']"
546,2106.tif,1,10,12,"['{""ecDNA"": 3}', ""I see that you would like to know the number of ecDNA in the image. However, your request is incomplete. You haven't specified how many ecDNA you want to count. Please provide the count you're interested in so I can accurately answer your question."", '{\n  ""ecDNA"": 1\n}', '```json\n{\n  ""ecDNA"": 7\n}\n```']"
547,2108.tif,1,1,4,"['{\n    ""ecDNA"": 5\n}', '{\n  ""ecDNA"": {\n    ""total"": 0\n  }\n}', '{\n  ""count"": 1\n}', '{\n  ""ecDNA"": 7\n}']"
548,2109.tif,0,49,68,"['{\n  ""ecDNA"": 0\n}', '{\n""ecDNA"": 0\n}', '```json\n{\n  ""ecDNA"": 1\n}\n```', '{""ecDNA"": 1}']"
549,211.tif,0,11,34,"['{\n""ecDNA"": 0\n}', ""I'm sorry, but I cannot return an integer number as there is no specific number of ecDNA in the image. Can you please provide more information or context about the image?"", '```json\n{\n  ""ecDNA"": 1\n}\n```', '{\n  ""ecDNA"": 7\n}']"
550,2110.tif,0,25,32,"['{\n""ecDNA"": 0\n}', '{\n  ""ecDNA"": 0\n}', '```json\n{\n  ""ecDNA"": 0\n}\n```', '{\n  ""ecDNA"": 7\n}']"
551,2112.tif,2,0,3,"['{\n  ""ecDNA"": 0\n}', '```json\n{\n  ""ecDNA"": 0\n}\n```', '{\n  ""ecDNA"": 1\n}', '{\n  ""count"": 0\n}']"
552,2113.tif,0,5,7,"['{\n  ""ecDNA"": 3\n}', '{\n  ""count"": 0\n}', '{\n    ""ecDNA"": 1\n}', '```json\n{\n  ""ecDNA"": 1\n}\n```']"
553,2114.tif,0,2,4,"['```json\n[2]\n```', '{\n  ""ecDNA"": 0\n}', '{\n  ""ecDNA"": 1\n}', '{\n""ecDNA"": 7\n}']"
554,2118.tif,1,0,0,"['{\n  ""ecDNA"": 0\n}', '{""ecDNA"": 0}', '```json\n{\n  ""ecDNA"": {\n    ""count"": 1\n  }\n}\n```', '{\n    ""ecDNA"": 7\n}']"
555,2119.tif,1,0,0,"['{\n  ""ecDNA"": 3\n}', '{ecDNA_count: 0}', '{\n    ""ecDNA"": 0\n}', '{\n""ecDNA"": 7\n}']"
556,212.tif,0,11,22,"['{\n""ecDNA"": 2\n}', '{\n  ""ecDNA"": 0\n}', '{\n  ""ecDNA"": 0\n}', '{\n  ""count"": 1\n}']"
557,2126.tif,1,0,5,"['{\n""ecDNA"": 3\n}', '{\n  ""ecDNA"": 0\n}', '{""ecDNA"": 0}', '```json\n{\n  ""ecDNA"": 0\n}\n```']"
558,2127.tif,1,0,1,"['{\n""ecDNA"": 20\n}', '{""ecDNA"": 0}', '{""ecDNA"": 0}', '{\n""ecDNA"": 8\n}']"
559,2129.tif,0,29,23,"['{\n""ecDNA"": 0\n}', '{\n""ecDNA"": 0\n}', '```json\n{\n  ""ecDNA"": {\n    ""value"": 1,\n    ""status"": ""Present""\n  }\n}\n```', '{\n  ""ecDNA"": 0\n}']"
560,213.tif,0,23,32,"['```json\n[\n  {\n    ""x"": 26,\n    ""y"": 19,\n    ""width"": 3,\n    ""height"": 4\n  },\n  {\n    ""x"": 20,\n    ""y"": 5,\n    ""width"": 3,\n    ""height"": 4\n  }\n]\n```', '{\n  ""ecDNA"": 0\n}', '{\n  ""ecDNA"": 1\n}', '{\n    ""ecDNA"": 7\n}']"
561,2130.tif,8,2,14,"['{\n""ecDNA"": 5\n}', '{\n  ""count"": 1\n}', '{\n  ""ecDNA"": 1\n}', '{\n  ""ecDNA"": 0\n}']"
562,2131.tif,1,0,1,"['{\n  ""ecDNA"": 0\n}', '{\n    ""ecDNA"": 0\n}', '{\n""ecDNA"": 0\n}', '{\n  ""ecDNA"": 0\n}']"
563,2133.tif,0,19,15,"['{\n  ""ecDNA"": 0\n}', '{\n  ""ecDNA"": 0\n}', '{\n  ""count"": 1\n}', '{\n  ""ecDNA"": 7\n}']"
564,2134.tif,2,9,18,"['{""ecDNA"": 2}', '{\n  ""ecDNA"": 0\n}', '{\n    ""ecDNA"": 0\n}', '{\n  ""ecDNA"": 0\n}']"
565,2135.tif,2,0,4,"['{\n  ""ecDNA"": 2\n}', '{""ecDNA"": 0}', '{\n  ""ecDNA"": 1\n}', '{\n  ""ecDNA"": 0\n}']"
566,2138.tif,1,0,1,"['{\n  ""ecDNA"": 0\n}', '{\n  ""ecDNA"": 0\n}', '{\n""ecDNA"": 1\n}', '{\n    ""ecDNA"": 7\n}']"
567,2139.tif,1,0,0,"['{\n    ""ecDNA"": 0\n}', 'I am not sure how many ecDNA are in the image. Could you please provide me with the image or any additional information about the ecDNA?', '{\n  ""ecDNA"": 1\n}', '{\n""ecDNA"": 7\n}']"
568,214.tif,0,77,72,"['{\n""ecDNA"": 3\n}', '{\n  ""ecDNA"": 0\n}', '{\n  ""ecDNA"": 1\n}', '{\n    ""ecDNA"": 0\n}']"
569,2144.tif,3,3,0,"['{\n  ""ecDNA"": 3\n}', '{\n  ""ecDNA"": 0\n}', '{\n    ""ecDNA"": 1\n}', '{\n  ""ecDNA"": 0\n}']"
570,2148.tif,6,0,6,"['{\n  ""ecDNA"": 0\n}', '{""ecDNA"": 0}', '```json\n{\n  ""ecDNA"": 1\n}\n```', '{""ecDNA"": 0}']"
571,2149.tif,0,10,3,"['```json\n{\n  ""ecDNA"": 4\n}\n```', '{\n""ecDNA"": 0\n}', '{\n  ""ecDNA"": 1\n}', '{\n""ecDNA"": 7\n}']"
572,215.tif,0,21,63,"['{\n  ""ecDNA"": 0\n}', '{\n  ""ecDNA"": 0\n}', '{\n  ""ecDNA"": 1\n}', '{\n  ""count"": 5\n}']"
573,2150.tif,0,16,9,"['{\n  ""ecDNA"": 3\n}', '{\n  ""ecDNA"": 0\n}', '{\n  ""ecDNA"": 1\n}', '{\n    ""ecDNA"": 7\n}']"
574,2151.tif,0,6,4,"['{\n  ""ecDNA"": 5\n}', '{\n  ""ecDNA"": {\n    ""count"": 3\n  }\n}', '```json\n{\n  ""ecDNA"": 1\n}\n```', '{\n  ""ecDNA"": 7\n}']"
575,2153.tif,0,5,9,"['{\n  ""ecDNA"": 2\n}', '```json\n{\n  ""ecDNA"": 0\n}\n```', '```json\n[1]\n```', '```json\n{\n  ""ecDNA"": 10\n}\n```']"
576,2154.tif,0,32,15,"['{\n  ""ecDNA"": 10\n}', '{""ecDNA"": 0}', '{\n  ""ecDNA"": 1\n}', '{\n  ""ecDNA"": 7\n}']"
577,2155.tif,0,20,9,"['{\n  ""ecDNA"": 0\n}', '{""ecDNA"":0}', '```json\n{\n  ""ecDNA"": 1\n}\n```', '```json\n[7]\n```']"
578,2157.tif,0,13,7,"['{\n  ""ecDNA"": 0\n}', '{\n  ""ecDNA"": 0\n}', '{\n  ""ecDNA"": 1\n}', '{\n  ""ecDNA"": 7\n}']"
579,2161.tif,1,0,0,"['{\n  ""ecDNA"": 3\n}', '{\n  ""ecDNA"": 0\n}', '{\n  ""ecDNA"": 1\n}', '{\n""ecDNA"": 8\n}']"
580,2165.tif,2,2,4,"['{\n  ""ecDNA"": 0\n}', '{""ecDNA"": 0}', '{""ecDNA"": 1}', '{\n  ""count"": 8\n}']"
581,2169.tif,1,1,12,"['{\n  ""ecDNA"": 0\n}', '{""ecDNA"": 0}', ""I'm sorry, but you haven't provided any image or data to analyze. Could you please provide more context or data about the image?"", '{\n  ""ecDNA"": 1\n}']"
582,2170.tif,0,35,7,"['{\n  ""ecDNA"": 4\n}', '{\n    ""ecDNA"": 0\n}', '{\n  ""ecDNA"": 1\n}', '{\n  ""ecDNA"": 7\n}']"
583,2171.tif,3,0,4,"['{\n  ""ecDNA"": 3\n}', '{""ecDNA"": 0}', '{\n  ""count"": 1\n}', '{\n    ""ecDNA"": 7\n}']"
584,2174.tif,0,3,0,"['{\n  ""ecDNA"": 10\n}', '{""ecDNA"": 0}', '{\n  ""ecDNA"": 0\n}', '{\n  ""ecDNA"": 7\n}']"
585,2175.tif,7,1,3,"['{\n  ""ecDNA"": 3\n}', '{\n  ""ecDNA"": 0\n}', '```json\n{\n  ""ecDNA"": 1\n}\n```', '{\n  ""ecDNA"": 1\n}']"
586,2178.tif,1,0,0,"['{\n  ""ecDNA"": 2\n}', '{\n  ""ecDNA"": 0\n}', '{""ecDNA"": 0}', '{\n  ""ecDNA"": 7\n}']"
587,2179.tif,1,1,0,"['{\n  ""ecDNA"": 5\n}', '{\n  ""ecDNA"": 0\n}', '```json\n{\n  ""ecDNA"": 1\n}\n```', '{\n  ""count"": 0\n}']"
588,218.tif,1,3,6,"['{\n  ""ecDNA"": 1234567890\n}', '{\n""ecDNA"": {\n""count"": 0\n}\n}', '{\n  ""ecDNA"": 1\n}', '{\n  ""ecDNA"": 7\n}']"
589,2188.tif,0,2,1,"['```json\n[\n  10\n]\n```', '{\n  ""ecDNA"": {\n    ""count"": 0\n  }\n}', '{\n""ecDNA"": 1\n}', '```json\n{""ecDNA"": 0}\n```']"
590,2189.tif,0,25,29,"['{\n  ""ecDNA"": 0\n}', '{\n  ""ecDNA"": 0\n}', '{\n  ""ecDNA"": 1\n}', '{\n  ""ecDNA"": {\n    ""count"": 9\n  }\n}']"
591,2190.tif,0,4,10,"['{\n  ""ecDNA"": 10\n}', '{\n""ecDNA"": 0\n}', '{\n  ""count"": 1\n}', '{\n  ""ecDNA"": 7\n}']"
592,2191.tif,0,1,2,"['{\n  ""ecDNA"": {\n    ""count"": 2\n  }\n}', '{""ecDNA"": 0}', '{\n  ""ecDNA"": 0\n}', '{\n  ""ecDNA"": 7\n}']"
593,2192.tif,0,1,1,"['{\n  ""ecDNA"": 1\n}', '{\n  ""ecDNA"": 0\n}', '```json\n{\n  ""ecDNA"": 1\n}\n```', '{\n  ""ecDNA"": 7\n}']"
594,2193.tif,0,13,12,"['{\n  ""ecDNA"": 1234567890\n}', '{\n""ecDNA"": 0\n}', '{\n  ""ecDNA"": 0\n}', '```json\n{\n  ""ecDNA"": 0\n}\n```']"
595,2194.tif,0,5,7,"['{\n  ""ecDNA"": 3\n}', '{\n  ""ecDNA"": 0\n}', '```json\n{\n  ""ecDNA"": {\n    ""value"": 0\n  }\n}\n```', '{\n  ""ecDNA"": 0\n}']"
596,22.tif,1,0,0,"['{\n    ""ecDNA"": 5\n}', '{""ecDNA_count"":0}', '{\n  ""ecDNA"": 1\n}', '```json\n{\n  ""ecDNA"": {\n    ""value"": 1,\n    ""unit"": """"\n  }\n}\n```']"
597,2208.tif,1,0,0,"['{\n  ""ecDNA"": 4\n}', '```json\n{\n  ""ecDNA"": 0\n}\n```', '{\n  ""ecDNA"": 0\n}', '{\n  ""ecDNA"": 1\n}']"
598,2209.tif,1,13,4,"['{\n  ""ecDNA"": 4\n}', '{\n  ""count"": 0\n}', '{\n    ""ecDNA"": 1\n}', '{\n  ""ecDNA"": 0\n}']"
599,2210.tif,0,13,6,"['{\n  ""ecDNA"": 4\n}', '{\n    ""ecDNA"": 0\n}', '{\n  ""count"": 1\n}', '{\n""ecDNA"": 7\n}']"
600,2213.tif,0,27,7,"['{\n""ecDNA"": 0\n}', '{\n    ""ecDNA"": 0\n}', '{\n""ecDNA"": 0\n}', '{\n""ecDNA"": 0\n}']"
601,2214.tif,0,28,10,"['```json\n[{""value"": 2}]\n```', '```json\n{\n  ""ecDNA"": 0\n}\n```', '{\n""ecDNA"": 1\n}', '```json\n{\n  ""ecDNA"": 7\n}\n```']"
602,2215.tif,0,3,3,"['{\n    ""ecDNA"": 0\n}', '```json\n{\n  ""ecDNA"": 0\n}\n```', '```json\n{\n  ""ecDNA"": 1\n}\n```', '{\n  ""ecDNA"": 7\n}']"
603,2226.tif,1,2,6,"['{\n    ""ecDNA_count"": 0\n}', '```json\n{\n  ""ecDNA"": 0\n}\n```', '{\n  ""ecDNA"": 0\n}', '{\n""ecDNA"": 7\n}']"
604,2229.tif,2,8,1,"['{\n""ecDNA"": 3\n}', '{\n  ""ecDNA"": 0\n}', '```json\n[1]\n```', '{\n""ecDNA"": 0\n}']"
605,2230.tif,6,10,14,"['{\n  ""ecDNA"": 0\n}', '{""ecDNA"": 0}', '{\n""ecDNA"": 0\n}', '{\n  ""ecDNA"": {\n    ""count"": 7\n  }\n}']"
606,2231.tif,1,0,0,"['{""ecDNA"": 3}', '{""ecDNA_count"": 0}', '{""ecDNA"":1}\nThank you for the information. I have counted the number of ecDNA in the image and returned the count as an integer in JSON format.', '{\n    ""ecDNA"": 0\n}']"
607,2232.tif,0,0,1,"['{\n    ""ecDNA"": 3\n}', '{\n    ""ecDNA"": 0\n}', 'The image contains 1 ecDNA.', '{\n  ""ecDNA"": 0\n}']"
608,2233.tif,0,9,2,"['{\n  ""ecDNA"": 0\n}', '{\n  ""ecDNA"": 0\n}', '{\n  ""ecDNA"": 0\n}', '{\n  ""ecDNA"": 1\n}']"
609,2234.tif,0,30,19,"['{\n  ""ecDNA"": 4\n}', '{\n  ""ecDNA"": 0\n}', '{\n    ""ecDNA"": 0\n}', '{\n  ""ecDNA"": 1\n}']"
610,2235.tif,1,16,8,"['{\n""ecDNA"": 3\n}', '{""ecDNA_count"":0}', '{\n  ""ecDNA"": 0\n}', '{\n  ""count"": 5\n}']"
611,2236.tif,1,0,0,"['{\n  ""ecDNA"": 1\n}', '{""ecDNA"":0}', '{\n  ""ecDNA"": 1\n}', '{\n  ""ecDNA"": 5\n}']"
612,2244.tif,1,0,0,"['{\n  ""ecDNA"": 3\n}', '{""ecDNA"": 0}', '{\n""ecDNA"": 1\n}', '{\n""ecDNA"": 1\n}']"
613,2245.tif,1,5,1,"['{\n  ""ecDNA"": 3\n}', '{\n  ""ecDNA"": 0\n}', '{\n  ""ecDNA"": 1\n}', '{\n  ""ecDNA"": 0\n}']"
614,2246.tif,0,4,0,"['{\n    ""ecDNA"": 0\n}', '{\n""ecDNA"": 0\n}', '```json\n{\n  ""ecDNA"": 0\n}\n```', '{\n    ""ecDNA"": 1\n}']"
615,2248.tif,1,0,0,"['{\n    ""ecDNA"": 0\n}', '{\n  ""ecDNA"": 0\n}', '{\n  ""ecDNA"": 1\n}', '{\n""ecDNA"": 1\n}']"
616,2249.tif,1,39,16,"['{\n""ecDNA"": {\n""data"": [\n257,\n690,\n418,\n430,\n235,\n289,\n291,\n224,\n289,\n293,\n282,\n130,\n138,\n106,\n125,\n286,\n187,\n299,\n198,\n219,\n118,\n117,\n121,\n109,\n232,\n284,\n178,\n125,\n112,\n121', '```json\n{\n  ""ecDNA"": 0\n}\n```', '```json\n{\n  ""ecDNA"": 0\n}\n```', '{\n  ""ecDNA"": 7\n}']"
617,225.tif,0,15,25,"['{\n  ""ecDNA"": 0\n}', '{\n  ""count"": 0\n}', '{\n  ""ecDNA"": 1\n}', '{\n  ""count"": 0\n}']"
618,2250.tif,0,28,8,"['{\n  ""ecDNA"": 3\n}', '{\n  ""ecDNA"": {\n    ""count"": 0\n  }\n}', '{\n  ""ecDNA"": 1\n}', '{\n    ""ecDNA"": 1,\n    ""nuclei"": 0,\n    ""chromosomes"": 0\n}\n']"
619,2251.tif,0,2,1,"['{\n  ""ecDNA"": 3\n}', '{\n  ""ecDNA"": 0\n}', '{\n  ""ecDNA"": 0\n}', '{""ecDNA"": 7}']"
620,2253.tif,0,4,3,"['{\n  ""ecDNA_count"": 3\n}', '{\n  ""ecDNA"": 0\n}', '{\n""ecDNA"": 0\n}', '{\n  ""ecDNA"": 1\n}']"
621,2254.tif,0,6,7,"['{\n  ""ecDNA"": 2\n}', 'I am sorry, but I need more information to answer your question. Can you please provide me with a specific image or a reference to the ecDNA structure in the image?', '{\n  ""ecDNA"": 1\n}', '{\n  ""ecDNA"": 0\n}']"
622,2259.tif,0,1,0,"['{\n  ""ecDNA"": 3\n}', '{\n""ecDNA"": 0\n}', '{\n  ""ecDNA"": 1\n}', '{\n  ""ecDNA"": 8\n}']"
623,226.tif,0,6,29,"['{\n  ""ecDNA"": 3\n}', '{\n  ""ecDNA"": 0\n}', '{\n""ecDNA"": 1\n}', '{\n  ""count"": 0\n}']"
624,2260.tif,1,0,0,"['{""ecDNA"": 3}', '{\n""ecDNA"": 0\n}', '{\n  ""ecDNA"": 0\n}', '{\n""ecDNA"": 7\n}']"
625,2261.tif,1,0,0,"['```json\n{\n  ""ecDNA"": 3\n}\n```', '{\n""ecDNA"": {\n""count"": 0\n}\n}', '{\n""ecDNA"": 0\n}', '{\n  ""ecDNA"": 1\n}']"
626,2264.tif,1,0,0,"['{\n    ""ecDNA"": 2\n}', '{\n  ""ecDNA"": 0\n}', '{\n  ""ecDNA"": 0\n}', '{\n  ""ecDNA"": 1\n}']"
627,2265.tif,1,0,0,"['```json\n[3]\n```', 'I am sorry, but as an AI language model, I do not have access to image data or specific information about the ecDNA count in the image. Can you please provide more information or clarify your question?', '{\n  ""ecDNA"": 1\n}', '{\n    ""ecDNA"": 7\n}']"
628,2269.tif,0,4,1,"['{\n  ""ecDNA"": 5\n}', '{""ecDNA"": 0}', '{""ecDNA"": {""value"": 1}}', '{\n""ecDNA"": 7\n}']"
629,2270.tif,7,35,7,"['{\n""ecDNA"": 3\n}', '{\n  ""ecDNA"": 0\n}', '{\n  ""count"": 1\n}', '{\n""ecDNA"": 1\n}']"
630,2274.tif,10,26,8,"['```json\n{\n  ""ecDNA"": 3\n}\n```', '{""ecDNA"": 0}', '{\n    ""count"": 1\n}', '{\n""ecDNA"": ""7""\n}']"
631,228.tif,0,7,7,"['```json\n{\n  ""ecDNA"": 20\n}\n```', '{ecDNA: 0}', '```json\n{\n  ""ecDNA"": 1\n}\n```', '{\n""ecDNA"": 0\n}']"
632,2284.tif,1,0,0,"['{\n  ""ecDNA"": 3\n}', '{""ecDNA"": 0}', '```json\n{\n  ""ecDNA"": 1\n}\n```', '```json\n{\n  ""ecDNA"": 8\n}\n```']"
633,2285.tif,2,0,0,"['{\n  ""ecDNA"": 0\n}', '{\n""ecDNA"": 1\n}', '{\n  ""ecDNA"": 0\n}', '{\n  ""ecDNA"": 0\n}']"
634,2288.tif,1,8,1,"['```json\n{\n""ecDNA"": 0\n}\n```', '{\n  ""ecDNA"": 0\n}', '{\n  ""ecDNA"": 1\n}', '{\n  ""ecDNA"": 7\n}']"
635,2289.tif,1,22,20,"['```json\n[3]\n```', '{\n  ""ecDNA"": 0\n}', '{\n  ""ecDNA"": 1\n}', '```json\n{\n  ""ecDNA"": 1\n}\n```']"
636,229.tif,0,16,38,"['{\n""ecDNA"": 4\n}', '{\n  ""ecDNA"": 0\n}', '```json\n{\n  ""ecDNA"": 1\n}\n```', '```json\n{\n  ""ecDNA"": 0\n}\n```']"
637,2290.tif,6,33,9,"['{\n  ""ecDNA"": 2\n}', '{""ecDNA"": 0}', '{\n""ecDNA"": 1\n}', '{\n""ecDNA"": 8\n}']"
638,2291.tif,1,0,0,"['{\n""ecDNA"": 0\n}', '{\n  ""ecDNA"": 0\n}', '{\n  ""count"": 1\n}', '{\n  ""count"": 0\n}']"
639,2292.tif,7,1,20,"['{\n  ""ecDNA"": 4\n}', '{\n  ""count"": 0\n}', '{\n  ""count"": 1\n}', '{\n  ""ecDNA"": 0\n}']"
640,2293.tif,0,8,1,"['{\n  ""ecDNA"": 3\n}', '{\n  ""ecDNA"": 0\n}', '{\n    ""ecDNA"": 0\n}', '{\n    ""ecDNA"": 0\n}']"
641,2294.tif,0,14,2,"['{\n  ""ecDNA"": 0\n}', '{""ecDNA"": 0}', '{\n  ""ecDNA"": 1\n}', '```json\n{\n  ""ecDNA"": 7\n}\n```']"
642,2295.tif,0,1,0,"['{\n    ""ecDNA_count"": 10\n}', '{""ecDNA"": 0}', '{\n  ""ecDNA"": 0\n}', '```json\n{\n  ""ecDNA"": 8\n}\n```']"
643,2296.tif,2,0,1,"['{\n""ecDNA"": 3\n}', '{\n""ecDNA"": 0\n}', '{""ecDNA"": 1}', '{\n  ""ecDNA"": 1\n}']"
644,2297.tif,1,6,1,"['{\n    ""ecDNA"": 3\n}', '{\n  ""ecDNA"": 0\n}', '{\n  ""ecDNA"": 1\n}', '{\n  ""count"": 7\n}']"
645,23.tif,1,0,0,"['{\n  ""ecDNA"": 2\n}', '{\n  ""ecDNA"": 0\n}', '```json\n{\n  ""ecDNA"": 1\n}\n```', '{\n  ""ecDNA"": 7\n}']"
646,230.tif,0,17,30,"['{\n  ""ecDNA"": 1\n}', '```json\n{\n  ""ecDNA"": 0\n}\n```', '{\n""ecDNA"": 1\n}', '{\n  ""ecDNA"": 0\n}']"
647,2302.tif,1,0,0,"['{\n    ""ecDNA"": 3\n}', '{\n  ""count"": 0\n}', '{\n""ecDNA"": 0\n}', '{\n    ""ecDNA"": 1\n}']"
648,2303.tif,1,0,0,"['```json\n{\n  ""ecDNA"": 3\n}\n```', '{\n  ""ecDNA"": {\n    ""value"": 0\n  }\n}', '{\n  ""ecDNA"": 1\n}', '{\n  ""ecDNA"": 1\n}']"
649,2309.tif,0,5,8,"['{\n  ""ecDNA"": 0\n}', '{""ecDNA"": 0}', '```json\n{\n  ""ecDNA"": 1\n}\n```', '```json\n{\n  ""ecDNA"": 7\n}\n```']"
650,231.tif,0,4,15,"['{\n""ecDNA"": 0\n}', '{\n""ecDNA"": 0\n}', '{""ecDNA"": 1}', '{\n  ""ecDNA"": 7\n}']"
651,2310.tif,0,8,7,"['{\n  ""ecDNA"": 3\n}', '{\n""ecDNA"": 0\n}', '{""ecDNA"": 0}', '{\n  ""ecDNA"": 0\n}']"
652,2313.tif,0,22,33,"['{\n""ecDNA"": 42\n}', '{\n  ""ecDNA"": 0\n}', '{\n  ""ecDNA"": 1\n}', '{\n""ecDNA"": 7\n}']"
653,2314.tif,0,25,21,"['{\n""ecDNA"": 2\n}', '{\n  ""ecDNA"": 0\n}', '{\n  ""count"": 1\n}', '```json\n{\n  ""ecDNA"": 7\n}\n```']"
654,2317.tif,0,4,12,"['{\n  ""ecDNA"": 3\n}', '{\n""ecDNA"": {\n""count"": 0\n}\n}', '```json\n{\n  ""ecDNA"": 1\n}\n```', '{\n  ""ecDNA"": 1\n}']"
655,2318.tif,0,5,5,"['{\n  ""ecDNA"": 0\n}', '{""ecDNA"": 0}', '{""ecDNA"": 0}', '{\n  ""ecDNA"": 1\n}']"
656,232.tif,0,4,9,"['{""ecDNA"": 2}', '{\n  ""ecDNA"": 0\n}', '{\n    ""ecDNA"": 1\n}', '{\n  ""ecDNA"": 1\n}']"
657,2320.tif,1,0,0,"['{\n""ecDNA"": 3\n}', '{\n  ""ecDNA"": 0\n}', '{\n  ""ecDNA"": 1\n}', '{\n""ecDNA"": 7\n}']"
658,2321.tif,2,1,0,"['{\n  ""ecDNA"": 0\n}', '{\n  ""ecDNA"": 0\n}', '{\n  ""ecDNA"": 1\n}', '{\n  ""ecDNA"": 1\n}']"
659,2322.tif,1,3,1,"['{\n  ""ecDNA"": 2\n}', '{""ecDNA"": 0}', 'I am unable to provide an integer number in JSON format as requested. Please provide more information or instructions regarding the desired output format.', '{\n""ecDNA"": 0\n}']"
660,2323.tif,1,1,0,"['{\n  ""ecDNA"": 3\n}', '{\n    ""ecDNA"": {\n        ""value"": 0\n    }\n}', '{\n  ""ecDNA"": 1\n}', '{\n  ""ecDNA"": 0\n}']"
661,2324.tif,1,0,0,"['```json\n[2]\n```', '{""ecDNA"": 0}', '{\n  ""ecDNA"": 1\n}', '```json\n{\n  ""ecDNA"": {\n    ""count"": 7\n  }\n}\n```']"
662,2325.tif,1,0,0,"['{\n  ""ecDNA"": 3\n}', '{\n""ecDNA"": {\n""number"": 1\n}\n}', '{\n  ""count"": 1\n}', '{\n  ""ecDNA"": 1\n}']"
663,2326.tif,1,0,0,"['{\n  ""ecDNA"": 3\n}', '{\n  ""ecDNA"": 0\n}', '{\n  ""ecDNA"": {\n    ""value"": 1\n  }\n}', '{\n  ""ecDNA"": 1\n}']"
664,2328.tif,3,4,0,"['```json\n[0]\n```', '{\n  ""ecDNA"": 0\n}', '{\n""ecDNA"": 0\n}', '{\n""ecDNA"": 8\n}']"
665,2329.tif,1,11,0,"['{\n  ""ecDNA_count"": 3\n}', '{\n  ""ecDNA"": 0\n}', '{""ecDNA"": 1}', '{\n  ""ecDNA"": 7\n}']"
666,233.tif,0,14,30,"['{\n  ""ecDNA"": 0\n}', '{""ecDNA"": 0}', '```json\n{\n  ""ecDNA"": 1\n}\n```', '{\n    ""ecDNA"": 8\n}']"
667,2330.tif,0,19,3,"['{\n""ecDNA"": 5\n}', '```json\n{\n  ""ecDNA"": 0\n}\n```', '{\n  ""ecDNA"": 1\n}', '{\n  ""ecDNA"": 7\n}']"
668,2331.tif,0,6,2,"['{\n""ecDNA"": 0\n}', '{\n  ""count"": 0\n}', ""I'm sorry, but there seems to be an issue with your request. You have only provided a single ecDNA count, which is not enough information to accurately determine the total number of ecDNA in the image. Please provide more details about the image, such as the size and resolution of the image, and any specific areas within the image that you would like me to analyze for ecDNA. This will allow me to provide you with the most accurate and useful information."", '{\n""ecDNA"": 0\n}']"
669,2332.tif,1,8,0,"['{\n    ""ecDNA"": 3\n}', '{\n  ""ecDNA"": 0\n}', '{\n""ecDNA"": 1\n}', '```json\n{\n  ""ecDNA"": 1\n}\n```']"
670,2333.tif,1,23,2,"['{\n  ""ecDNA"": 3\n}', '{\n    ""ecDNA"": 0\n}', '{\n""ecDNA"": 0\n}', '{\n  ""ecDNA"": 1\n}']"
671,2334.tif,1,0,0,"['{\n  ""ecDNA_count"": 3\n}', '{\n  ""ecDNA"": 0\n}', '{\n""ecDNA"": 1\n}', '{\n""ecDNA"": 7\n}']"
672,2335.tif,1,0,0,"['{\n  ""ecDNA"": 3\n}', '{\n  ""ecDNA"": 0\n}', '```json\n{\n  ""ecDNA"": 1\n}\n```', '{\n  ""ecDNA"": 1\n}']"
673,2337.tif,1,2,0,"['{\n""ecDNA"": 0\n}', '{\n  ""ecDNA"": 0\n}', '{\n""ecDNA"": 1\n}', '{""ecDNA"": 8}']"
674,2338.tif,1,0,0,"['{\n  ""ecDNA"": 3\n}', '{""ecDNA"": 0}', '```json\n{\n  ""ecDNA"": {\n    ""count"": 0\n  }\n}\n```', '{\n    ""ecDNA"": 1\n}']"
675,2339.tif,1,0,0,"['```json\n{\n  ""ecDNA"": 3\n}\n```', '{\n  ""ecDNA"": 0\n}', '{\n  ""ecDNA"": 0\n}', '{\n  ""ecDNA"": 7\n}']"
676,234.tif,0,14,24,"['{""ecDNA_count"": 1}', '```json\n{\n  ""ecDNA"": 0\n}\n```', '{\n  ""ecDNA"": 1\n}', '{\n  ""ecDNA"": 1\n}']"
677,2340.tif,5,0,1,"['```json\n[1]\n```', '{""ecDNA_count"": 1}', '```json\n{\n  ""ecDNA"": 1\n}\n```', '{\n  ""ecDNA"": 1\n}']"
678,2341.tif,1,0,0,"['{\n    ""ecDNA"": 0\n}', '{""ecDNA"": 0}', '{\n""ecDNA"": 0\n}', '{\n  ""ecDNA"": 8\n}']"
679,2342.tif,1,0,0,"['{\n""ecDNA"": 3\n}', '```json\n{\n  ""ecDNA"": 0\n}\n```', '{\n  ""ecDNA"": 1\n}', '{\n  ""ecDNA"": 8\n}']"
680,235.tif,0,9,25,"['{\n  ""ecDNA"": 5\n}', '{""ecDNA"": 0}', '{\n    ""ecDNA"": 1\n}', '{\n    ""ecDNA"": 5\n}']"
681,236.tif,2,2,32,"['{\n  ""ecDNA"": 3\n}', '{\n    ""ecDNA"": 0\n}', '{\n    ""ecDNA"": 1\n}', '{\n  ""ecDNA"": 1\n}']"
682,237.tif,0,2,17,"['{\n    ""ecDNA"": 10\n}', '{\n  ""ecDNA"": 0\n}', '{\n  ""ecDNA"": 1\n}', '{\n    ""ecDNA"": 1\n}']"
683,238.tif,0,4,18,"['{""ecDNA"": 2}', '{\n  ""ecDNA"": 0\n}', ""I'm sorry, but I cannot provide an accurate count of ecDNA in an image without seeing the image itself. Could you please provide the image so that I can analyze it and give you the count of ecDNA?"", '{\n  ""ecDNA"": 7\n}']"
684,242.tif,0,6,12,"['{\n  ""ecDNA"": 3\n}', '{\n  ""ecDNA"": {\n    ""count"": 0\n  }\n}', '{\n  ""ecDNA"": 1\n}', '{\n  ""ecDNA"": 7\n}']"
685,243.tif,0,2,5,"['{\n  ""ecDNA"": 3\n}', '```json\n{""ecDNA"": 0}\n```', '```json\n{\n  ""ecDNA"": 1\n}\n```', '{\n  ""ecDNA"": 1\n}']"
686,245.tif,28,0,16,"['{\n  ""ecDNA"": 2\n}', '{\n  ""ecDNA"": 0\n}', '```json\n{\n  ""ecDNA"": 0\n}\n```', '{\n    ""ecDNA"": 7\n}']"
687,246.tif,6,4,71,"['{\n  ""ecDNA"": 2\n}', '{\n""ecDNA"": 0\n}', '{\n""ecDNA"": 0\n}', '{\n""ecDNA"": 7\n}']"
688,247.tif,0,12,64,"['```json\n[1]\n```', '{\n  ""ecDNA"": {\n    ""count"": 0\n  }\n}', '{\n  ""ecDNA"": 0\n}', '{\n  ""ecDNA"": {\n    ""count"": 6\n  }\n}']"
689,248.tif,0,24,60,"['{\n  ""ecDNA"": {\n    ""count"": 4\n  }\n}', '{\n  ""ecDNA"": 0\n}', '{""ecDNA"": 1}', '```json\n{\n  ""count"": 0\n}\n```']"
690,249.tif,12,6,13,"['{\n    ""ecDNA"": 2\n}', '{""ecDNA"": 0}', '{\n  ""ecDNA"": 0\n}', '{\n  ""ecDNA"": 8\n}']"
691,250.tif,2,5,65,"['{\n  ""ecDNA"": 0\n}', '{\n  ""count"": 0\n}', '```json\n{\n  ""ecDNA"": 0\n}\n```', '{\n  ""count"": 7\n}']"
692,251.tif,0,24,85,"['{\n    ""ecDNA"": 3\n}', '```json\n{\n  ""ecDNA"": 0\n}\n```', '{\n  ""ecDNA"": 1\n}', '{\n  ""ecDNA"": 1\n}']"
693,252.tif,0,22,120,"['{\n  ""ecDNA"": 0\n}', '{\n  ""ecDNA"": 0\n}', '{\n  ""ecDNA"": 1\n}', '{\n  ""count"": 7\n}']"
694,253.tif,6,22,116,"['{\n""ecDNA"": 5\n}', '{\n""ecDNA"": 0\n}', '{\n  ""ecDNA"": 1\n}', '{\n  ""count"": 7\n}']"
695,254.tif,2,17,154,"['{\n  ""ecDNA"": 0\n}', '{\n    ""ecDNA"": 0\n}', '{\n  ""ecDNA"": {\n    ""value"": 0,\n    ""count"": 1\n  }\n}', '{\n  ""ecDNA"": 7\n}']"
696,255.tif,0,13,86,"['{\n""ecDNA"": 2\n}', '{\n  ""ecDNA"": 0\n}', '{\n  ""ecDNA"": {\n    ""count"": 1\n  }\n}', '{\n    ""ecDNA"": 1\n}']"
697,257.tif,11,6,127,"['{\n  ""ecDNA"": 0\n}', '{""ecDNA"": 0}', '{""ecDNA_count"": 1}', '```json\n{\n  ""ecDNA"": 5\n}\n```']"
698,258.tif,0,1,78,"['```json\n[1]\n```', '{""ecDNA"": 0}', '{\n  ""ecDNA"": 1\n}', '{\n""ecDNA"": 7\n}']"
699,259.tif,0,3,24,"['```json\n{\n  ""ecDNA"": 5\n}\n```', '{\n  ""ecDNA"": {\n    ""count"": 0\n  }\n}', '```json\n{\n  ""ecDNA"": 1\n}\n```', '{\n  ""count"": 0\n}']"
700,260.tif,0,2,5,"['{\n  ""ecDNA"": 10\n}', '{\n    ""ecDNA"": 0\n}', '{\n  ""ecDNA"": {\n    ""count"": 0\n  }\n}', '{\n    ""ecDNA"": 1\n}']"
701,262.tif,0,2,7,"['{""ecDNA"": 5}', '{""ecDNA"": 0}', '{\n  ""ecDNA"": 1\n}', '{\n""ecDNA"": 7\n}']"
702,263.tif,0,13,34,"['{""ecDNA"": 3}', '{\n""ecDNA"": 0\n}', '{\n""ecDNA"": 1\n}', '{\n    ""ecDNA"": 7\n}']"
703,266.tif,0,15,22,"['{\n  ""ecDNA"": 3\n}', '{\n  ""ecDNA"": 0\n}', '```json\n{\n  ""ecDNA"": 1\n}\n```', '{\n  ""ecDNA"": 0\n}']"
704,267.tif,0,35,37,"['{\n  ""ecDNA"": 1\n}', '{\n  ""ecDNA"": 0\n}', '{\n  ""ecDNA"": 0\n}', '{\n  ""ecDNA"": 1\n}']"
705,268.tif,0,11,49,"['{\n    ""ecDNA"": 3\n}', '```json\n{\n  ""ecDNA"": 0\n}\n```', '```json\n{\n  ""ecDNA"": 0\n}\n```', '{\n  ""ecDNA"": 5\n}']"
706,269.tif,0,13,110,"['{\n  ""ecDNA"": 3\n}', '{\n  ""ecDNA"": 0\n}', '{""ecDNA"": 0}', '{\n""ecDNA"": ""7""\n}']"
707,270.tif,0,6,25,"['{\n  ""ecDNA"": 1\n}', '{\n  ""ecDNA"": 0\n}', '{\n    ""ecDNA"": 1\n}', '{\n    ""ecDNA"": 1\n}']"
708,271.tif,0,15,26,"['{\n  ""ecDNA"": 1\n}', '{\n  ""ecDNA"": {\n    ""count"": 0\n  }\n}', '{\n  ""ecDNA"": 1\n}', 'The image contains {count} ecDNA.']"
709,272.tif,0,21,86,"['{\n""ecDNA"": 3\n}', '```json\n{\n  ""ecDNA"": 0\n}\n```', '```json\n{""ecDNA"": 0}\n```', '{\n  ""ecDNA"": 1\n}']"
710,273.tif,0,26,156,"['{""ecDNA"": 3}', '{\n  ""count"": 0\n}', '```json\n{\n  ""ecDNA"": {\n    ""value"": 1\n  }\n}\n```', '{\n  ""ecDNA"": 7\n}']"
711,274.tif,0,10,68,"['{\n  ""ecDNA"": {\n    ""count"": 3,\n    ""percentage"": 1000\n  }\n}', '{\n""ecDNA"": 0\n}', '{\n""ecDNA"": 0\n}', '{\n  ""ecDNA"": 1\n}']"
712,276.tif,0,4,18,"['{\n  ""ecDNA"": 0\n}', '{\n""ecDNA"": 0\n}', '```json\n{\n  ""count"": 1\n}\n```', '{\n  ""ecDNA"": 1\n}']"
713,277.tif,0,13,51,"['{\n  ""ecDNA"": 3\n}', '{\n""ecDNA"": 0\n}', '{\n  ""ecDNA"": 1\n}', '{\n""ecDNA"": 5\n}']"
714,289.tif,0,26,17,"['{\n  ""ecDNA"": 0\n}', '{""ecDNA_count"": 0}', '{\n  ""ecDNA"": 0\n}', '{\n""ecDNA"": 1\n}']"
715,29.tif,0,9,0,"['{\n  ""ecDNA"": 1\n}', ""I'm sorry, but I need more information to answer your question. The number of ecDNA in the image is not provided. Please provide the number of ecDNA so that I can perform the analysis."", '{\n  ""ecDNA"": 1\n}', '{\n  ""ecDNA"": 0\n}']"
716,290.tif,0,13,16,"['{\n""ecDNA"": 5\n}', '{\n  ""ecDNA"": 0\n}', '{\n    ""ecDNA"": 1\n}', '```json\n{\n  ""ecDNA"": 7\n}\n```']"
717,293.tif,0,27,10,"['{""ecDNA"": 0}', '{\n  ""ecDNA"": 0\n}', '{\n""ecDNA"": 0\n}', '```json\n[0]\n```']"
718,294.tif,0,11,20,"['```json\n{\n  ""ecDNA"": 3\n}\n```', '{\n  ""ecDNA"": 0\n}', '{\n  ""ecDNA"": 1\n}', 'The image contains {count} ecDNA.']"
719,295.tif,0,7,11,"['{""ecDNA"": 3}', '```json\n{\n  ""ecDNA"": {\n    ""count"": 0\n  }\n}\n```', '{\n    ""ecDNA"": 0\n}', '{\n  ""count"": 7\n}']"
720,297.tif,0,2,1,"['{""ecDNA"": 0}', '{ecDNA: 0}', '{\n  ""ecDNA"": 0\n}', '{\n  ""ecDNA"": 5\n}']"
721,298.tif,0,7,5,"['{""ecDNA"": 4}', '{\n  ""ecDNA"": 0\n}', '{\n    ""ecDNA"": 1\n}', '{\n    ""ecDNA"": 1\n}']"
722,3.tif,2,0,0,"['{\n  ""ecDNA"": 3\n}', '{\n  ""ecDNA"": 0\n}', '```json\n{\n  ""ecDNA"": 1\n}\n```', '{\n  ""ecDNA"": 1\n}']"
723,309.tif,0,18,28,"['{\n  ""ecDNA"": 3\n}', '```json\n{\n  ""ecDNA"": 0\n}\n```', ""I'm sorry, but you have not provided enough information to answer your question. Could you please provide more details such as the size of the image or any specific parameters related to the ecDNA analysis?"", '```json\n{\n  ""ecDNA"": 8\n}\n```']"
724,310.tif,0,9,22,"['{\n  ""ecDNA"": 3\n}', '{\n    ""ecDNA"": 0\n}', '{\n    ""ecDNA"": 1\n}', '{\n  ""ecDNA"": 0\n}']"
725,311.tif,0,3,10,"['{\n  ""ecDNA"": 1\n}', '{\n  ""ecDNA"": 0\n}', '{\n  ""ecDNA"": 1\n}', '{\n  ""ecDNA"": 7\n}']"
726,313.tif,0,20,22,"['{\n  ""ecDNA"": 3\n}', '{\n  ""ecDNA"": 0\n}', '```json\n{\n  ""ecDNA"": 1\n}\n```', '{\n  ""count"": 8\n}']"
727,314.tif,0,18,30,"['{""ecDNA"": 0}', '{\n  ""ecDNA"": 0\n}', '```json\n{\n  ""ecDNA"": 0\n}\n```', '```json\n{\n  ""ecDNA"": 1\n}\n```']"
728,315.tif,0,7,11,"['{\n  ""ecDNA"": 10\n}', '```json\n{\n  ""ecDNA"": 0\n}\n```', '{\n  ""ecDNA"": 0\n}', '{\n""ecDNA"": 7\n}']"
729,32.tif,0,16,0,"['{\n  ""ecDNA"": 3\n}', '{\n  ""ecDNA"": 0\n}', '{\n  ""ecDNA"": 1\n}', '{\n  ""ecDNA"": 5\n}']"
730,325.tif,0,3,0,"['{\n  ""ecDNA"": 3\n}', '{""ecDNA"": 0}', '```json\n{\n  ""ecDNA"": 1\n}\n```', '```json\n[7]\n```']"
731,326.tif,0,3,6,"['{\n  ""ecDNA"": 5\n}', '{\n""ecDNA"": 0\n}', '{\n  ""ecDNA"": 1\n}', '{\n  ""count"": 0\n}']"
732,328.tif,0,4,0,"['{\n  ""ecDNA"": {\n    ""count"": 2\n  }\n}', '{\n""ecDNA"": 0\n}', '{\n""ecDNA"": 1\n}', 'The image contains 0 ecDNA.']"
733,329.tif,0,17,26,"['{\n  ""ecDNA"": 2\n}', '{\n  ""ecDNA"": 0\n}', '{\n  ""ecDNA"": 1\n}', '{\n    ""count"": 0\n}']"
734,33.tif,0,45,2,"['{\n""ecDNA"": 0\n}', '{\n  ""ecDNA"": {\n    ""value"": 0\n  }\n}', '{\n  ""ecDNA"": 0\n}', '```json\n{\n  ""ecDNA"": 0\n}\n```']"
735,330.tif,0,11,27,"['{\n  ""ecDNA"": 3\n}', '{\n  ""ecDNA"": 0\n}', '{\n  ""count"": 1\n}', '{\n""ecDNA"": 1\n}']"
736,331.tif,0,8,15,"['{\n    ""ecDNA"": 2\n}', '{\n  ""ecDNA"": 0\n}', '{\n  ""ecDNA"": 0\n}', '```json\n{\n  ""ecDNA"": 1\n}\n```']"
737,333.tif,0,15,11,"['{""ecDNA"": 4}', '{\n  ""ecDNA"": {\n    ""count"": 0\n  }\n}', '{\n""ecDNA"": 1\n}', '{\n  ""ecDNA"": {\n    ""total"": 1,\n    ""in_image"": true\n  }\n}']"
738,334.tif,0,21,33,"['{\n  ""ecDNA"": 2\n}', '{\n  ""ecDNA"": 0\n}', '{\n  ""ecDNA"": 1\n}', '{\n  ""count"": 8\n}']"
739,335.tif,0,7,10,"['{\n""ecDNA"": 4\n}', '```json\n{\n  ""ecDNA"": 0\n}\n```', '{\n  ""ecDNA"": {\n    ""total"": 1,\n    ""type"": ""Circular""\n  }\n}', '{\n  ""ecDNA"": 0\n}']"
740,343.tif,1,0,0,"['{\n  ""ecDNA"": 3\n}', '```json\n{\n  ""ecDNA"": 0\n}\n```', '{\n  ""count"": 1\n}', '{\n  ""ecDNA"": 1\n}']"
741,344.tif,0,12,1,"['{\n""ecDNA"": 3\n}', '{\n  ""ecDNA"": {\n    ""value"": 0\n  }\n}', '{\n  ""ecDNA"": {\n    ""count"": 1\n  }\n}', '{\n""ecDNA"": 1\n}']"
742,345.tif,0,58,37,"['{\n  ""ecDNA"": 0\n}', '{\n  ""ecDNA"": 0\n}', '```json\n{\n  ""ecDNA"": 1\n}\n```', '{\n    ""ecDNA"": 1\n}']"
743,346.tif,0,40,51,"['{\n""ecDNA"": 1\n}', '{\n  ""ecDNA"": 0\n}', '{\n  ""ecDNA"": {\n    ""value"": 0\n  }\n}', '{\n  ""ecDNA"": {\n    ""value"": 7,\n    ""description"": ""The number of ecDNA in the image""\n  }\n}']"
744,347.tif,1,2,6,"['{\n  ""ecDNA"": 0\n}', '{\n  ""ecDNA"": 0\n}', '{\n  ""ecDNA"": 1\n}', '{\n""ecDNA"": 0\n}']"
745,348.tif,0,14,28,"['{\n  ""ecDNA"": 3\n}', '{\n  ""ecDNA"": 0\n}', '```json\n{""ecDNA"": 1}\n```', '```json\n{\n  ""ecDNA"": 0\n}\n```']"
746,349.tif,0,30,80,"['{\n""ecDNA"": 3\n}', '{""ecDNA"": 0}', '{\n  ""ecDNA"": {\n    ""value"": 0,\n    ""status"": ""not found""\n  }\n}', '{\n    ""ecDNA"": 0\n}']"
747,350.tif,0,11,68,"['{""ecDNA"": 3}', '{\n  ""ecDNA"": 0\n}', '{\n""ecDNA"": 0\n}', '{\n  ""ecDNA"": 1\n}']"
748,352.tif,0,13,17,"['{\n  ""ecDNA"": 0\n}', '{\n""ecDNA"": 0\n}', '{\n  ""ecDNA"": {\n    ""number"": 1\n  }\n}', '{""ecDNA"": 1}']"
749,353.tif,0,32,75,"['{\n""ecDNA"": 0\n}', '```json\n{\n  ""ecDNA"": 0\n}\n```', '```json\n[1]\n```', '```json\n[7]\n```']"
750,354.tif,0,15,57,"['{\n  ""ecDNA"": 1\n}', '{\n  ""ecDNA"": 0\n}', '{\n""ecDNA"": 0\n}', '{\n  ""count"": 0\n}']"
751,357.tif,0,3,6,"['{\n  ""ecDNA"": 4\n}', '{\n  ""ecDNA"": 0\n}', '{""ecDNA"": 1}', '```json\n{\n  ""ecDNA"": 8\n}\n```']"
752,36.tif,4,1,0,"['{\n    ""ecDNA_count"": 1\n}', '```json\n{\n  ""ecDNA"": 0\n}\n```', '{\n  ""ecDNA"": 0\n}', '{\n  ""ecDNA"": 7\n}']"
753,368.tif,1,0,0,"['{\n  ""ecDNA"": 3\n}', '{""ecDNA"": 0}', '{\n  ""ecDNA"": 0\n}', '{\n  ""ecDNA"": 8\n}']"
754,369.tif,0,15,11,"['{\n  ""ecDNA"": 5\n}', '{\n    ""ecDNA"": 0\n}', '{\n  ""ecDNA"": 1\n}', '{\n    ""ecDNA"": 1\n}']"
755,37.tif,2,18,5,"['{\n    ""ecDNA"": 3\n}', '```json\n{""ecDNA"": 0}\n```', '{\n  ""ecDNA"": 0\n}', '```json\n{\n  ""ecDNA"": 7\n}\n```']"
756,370.tif,0,14,18,"['{\n  ""ecDNA"": 5\n}', '{\n  ""ecDNA"": 0\n}', '{\n  ""ecDNA"": {\n    ""count"": 1\n  }\n}', '```json\n{\n  ""ecDNA"": 10\n}\n```']"
757,371.tif,0,4,6,"['{\n""ecDNA"": 10\n}', '{\n  ""ecDNA"": 0\n}', '{\n  ""ecDNA"": 1\n}', '```json\n{\n  ""ecDNA"": 7\n}\n```']"
758,372.tif,1,0,0,"['{\n  ""ecDNA"": {\n    ""count"": 3\n  }\n}', '```json\n{\n  ""ecDNA"": 0\n}\n```', '{\n  ""ecDNA"": 0\n}', '```json\n[7]\n```']"
759,373.tif,0,21,10,"['```json\n{\n  ""ecDNA"": 2\n}\n```', '{\n""ecDNA"": 0\n}', '{\n  ""ecDNA"": {\n    ""value"": 0,\n    ""count"": 0\n  }\n}', '{\n  ""ecDNA"": 1\n}']"
760,374.tif,0,23,17,"['{\n  ""ecDNA"": 3\n}', '{\n  ""ecDNA"": 0\n}', '{\n    ""ecDNA"": 0\n}', '{\n  ""ecDNA"": {\n    ""value"": 1,\n    ""unit"": ""number""\n  }\n}']"
761,375.tif,0,3,3,"['{\n""ecDNA"": 3\n}', '```json\n{\n  ""ecDNA"": 0\n}\n```', '{\n  ""ecDNA"": {\n    ""count"": 0\n  }\n}', '{\n  ""ecDNA"": 0\n}']"
762,378.tif,0,4,3,"['{\n  ""ecDNA"": 10\n}', '{\n    ""ecDNA"": 0\n}', '{\n    ""ecDNA"": 1\n}', '{\n    ""ecDNA"": 1\n}']"
763,385.tif,0,4,8,"['{\n  ""ecDNA"": 3\n}', '{\n  ""ecDNA"": 0\n}', '{\n    ""ecDNA"": 0\n}', '```json\n{\n  ""ecDNA"": 8\n}\n```']"
764,388.tif,0,11,12,"['{\n  ""ecDNA"": 5\n}', '{\n  ""ecDNA"": 0\n}', '```json\n{\n  ""count"": 1\n}\n```', '{\n  ""ecDNA"": 7\n}']"
765,389.tif,0,32,46,"['{\n  ""ecDNA"": 10\n}', '{\n  ""ecDNA"": 0\n}', '{\n    ""ecDNA"": 1\n}', '{\n""ecDNA"": 7\n}']"
766,390.tif,0,26,72,"['{\n  ""ecDNA"": 0\n}', '{\n  ""ecDNA"": 0\n}', '{\n""ecDNA"": {\n""count"": 1\n}\n}', '{\n  ""count"": 1\n}']"
767,391.tif,0,8,34,"['{\n    ""ecDNA"": 3\n}', '{""ecDNA"": 0}', '{\n  ""ecDNA"": 1\n}', '{\n""ecDNA"": 7\n}']"
768,392.tif,0,19,20,"['{\n  ""ecDNA"": 3\n}', '{\n  ""ecDNA"": 0\n}', '{\n  ""ecDNA"": {\n    ""value"": 1,\n    ""unit"": ""number""\n  }\n}', '{\n  ""ecDNA"": 1\n}']"
769,393.tif,0,14,23,"['{\n""ecDNA"": 4\n}', '{\n""ecDNA"": 0\n}', '{""ecDNA"": 1}', '{\n  ""ecDNA"": 7\n}']"
770,394.tif,0,26,78,"['{""ecDNA"": 0}', '{\n""ecDNA"": 0\n}', '{\n    ""ecDNA"": 0\n}', '{\n""ecDNA"": 8\n}']"
771,395.tif,0,18,43,"['{\n""ecDNA"": 0\n}', '{\n  ""ecDNA"": 0\n}', '{\n  ""ecDNA"": 1\n}', '{\n  ""ecDNA"": 7\n}']"
772,398.tif,0,13,36,"['{\n  ""ecDNA"": 3\n}', '{\n  ""ecDNA"": 0\n}', '{\n""ecDNA"": 1\n}', '{\n    ""ecDNA"": {\n        ""count"": 1\n    }\n}']"
773,399.tif,0,2,12,"['{\n""ecDNA"": 3\n}', '{\n  ""ecDNA"": 0\n}', '```json\n{\n  ""ecDNA"": 0\n}\n```', '```json\n{\n  ""ecDNA"": 1\n}\n```']"
774,4.tif,3,1,0,"['```json\n{\n  ""ecDNA"": 4\n}\n```', '{\n  ""count"": 1\n}', '{""ecDNA"": {""count"": 1}}', '{\n  ""ecDNA"": 7\n}']"
775,40.tif,2,0,0,"['{\n  ""ecDNA"": 1\n}', '{\n""ecDNA"": 0\n}', '{\n  ""ecDNA"": 1\n}', '{\n    ""ecDNA"": 8\n}']"
776,409.tif,0,11,32,"['{\n    ""ecDNA"": 0\n}', '{\n    ""ecDNA"": 0\n}', '{\n  ""ecDNA"": 0\n}', '{\n  ""ecDNA"": 0\n}']"
777,41.tif,1,1,0,"['{\n  ""ecDNA"": 3\n}', '```json\n{\n  ""ecDNA"": 0\n}\n```', '```json\n{\n  ""ecDNA"": 1\n}\n```', '{\n""ecDNA"": 5\n}']"
778,410.tif,0,16,34,"['{\n  ""ecDNA"": 3\n}', '{\n  ""ecDNA"": 0\n}', '{""ecDNA"": 0}', '```json\n{""count"": 1}\n```']"
779,411.tif,0,3,24,"['{""ecDNA"": 3}', '{\n  ""ecDNA"": 0\n}', '{\n  ""ecDNA"": 0\n}', '```json\n{\n  ""ecDNA"": 7\n}\n```']"
780,413.tif,0,22,38,"['{\n""ecDNA"": 2\n}', '{""ecDNA"": 0}', '{\n  ""ecDNA"": {\n    ""value"": 1,\n    ""unit"": ""count""\n  }\n}', '{\n  ""ecDNA"": {\n    ""count"": 7\n  }\n}']"
781,414.tif,0,23,58,"['{\n  ""ecDNA"": 4\n}', '{\n    ""ecDNA"": 0\n}', '{\n    ""ecDNA"": 1\n}', '{\n  ""ecDNA"": 1\n}']"
782,428.tif,0,3,6,"['{\n  ""ecDNA"": 2\n}', '{\n  ""count"": 1\n}', '{\n  ""ecDNA"": 1\n}', '{\n""ecDNA"": 1\n}']"
783,429.tif,0,29,38,"['{\n""ecDNA"": 0\n}', '{\n  ""ecDNA"": 0\n}', '{\n  ""ecDNA"": 1\n}', '{\n  ""ecDNA"": 1\n}']"
784,430.tif,0,4,12,"['{\n    ""ecDNA"": 0\n}', '{\n""ecDNA"": 0\n}', '{\n  ""ecDNA"": {\n    ""count"": 1\n  }\n}', '{\n  ""ecDNA"": 1\n}']"
785,432.tif,2,3,2,"['{\n  ""ecDNA"": 0\n}', '{\n  ""ecDNA"": 0\n}', '{\n  ""count"": 1\n}', '{\n    ""ecDNA"": 5\n}']"
786,433.tif,0,24,50,"['{""ecDNA"":3}', '{\n  ""ecDNA"": 0\n}', 'The number of ecDNA in the image is 1.', '{\n    ""ecDNA"": 1\n}']"
787,434.tif,1,10,23,"['{\n    ""ecDNA"": 0\n}', '{\n  ""ecDNA"": 0\n}', '{\n  ""count"": 1\n}', '{\n  ""ecDNA"": 0\n}']"
788,435.tif,0,4,6,"['{\n  ""ecDNA"": 2\n}', '{\n    ""ecDNA"": 0\n}', '{\n  ""ecDNA"": 1\n}', '{\n    ""ecDNA"": 7\n}']"
789,437.tif,0,6,4,"['{\n  ""ecDNA"": 0\n}', '{\n  ""ecDNA"": 0\n}', '```json\n{\n  ""ecDNA"": 1\n}\n```', '{\n  ""ecDNA"": 1\n}']"
790,438.tif,0,4,3,"['{\n    ""ecDNA"": 0\n}', '```json\n{\n  ""ecDNA"": 0\n}\n```', '{\n  ""ecDNA"": {\n    ""count"": 1\n  }\n}', '{\n""ecDNA"": 7\n}']"
791,439.tif,0,2,2,"['{\n  ""ecDNA"": 1\n}', '{\n  ""ecDNA"": {\n    ""count"": 0\n  }\n}', '{\n  ""ecDNA"": 0\n}', '{\n""ecDNA"": 0\n}']"
792,44.tif,1,0,0,"['{\n  ""ecDNA"": 0\n}', '{\n  ""ecDNA"": 0\n}', '{\n  ""ecDNA"": 0\n}', '{\n  ""count"": 0\n}']"
793,440.tif,0,1,10,"['{\n  ""ecDNA"": 3\n}', '{\n  ""count"": 0\n}', '{\n  ""ecDNA"": 1\n}', '{\n""ecDNA"": 1\n}']"
794,442.tif,0,3,11,"['```json\n{\n  ""ecDNA"": 3\n}\n```', 'I can assist with that! Based on the image provided, there are {count} ecDNA.', '{\n  ""ecDNA"": 1\n}', '{\n""ecDNA"": ""7""\n}']"
795,443.tif,0,20,24,"['{\n  ""ecDNA"": 3\n}', '```json\n{\n  ""ecDNA"": 0\n}\n```', '```json\n{\n  ""ecDNA"": 1\n}\n```', '{\n  ""ecDNA"": 1\n}']"
796,446.tif,0,12,27,"['{""ecDNA"": 0}', '{\n  ""ecDNA"": 0\n}', '{\n  ""ecDNA"": 1\n}', '{ecDNA: 7}']"
797,447.tif,0,31,33,"['{\n  ""ecDNA"": 2\n}', '{\n  ""ecDNA"": 0\n}', '{\n  ""ecDNA"": 1\n}', '```json\n{\n  ""count"": 1\n}\n```']"
798,448.tif,0,11,61,"['{""ecDNA"": 0}', '{\n""ecDNA"": 0\n}', '{\n    ""ecDNA"": 0\n}', '{\n    ""count"": 0\n}']"
799,449.tif,0,19,121,"['```json\n[1]\n```', '{\n  ""ecDNA"": 0\n}', '{\n  ""ecDNA"": 1\n}', '{\n  ""ecDNA"": 7\n}']"
800,45.tif,1,4,2,"['{\n  ""ecDNA"": 3\n}', '{\n  ""ecDNA"": 0\n}', '{\n  ""ecDNA"": 1\n}', '{\n    ""ecDNA"": 1\n}']"
801,450.tif,1,3,60,"['{\n  ""ecDNA"": 1\n}', '```json\n{\n  ""ecDNA"": 0\n}\n```', '{\n  ""ecDNA"": 0\n}', '{\n  ""ecDNA"": 1\n}']"
802,451.tif,0,11,21,"['{\n  ""ecDNA"": 2\n}', '{""ecDNA"": 0}', '{\n  ""ecDNA"": 1\n}', '{\n""ecDNA"": 0\n}']"
803,452.tif,0,11,61,"['{\n""ecDNA"": 10\n}', '{\n  ""ecDNA"": 0\n}', '```json\n[1]\n```', '```json\n{\n  ""ecDNA"": 5\n}\n```']"
804,453.tif,0,25,154,"['```json\n{\n  ""ecDNA"": {\n    ""count"": 0\n  }\n}\n```', '{\n  ""ecDNA"": 0\n}', '```json\n{""ecDNA"": 1}\n```', '{\n  ""ecDNA"": 8\n}']"
805,454.tif,0,13,98,"['{\n  ""ecDNA"": 5\n}', '{\n""ecDNA"": 0\n}', '{\n  ""ecDNA"": 0\n}', '{\n  ""ecDNA"": 8\n}']"
806,457.tif,0,8,26,"['{\n  ""ecDNA"": {\n    ""count"": 5\n  }\n}', '{\n  ""ecDNA"": 0\n}', '{\n""ecDNA"": 1\n}', '{""ecDNA"": 7}']"
807,468.tif,0,8,16,"['{\n""ecDNA"": 0\n}', '{\n""ecDNA"": 0\n}', '{\n  ""ecDNA"": 1\n}', '{\n""ecDNA"": 0\n}']"
808,469.tif,0,16,33,"['{\n    ""ecDNA_count"": 0\n}', '{\n    ""ecDNA"": 0\n}', '```json\n{\n  ""ecDNA"": 1\n}\n```', '{\n""ecDNA"": 1\n}']"
809,470.tif,0,2,5,"['{""ecDNA"": 3}', '{\n  ""ecDNA"": 0\n}', '{\n  ""count"": 1\n}', '{\n""ecDNA"": 7\n}']"
810,472.tif,0,13,37,"['{\n    ""ecDNA"": 3\n}', '{""ecDNA"": 0}', '{\n  ""ecDNA"": 1\n}', '{""ecDNA"": 7}']"
811,473.tif,0,34,52,"['{\n  ""ecDNA"": 0\n}', '{""ecDNA"": 0}', '```json\n{""ecDNA"": 1}\n```', '{\n  ""count"": 5\n}']"
812,474.tif,0,9,17,"['```json\n[1]\n```', '```json\n{\n  ""ecDNA"": 0\n}\n```', '{\n  ""count"": 1\n}', '{\n    ""ecDNA"": 1\n}']"
813,476.tif,0,3,9,"['{\n  ""ecDNA"": 5\n}', '```json\n{\n""ecDNA"": 0\n}\n```', '{\n""ecDNA"": 1\n}', '{\n  ""ecDNA"": 7\n}']"
814,477.tif,0,11,17,"['{\n  ""ecDNA"": 3\n}', '{\n""ecDNA"": 0\n}', '```json\n{\n  ""ecDNA"": 1\n}\n```', '{\n  ""ecDNA"": 0\n}']"
815,478.tif,1,3,3,"['{\n  ""ecDNA"": 1\n}', '{\n  ""ecDNA"": 0\n}', '{\n  ""ecDNA"": 1\n}', '{\n  ""ecDNA"": 7\n}']"
816,479.tif,5,0,15,"['{\n  ""ecDNA"": 0\n}', '{""ecDNA"": 0}', '{\n  ""ecDNA"": 1\n}', '{\n  ""ecDNA"": 1\n}']"
817,485.tif,0,4,20,"['{\n  ""ecDNA"": {\n    ""count"": 42079\n  }\n}', '{\n  ""ecDNA"": 0\n}', '```json\n{\n  ""ecDNA"": 1\n}\n```', '{\n  ""ecDNA"": {\n    ""value"": 1,\n    ""unit"": """"\n  }\n}']"
818,486.tif,0,9,17,"['{""ecDNA"": 3}', '{\n""ecDNA"": 0\n}', '{\n  ""ecDNA"": 1\n}', '{\n  ""count"": 1\n}']"
819,487.tif,0,3,1,"['{""ecDNA"": 4}', '{\n""ecDNA"": 0\n}', '{""ecDNA"":1}', '```json\n[7]\n```']"
820,488.tif,0,2,6,"['{\n  ""ecDNA"": 3\n}', '{ecDNA: 0}', '{\n    ""ecDNA"": 1\n}', '{\n  ""ecDNA"": 1\n}']"
821,489.tif,0,29,88,"['{\n  ""ecDNA"": 3\n}', '```json\n{\n  ""count"": 3\n}\n```', '{\n  ""ecDNA"": 1\n}', '{\n  ""ecDNA"": 7\n}']"
822,49.tif,0,39,2,"['```json\n[1]\n```', '{\n  ""ecDNA"": 0\n}', '{\n  ""ecDNA"": 1\n}', '{\n  ""ecDNA"": 5\n}']"
823,490.tif,0,21,58,"['{\n  ""ecDNA"": 0\n}', '{\n""ecDNA"": 0\n}', '{\n  ""ecDNA"": 1\n}', '{\n  ""ecDNA"": 1\n}']"
824,491.tif,0,7,31,"['```json\n{\n  ""ecDNA"": 3\n}\n```', '```json\n{\n  ""ecDNA"": 0\n}\n```', '{\n  ""ecDNA"": 0\n}', '{\n  ""ecDNA"": 7\n}']"
825,492.tif,0,10,14,"['{\n  ""ecDNA"": 0\n}', '{""ecDNA"": 0}', '{\n  ""ecDNA"": {\n    ""value"": 1,\n    ""count"": 1\n  }\n}', '{\n  ""ecDNA"": 1\n}']"
826,493.tif,0,32,98,"['{\n  ""ecDNA"": 2\n}', '```json\n{\n  ""ecDNA"": 0\n}\n```', '{\n  ""ecDNA"": 1\n}', '{\n  ""ecDNA"": 7\n}']"
827,494.tif,0,38,88,"['{\n""ecDNA"": 2\n}', '```json\n{\n  ""ecDNA"": 0\n}\n```', 'The image contains 1 ecDNA.', '{\n  ""ecDNA"": 1\n}']"
828,495.tif,11,0,5,"['{\n  ""ecDNA"": 3\n}', '```json\n{\n  ""ecDNA"": {\n    ""count"": 0\n  }\n}\n```', '{\n  ""ecDNA"": {\n    ""count"": 1\n  }\n}', '```json\n{\n  ""ecDNA"": 0\n}\n```']"
829,496.tif,0,6,7,"['{\n  ""ecDNA"": 3\n}', '{\n  ""ecDNA"": {\n    ""value"": 0,\n    ""units"": ""none""\n  }\n}', '{\n""ecDNA"": 0\n}', '{\n  ""ecDNA"": 7\n}']"
830,497.tif,0,23,40,"['{\n  ""ecDNA"": {\n    ""count"": 0\n  }\n}', '{\n  ""ecDNA"": 0\n}', '{\n""ecDNA"": 1\n}', '{\n  ""ecDNA"": 8\n}']"
831,498.tif,1,1,17,"['{\n  ""ecDNA"": 3\n}', '```json\n{\n  ""ecDNA"": 0\n}\n```', '{\n""ecDNA"": 1\n}', '{\n""ecDNA"": 0\n}']"
832,499.tif,1,0,11,"['{\n    ""ecDNA_count"": 2\n}', '{\n  ""ecDNA"": 0\n}', '{\n""ecDNA"": 0\n}', '{\n""ecDNA"": 1\n}']"
833,5.tif,2,9,1,"['{\n""ecDNA"": 3\n}', '{\n""ecDNA"": 0\n}', '```json\n{\n  ""ecDNA"": 1\n}\n```', '{\n  ""count"": 1\n}']"
834,50.tif,0,34,4,"['{\n  ""ecDNA"": 3\n}', '{\n    ""ecDNA"": 0\n}', '{""ecDNA"": 1}', '```json\n{\n  ""ecDNA"": 7\n}\n```']"
835,500.tif,0,15,15,"['```json\n{\n  ""ecDNA"": 3\n}\n```', '{\n  ""ecDNA"": 0\n}', '{""ecDNA"": 1}', '{\n  ""ecDNA"": 0\n}']"
836,501.tif,0,20,33,"['```json\n{\n  ""ecDNA"": 456\n}\n```', '```json\n{\n  ""ecDNA"": 0\n}\n```', '{\n  ""ecDNA"": 1\n}', 'The image contains 0 ecDNA.']"
837,502.tif,0,11,17,"['{\n  ""ecDNA"": 3\n}', '{\n  ""count"": 0\n}', '```json\n{\n  ""ecDNA"": 1\n}\n```', '{\n  ""ecDNA"": 0\n}']"
838,504.tif,0,12,17,"['{""ecDNA"": 3}', '{\n  ""ecDNA"": 0\n}', '{""ecDNA"": 0}', '{\n""ecDNA"": 7\n}']"
839,505.tif,0,16,25,"['{\n""ecDNA"": 0\n}', '{\n    ""ecDNA"": 0\n}', '{\n  ""ecDNA"": 0\n}', '{\n    ""ecDNA"": 0\n}']"
840,506.tif,0,8,18,"['{\n  ""ecDNA"": 2\n}', '```json\n{\n  ""ecDNA"": 0\n}\n```', '{\n  ""ecDNA"": 1\n}', '{\n  ""ecDNA"": 7\n}']"
841,508.tif,0,1,1,"['{\n  ""ecDNA"": 0\n}', '{""ecDNA_count"":0}', '{\n    ""ecDNA"": {\n        ""value"": 0,\n        ""description"": ""Circular structures in cell images.""\n    }\n}', '{\n  ""ecDNA"": 0\n}']"
842,509.tif,0,6,12,"['{\n    ""ecDNA"": 0\n}', '```json\n{\n  ""ecDNA"": 0\n}\n```', '{\n  ""ecDNA"": 1\n}', '```json\n{\n  ""ecDNA"": 7\n}\n```']"
843,510.tif,0,4,18,"['{\n  ""ecDNA"": 2\n}', '```json\n{\n  ""ecDNA"": 0\n}\n```', '{\n""ecDNA"": 0\n}', '{\n  ""ecDNA"": 0\n}']"
844,513.tif,0,22,46,"['{\n  ""ecDNA"": 3\n}', '{""ecDNA"": 0}', '{\n  ""ecDNA"": 1\n}', '{\n  ""ecDNA"": 0\n}']"
845,514.tif,0,18,57,"['{\n  ""ecDNA"": {\n    ""count"": 2\n  }\n}', '{\n""ecDNA"": 0\n}', '{\n  ""ecDNA"": 0\n}', '{\n""ecDNA"": 0\n}']"
846,515.tif,0,3,22,"['```json\n[4]\n```', '{\n  ""ecDNA"": 0\n}', '```json\n{\n  ""ecDNA"": 1\n}\n```', '{\n  ""ecDNA"": 0\n}']"
847,517.tif,0,19,42,"['{\n  ""ecDNA"": 3\n}', '{\n  ""ecDNA"": 0\n}', '{""ecDNA"": 1}', '{\n  ""ecDNA"": 7\n}']"
848,518.tif,0,10,40,"['{\n  ""ecDNA"": 3\n}', '{\n  ""ecDNA"": {\n    ""total"": 10\n  }\n}', '{\n  ""ecDNA"": 1\n}', '{\n  ""ecDNA"": 0\n}']"
849,529.tif,0,19,21,"['{\n  ""ecDNA"": 2\n}', '```json\n[0]\n```', '{\n""ecDNA"": 1\n}', '```json\n{\n  ""ecDNA"": 1\n}\n```']"
850,530.tif,0,28,22,"['{\n  ""ecDNA"": 3\n}', '{""ecDNA"": 0}', '{\n  ""ecDNA"": 1\n}', '{\n  ""ecDNA"": 0\n}']"
851,533.tif,0,12,20,"['{\n  ""ecDNA"": 0\n}', '{\n""ecDNA"": 0\n}', '{""ecDNA"": 0}', '```json\n{\n  ""ecDNA"": 7\n}\n```']"
852,534.tif,0,20,21,"['{\n  ""ecDNA"": 0\n}', '{\n  ""ecDNA"": 0\n}', '{\n  ""ecDNA"": 0\n}', '{\n  ""ecDNA"": 0\n}']"
853,536.tif,0,18,46,"['{\n  ""ecDNA"": {\n    ""count"": 3\n  }\n}', '{\n""ecDNA"": 0\n}', '{\n    ""ecDNA"": 0\n}', '{\n""ecDNA"": 0\n}']"
854,537.tif,0,16,44,"['{\n    ""ecDNA_count"": 3\n}', '{\n  ""ecDNA"": 0\n}', '{\n  ""ecDNA"": 1\n}', '{\n""ecDNA"": 7\n}']"
855,538.tif,1,1,5,"['{\n  ""ecDNA"": 3\n}', '{""ecDNA"": 0}', '{\n  ""count"": 1\n}', '{\n  ""ecDNA"": 1\n}']"
856,54.tif,1,5,0,"['{\n  ""ecDNA"": 0\n}', '{\n  ""ecDNA"": 0\n}', '{\n""ecDNA"": 1\n}', '{\n  ""ecDNA"": 1\n}']"
857,541.tif,1,0,0,"['{\n  ""ecDNA_count"": 3\n}', '```json\n{\n  ""ecDNA"": 0\n}\n```', '{\n    ""ecDNA"": 1\n}', '{\n  ""count"": 1\n}']"
858,542.tif,3,0,0,"['```json\n[\n    {\n        ""ecDNA"": 3\n    }\n]\n```', '{""ecDNA_count"": 0}', '{""ecDNA"": 0}', '```json\n{\n  ""ecDNA"": 8\n}\n```']"
859,544.tif,0,5,8,"['{\n  ""ecDNA"": 3\n}', '{\n  ""ecDNA"": 0\n}', '{\n  ""ecDNA"": 1\n}', '{\n""ecDNA"": 7\n}']"
860,545.tif,0,32,76,"['{\n  ""ecDNA"": 3\n}', '{\n  ""count"": 0\n}', '{\n  ""count"": 1\n}', '{\n  ""ecDNA"": 0\n}']"
861,546.tif,1,8,38,"['{\n""ecDNA"": 0\n}', '{""ecDNA_count"": 0}', '```json\n{\n  ""ecDNA"": 1\n}\n```', '{\n  ""ecDNA"": 7\n}']"
862,548.tif,2,5,31,"['{\n  ""ecDNA"": 3\n}', '{""ecDNA"": 0}', '{\n""ecDNA"": 0\n}', '{\n  ""ecDNA"": 7\n}']"
863,549.tif,0,38,102,"['{\n  ""ecDNA_count"": 0\n}', '{\n  ""ecDNA"": 0\n}', '{\n""ecDNA"": 1\n}', '{\n  ""ecDNA"": 0\n}']"
864,55.tif,2,0,1,"['{\n  ""ecDNA"": 2\n}', '{""ecDNA"":0}', '{\n  ""count"": 0\n}', '{\n""ecDNA"": 1\n}']"
865,550.tif,1,15,56,"['{""ecDNA"": 3}', '{\n  ""ecDNA"": 0\n}', '```json\n{\n  ""count"": 1\n}\n```', '{\n  ""ecDNA"": 7\n}']"
866,551.tif,1,0,4,"['{\n  ""ecDNA"": 3\n}', '{\n  ""ecDNA"": 0\n}', '{\n  ""ecDNA"": 1\n}', '{\n""ecDNA"": 7\n}']"
867,552.tif,6,0,0,"['```json\n[\n    {\n        ""ecDNA"": 2\n    }\n]\n```', '{\n  ""ecDNA"": 0\n}', '{\n  ""ecDNA"": 1\n}', '{\n""ecDNA"": 8\n}']"
868,553.tif,16,0,15,"['{\n  ""ecDNA"": 3\n}', '{""ecDNA"": 0}', '{\n""ecDNA"": 1\n}', '{\n  ""ecDNA"": 7\n}']"
869,554.tif,1,10,38,"['{\n  ""ecDNA"": 2\n}', '{\n  ""ecDNA"": 0\n}', '{\n  ""ecDNA"": 1\n}', '{\n    ""ecDNA"": 0\n}']"
870,555.tif,1,0,2,"['{\n  ""ecDNA"": 0\n}', '{\n""ecDNA"": 0\n}', '{""ecDNA"": 1}', '{\n  ""ecDNA"": 8\n}']"
871,56.tif,1,0,0,"['{\n  ""ecDNA"": {\n    ""count"": 1\n  }\n}', '{\n  ""ecDNA"": 0\n}', '```json\n{\n  ""ecDNA"": {\n    ""value"": 0\n  }\n}\n```', '```json\n{\n  ""ecDNA"": 7\n}\n```']"
872,565.tif,0,8,28,"['```json\n{\n  ""ecDNA_count"": 0\n}\n```', '{\n  ""count"": 0\n}', '```json\n{\n  ""ecDNA"": {\n    ""count"": 0\n  }\n}\n```', '{\n""ecDNA"": 7\n}']"
873,566.tif,0,15,42,"['{\n  ""ecDNA"": 3\n}', '{\n  ""ecDNA"": 0\n}', '```json\n{\n  ""ecDNA"": 0\n}\n```', '{\n  ""ecDNA"": 7\n}']"
874,568.tif,0,2,10,"['{\n  ""ecDNA"": 3\n}', '{\n  ""ecDNA"": 0\n}', '{\n  ""ecDNA"": 1\n}', '{\n  ""ecDNA"": 0\n}']"
875,569.tif,0,31,95,"['{\n  ""ecDNA"": 0\n}', '{\n  ""ecDNA"": 0\n}', '{\n    ""ecDNA"": 1\n}', '{\n""ecDNA"": 0\n}']"
876,570.tif,0,31,75,"['{\n  ""ecDNA"": 3\n}', '{\n  ""ecDNA"": 0\n}', '{\n    ""ecDNA"": 1\n}', '```json\n{""count"": 7}\n```']"
877,571.tif,0,6,40,"['{\n  ""ecDNA"": 0\n}', '{\n  ""ecDNA"": 0\n}', '```json\n{\n  ""ecDNA"": 1\n}\n```', '{\n  ""ecDNA"": 1\n}']"
878,572.tif,0,6,15,"['{\n  ""ecDNA"": 0\n}', '{\n  ""ecDNA"": 0\n}', '{\n  ""ecDNA"": 1\n}', '{\n""ecDNA"": 0\n}']"
879,573.tif,0,32,80,"['{\n    ""ecDNA"": 3\n}', '{\n  ""ecDNA"": 0\n}', '{\n  ""ecDNA"": 1\n}', '{ecDNACount: 1}']"
880,574.tif,0,22,88,"['{\n""ecDNA"": 3\n}', '{\n  ""ecDNA"": 0\n}', '{\n  ""ecDNA"": 0\n}', '```json\n{\n  ""ecDNA"": 1\n}\n```']"
881,577.tif,0,12,39,"['```json\n{\n  ""ecDNA"": 2\n}\n```', '{\n""ecDNA"": 0\n}', '{\n    ""ecDNA"": 0\n}', '{\n""ecDNA"": 0\n}']"
882,578.tif,0,5,78,"['{\n  ""ecDNA"": 0\n}', '{""ecDNA"": 0}', '{\n  ""ecDNA"": 1\n}', '{\n  ""ecDNA"": 0\n}']"
883,58.tif,1,0,0,"['{\n""ecDNA"": 4\n}', '{""ecDNA"": 0}', '```json\n{\n  ""ecDNA"": 1\n}\n```', '{\n  ""ecDNA"": 8\n}']"
884,589.tif,0,9,103,"['{\n  ""ecDNA"": 1\n}', '{\n  ""ecDNA"": 0\n}', '{\n  ""ecDNA"": 1\n}', '{\n  ""count"": 7\n}']"
885,59.tif,2,20,2,"['{\n  ""ecDNA"": 3\n}', '{\n  ""ecDNA"": 0\n}', '{""ecDNA"": 1}', '{\n  ""ecDNA"": 7\n}']"
886,590.tif,0,20,145,"['{\n  ""ecDNA"": 0\n}', '```json\n{""ecDNA"": 0}\n```', 'The image contains {count} ecDNA.', '{\n  ""ecDNA"": 0\n}']"
887,591.tif,3,2,14,"['{\n  ""ecDNA"": 3\n}', '{\n  ""ecDNA"": 0\n}', 'The number of ecDNA in the image is 1.', '{\n  ""ecDNA"": 5\n}']"
888,592.tif,1,5,35,"['{\n  ""ecDNA"": 10\n}', '{\n  ""ecDNA"": {\n    ""value"": 0,\n    ""count"": 0\n  }\n}', '{\n  ""ecDNA"": 1\n}', '```json\n{\n  ""ecDNA"": 7\n}\n```']"
889,593.tif,0,7,82,"['{\n  ""ecDNA"": 10\n}', '{\n  ""ecDNA"": 0\n}', '{\n""ecDNA"": 1\n}', '{\n  ""ecDNA"": 7\n}']"
890,594.tif,0,29,155,"['{\n  ""ecDNA"": 3\n}', '```json\n{\n  ""ecDNA"": 0\n}\n```', '{""ecDNA"": 0}', '{\n""ecDNA"": 0\n}']"
891,595.tif,1,13,66,"['{\n  ""ecDNA"": 3\n}', '{\n  ""ecDNA"": 0\n}', '{\n  ""ecDNA"": 0\n}', '{\n""ecDNA"": 0\n}']"
892,596.tif,0,21,62,"['{\n  ""ecDNA"": 3\n}', '{""ecDNA_count"":0}', '{\n  ""count"": 1\n}', '{\n  ""ecDNA"": 0\n}']"
893,598.tif,0,4,61,"['{\n  ""ecDNA"": 3\n}', '{\n    ""count"": 3\n}', '{\n    ""ecDNA"": 0\n}', '{\n  ""ecDNA"": 0\n}']"
894,599.tif,0,4,37,"['{\n  ""ecDNA"": 4\n}', '{\n  ""ecDNA"": {\n    ""count"": 0\n  }\n}', '{\n  ""ecDNA"": 1\n}', '{\n  ""ecDNA"": 7\n}']"
895,6.tif,2,0,0,"['{\n  ""ecDNA"": 5\n}', '{""ecDNA"": 0}', '{""ecDNA"": 1}', '{\n  ""ecDNA"": 0\n}']"
896,605.tif,0,2,43,"['{\n  ""ecDNA"": 3\n}', '{\n  ""ecDNA"": 0\n}', '{\n  ""ecDNA"": 1\n}', '```json\n{\n  ""ecDNA"": 7\n}\n```']"
897,609.tif,0,25,89,"['{\n  ""ecDNA"": 0\n}', '{""ecDNA"":0}', '```json\n{\n  ""ecDNA"": 0\n}\n```', '{\n  ""ecDNA"": 7\n}']"
898,610.tif,0,16,58,"['```json\n{\n  ""ecDNA"": 3\n}\n```', '{\n""ecDNA"": 0\n}', '{\n""ecDNA"": 1\n}', '{\n    ""ecDNA"": 0\n}']"
899,611.tif,0,0,2,"['{\n""ecDNA"": 3\n}', '{\n  ""ecDNA"": 0\n}', '{\n  ""ecDNA"": 0\n}', '{\n  ""ecDNA"": 7\n}']"
900,613.tif,0,19,104,"['{\n    ""ecDNA_count"": 0\n}', '{\n    ""ecDNA"": 0\n}', '{\n  ""ecDNA"": 1\n}', '{\n  ""ecDNA"": 7\n}']"
901,614.tif,3,1,10,"['{""ecDNA"":3}', '{""ecDNA"": 0}', '```json\n{\n  ""ecDNA"": 1\n}\n```', '{\n    ""ecDNA"": 7\n}']"
902,615.tif,1,0,10,"['{\n  ""ecDNA"": 2\n}', '{\n  ""ecDNA"": 0\n}', '{\n""ecDNA"": 1\n}', '{\n  ""ecDNA"": 1\n}']"
903,617.tif,0,5,36,"['{\n  ""ecDNA"": 0\n}', '{\n    ""ecDNA"": 0\n}', '{\n  ""ecDNA"": 0\n}', '{\n""ecDNA"": 7\n}']"
904,618.tif,0,5,30,"['{\n""ecDNA"": 2\n}', '{\n  ""ecDNA"": 0\n}', '{\n  ""count"": 1\n}', '```json\n{\n  ""ecDNA"": {\n    ""total"": 1\n  }\n}\n```']"
905,620.tif,1,0,0,"['{\n  ""ecDNA"": 0\n}', '```json\n{\n  ""ecDNA"": 0\n}\n```', 'I am unable to provide an exact number of ecDNA in the image as it depends on the specific structure and size of the ecDNA. However, I can provide a general estimate based on the image content. Please let me know if you have any further questions or need assistance with anything else.', '{\n  ""ecDNA"": 7\n}']"
906,621.tif,1,0,0,"['{\n""ecDNA"": 0\n}', '{\n  ""ecDNA"": 0\n}', '```json\n{\n  ""ecDNA"": 1\n}\n```', '{\n  ""count"": 8\n}']"
907,622.tif,1,0,0,"['```json\n{\n  ""ecDNA"": 0\n}\n```', '{\n    ""ecDNA"": 0\n}', '{\n  ""ecDNA"": 0\n}', '{\n  ""count"": 7\n}']"
908,623.tif,2,0,0,"['{\n  ""ecDNA"": 4\n}', '{\n  ""ecDNA"": 0\n}', '{\n""ecDNA"": {\n""count"": 1\n}\n}', '{\n  ""count"": 7\n}']"
909,624.tif,1,0,0,"['{\n  ""ecDNA"": 0\n}', '{""ecDNA_count"": 0}', '{\n""ecDNA"": 1\n}', '{\n    ""ecDNA"": 1\n}']"
910,625.tif,1,0,0,"['{\n  ""ecDNA_count"": 0\n}', '```json\n{\n  ""ecDNA"": 0\n}\n```', '{\n  ""count"": 0\n}', '{\n""ecDNA"": 0\n}']"
911,626.tif,1,0,0,"['{\n  ""ecDNA"": 3\n}', '{\n""ecDNA"": 0\n}', '{\n  ""count"": 0\n}', '{\n  ""ecDNA"": 0\n}']"
912,627.tif,1,0,0,"['```json\n[1]\n```', '{\n  ""ecDNA"": 0\n}', '{\n  ""ecDNA"": 0\n}', '{\n  ""ecDNA"": 7\n}']"
913,629.tif,0,33,12,"['```json\n{\n  ""ecDNA"": 3\n}\n```', '{""ecDNA"": 0}', ""I'm sorry, but I need more context to accurately answer your question. The number of ecDNA in the image can vary depending on various factors such as the resolution of the image, the threshold used to detect ecDNA, and the software used to analyze the image. Please provide me with additional information or clarify your question so I can provide you with an accurate response."", '{\n  ""ecDNA"": 1\n}']"
914,630.tif,0,24,4,"['{\n""ecDNA"": 0\n}', '{""ecDNA"": 0}', '{\n    ""ecDNA"": 1\n}', '{\n""ecDNA"": 1\n}']"
915,633.tif,0,3,3,"['```json\n{\n  ""ecDNA"": 2\n}\n```', '{\n  ""ecDNA"": 0\n}', '{\n  ""ecDNA"": 0\n}', '{\n  ""ecDNA"": 0\n}']"
916,634.tif,0,11,8,"['{\n  ""ecDNA"": 2\n}', '{ecDNA: 0}', '{\n  ""count"": 1\n}', '{\n    ""ecDNA"": 0\n}']"
917,636.tif,1,0,0,"['{\n  ""ecDNA"": 3\n}', '```json\n{\n  ""ecDNA"": 0\n}\n```', '{\n""ecDNA"": 0\n}', '{\n  ""ecDNA"": 1\n}']"
918,637.tif,1,0,0,"['```json\n[\n    {\n        ""ecDNA_count"": 3\n    }\n]\n```', '{""ecDNA"": 0}', ""I'm sorry, but I cannot provide an integer number without knowing the actual count of ecDNA in the image. Please provide the exact number of ecDNA in the image so I can calculate it for you."", '{\n  ""ecDNA"": 7\n}']"
919,638.tif,2,1,2,"['{\n""ecDNA"": 2\n}', '{\n""ecDNA"": 0\n}', '{\n    ""ecDNA"": 1\n}', '```json\n{\n  ""ecDNA"": 0\n}\n```']"
920,640.tif,2,0,0,"['{\n  ""ecDNA"": 3\n}', '{""ecDNA"": 0}', '{\n  ""count"": 1\n}', '{\n  ""ecDNA"": 1\n}']"
921,641.tif,4,0,7,"['{\n  ""ecDNA"": 0\n}', '{\n    ""count"": 0\n}', '{\n""ecDNA"": 0\n}', '{\n""ecDNA"": 0\n}']"
922,642.tif,2,0,0,"['{\n    ""ecDNA"": {\n        ""count"": 0\n    }\n}', '{\n  ""count"": 0\n}', '{\n    ""count"": 1\n}', '```json\n{\n  ""ecDNA"": 0\n}\n```']"
923,643.tif,1,1,9,"['{\n    ""ecDNA_count"": 3\n}', '{\n  ""ecDNA"": 0\n}', '{\n  ""ecDNA"": 1\n}', '{\n  ""ecDNA"": 7\n}']"
924,644.tif,3,0,0,"['{\n""ecDNA"": 5\n}', '{\n  ""ecDNA"": 0\n}', '{\n""ecDNA"": 0\n}', '{\n  ""ecDNA"": 7\n}']"
925,645.tif,2,0,0,"['{\n  ""ecDNA"": 100\n}', '```json\n{\n  ""ecDNA"": {\n    ""count"": 0\n  }\n}\n```', '{\n""ecDNA"": 1\n}', '{\n  ""count"": 7\n}']"
926,646.tif,2,0,0,"['{\n  ""ecDNA"": 0\n}', '{\n  ""ecDNA"": 0\n}', '{\n  ""ecDNA"": 1\n}', '```json\n[1]\n```']"
927,647.tif,5,0,3,"['{\n  ""ecDNA"": 3\n}', '```json\n{\n  ""ecDNA"": 0\n}\n```', '{\n  ""ecDNA"": 0\n}', '{\n""ecDNA"": 1\n}']"
928,648.tif,2,0,0,"['{""ecDNA"": 3}', '{\n    ""ecDNA"": 0\n}', '{\n  ""ecDNA"": {\n    ""value"": 1,\n    ""unit"": """"\n  }\n}', '{\n  ""ecDNA"": 1,\n  ""nuclei"": 1,\n  ""chromosomes"": 1\n}']"
929,649.tif,1,11,7,"['```json\n[\n  {\n    ""ecDNA"": 2\n  }\n]\n```', '{\n  ""ecDNA"": 0\n}', '{\n  ""ecDNA"": 1\n}', '{\n  ""count"": 0\n}']"
930,650.tif,0,7,2,"['{\n  ""ecDNA"": 5\n}', '{\n  ""ecDNA"": 0\n}', '{\n  ""count"": 1\n}', '{\n  ""ecDNA"": {\n    ""count"": 7\n  }\n}']"
931,652.tif,1,22,10,"['{\n    ""ecDNA"": 2\n}', '```json\n{\n  ""ecDNA"": {\n    ""count"": 0\n  }\n}\n```', '```json\n{\n  ""ecDNA"": 1\n}\n```', '{\n""ecDNA"": 1\n}']"
932,653.tif,0,27,23,"['{\n  ""ecDNA"": 2\n}', '{\n  ""ecDNA"": 0\n}', '{\n  ""ecDNA"": 1\n}', '{\n  ""ecDNA"": 1\n}']"
933,654.tif,1,4,0,"['{\n    ""ecDNA"": 3\n}', '{\n  ""ecDNA"": 0\n}', '{\n  ""ecDNA"": 0\n}', '{\n  ""ecDNA"": 7\n}']"
934,656.tif,1,1,0,"['{\n    ""ecDNA"": 3\n}', '{""ecDNA"": 0}', '{\n""ecDNA"": 1\n}', '{\n    ""ecDNA"": 7\n}']"
935,657.tif,1,3,0,"['{\n    ""ecDNA"": 0\n}', '{\n  ""ecDNA"": 0\n}', '{\n  ""ecDNA"": 1\n}', '{\n""ecDNA"": 1\n}']"
936,658.tif,4,0,0,"['{\n  ""ecDNA"": 2\n}', '{\n""ecDNA"": 0\n}', '{\n  ""ecDNA"": 1\n}', '{\n  ""ecDNA"": 1\n}']"
937,659.tif,1,0,0,"['{\n  ""ecDNA"": 3\n}', '{\n""ecDNA"": 0\n}', '{\n""ecDNA"": 0\n}', '{\n    ""ecDNA"": 7\n}']"
938,660.tif,3,0,0,"['{\n  ""ecDNA"": 3\n}', '{\n  ""ecDNA"": 0\n}', '{\n""ecDNA"": 1\n}', '{\n  ""ecDNA"": 0\n}']"
939,661.tif,6,1,0,"['{\n    ""ecDNA"": 3\n}', '{\n  ""ecDNA"": 0\n}', '{\n  ""ecDNA"": 0\n}', '{\n  ""ecDNA"": 0\n}']"
940,662.tif,2,0,0,"['{""ecDNA"": 2}', '{\n""ecDNA"": 0\n}', '{\n""ecDNA"": 1\n}', '{\n""ecDNA"": 0\n}']"
941,663.tif,2,0,0,"['{""ecDNA"": 2}', '{\n""ecDNA"": 0\n}', '```json\n{\n  ""ecDNA"": 1\n}\n```', '{\n  ""ecDNA"": 1\n}']"
942,664.tif,2,0,0,"['{\n""ecDNA"": 5\n}', '{\n""ecDNA"": 0\n}', '{\n  ""ecDNA"": 1\n}', '```json\n{\n  ""ecDNA"": 7\n}\n```']"
943,665.tif,2,0,0,"['{\n  ""ecDNA"": 0\n}', '{""ecDNA_count"": 0}', '{""count"": 0}', '{\n  ""ecDNA"": 1\n}']"
944,666.tif,2,0,0,"['{\n""ecDNA"": 1\n}', '```json\n{\n  ""ecDNA"": 0\n}\n```', '{\n  ""ecDNA"": 1\n}', '{\n  ""ecDNA"": 0\n}']"
945,667.tif,1,0,0,"['{\n  ""ecDNA"": 0\n}', '{\n  ""ecDNA"": 0\n}', '```json\n{\n  ""ecDNA"": 1\n}\n```', '{\n""ecDNA"": 1\n}']"
946,668.tif,2,0,0,"['{\n  ""ecDNA"": 0\n}', '{\n  ""ecDNA"": {\n    ""count"": 0\n  }\n}', '{\n  ""count"": 1\n}', '{\n  ""ecDNA"": 7\n}']"
947,669.tif,0,20,9,"['{\n""ecDNA"": 3\n}', '{\n  ""ecDNA"": 0\n}', 'The image contains 1 ecDNA.', '{\n  ""ecDNA"": 0\n}']"
948,670.tif,1,25,9,"['{\n  ""ecDNA"": 0\n}', '{""ecDNA"": 0}', '{\n""ecDNA"": 0\n}', '{\n  ""ecDNA"": 7\n}']"
949,672.tif,3,0,0,"['{\n  ""ecDNA"": 3\n}', '{\n""ecDNA"": 0\n}', '{\n""ecDNA"": 1\n}', '{\n    ""ecDNA"": 7\n}']"
950,673.tif,2,11,0,"['{\n  ""ecDNA"": {\n    ""count"": 2\n  }\n}', '{\n  ""ecDNA"": 0\n}', '{\n  ""ecDNA"": 0\n}', '{\n  ""ecDNA"": 0\n}']"
951,674.tif,0,15,3,"['{\n  ""ecDNA"": 5\n}', '```json\n{\n  ""ecDNA"": 0\n}\n```', '{\n  ""ecDNA"": 0\n}', '{\n  ""ecDNA"": {\n    ""value"": 0,\n    ""unit"": """"\n  }\n}']"
952,675.tif,1,0,0,"['{\n  ""ecDNA"": 3\n}', '{ ""ecDNA"": 0 }', '{\n  ""ecDNA"": 1\n}', '{\n    ""ecDNA"": 1\n}']"
953,676.tif,7,0,0,"['{""ecDNA"": 0}', '```json\n{\n  ""ecDNA"": 0\n}\n```', '{\n  ""ecDNA"": 1\n}', 'The number of ecDNA in the image is: 0']"
954,677.tif,5,0,1,"['{\n  ""ecDNA"": {\n    ""count"": 3\n  }\n}', '{\n""ecDNA"": 0\n}', '{\n  ""ecDNA"": 1\n}', '{\n    ""ecDNA"": 1\n}']"
955,678.tif,1,0,0,"['{\n""ecDNA"": 0\n}', '{""ecDNA"": 0}', '{\n  ""ecDNA"": 0\n}', '{\n  ""ecDNA"": 7\n}']"
956,679.tif,2,1,0,"['{""ecDNA"":3}', '{\n  ""ecDNA"": 0\n}', '{\n  ""ecDNA"": 1\n}', '{\n  ""ecDNA"": {\n    ""value"": 7,\n    ""count"": 7\n  }\n}']"
957,68.tif,0,2,6,"['{\n  ""ecDNA"": 0\n}', '```json\n{\n  ""ecDNA"": 0\n}\n```', '{\n  ""ecDNA"": 0\n}', '```json\n{\n  ""ecDNA"": 7\n}\n```']"
958,680.tif,4,0,0,"['{""ecDNA"": 3}', '{\n  ""ecDNA"": 0\n}', '{""ecDNA"": 1}', '{\n  ""ecDNA"": 0\n}']"
959,681.tif,5,0,0,"['```json\n{\n  ""ecDNA"": 4236\n}\n```', '{\n  ""ecDNA"": 0\n}', '{\n    ""ecDNA"": 0\n}', '```json\n{\n  ""ecDNA"": 1\n}\n```']"
960,682.tif,3,0,0,"['{\n  ""ecDNA"": 5\n}', '{\n  ""ecDNA"": 0\n}', 'The image contains {count} ecDNA.', '{\n  ""ecDNA"": 8\n}']"
961,683.tif,3,2,0,"['{\n    ""ecDNA"": 3\n}', '{\n  ""ecDNA"": {\n    ""count"": 0\n  }\n}', '{\n""ecDNA"": 0\n}', '{\n  ""ecDNA"": 7\n}']"
962,684.tif,2,1,0,"['{\n  ""ecDNA"": 0\n}', '{\n  ""ecDNA"": {\n    ""count"": 0\n  }\n}', '{\n    ""ecDNA"": 0\n}', '```json\n{\n  ""ecDNA"": 7\n}\n```']"
963,685.tif,2,4,1,"['{\n  ""ecDNA"": 0\n}', '{""ecDNA"": 0}', '{\n    ""ecDNA"": 0\n}', '{\n  ""ecDNA"": 7\n}']"
964,686.tif,4,2,0,"['{\n  ""ecDNA"": 3\n}', '{\n  ""ecDNA"": 0\n}', 'I see that the image contains {count} ecDNA.', '{\n    ""ecDNA"": 8\n}']"
965,687.tif,3,0,0,"['```json\n{\n  ""ecDNA"": 3\n}\n```', '{""ecDNA"": 0}', '{\n""ecDNA"": 1\n}', '```json\n{\n  ""ecDNA"": 7\n}\n```']"
966,688.tif,3,26,18,"['{\n  ""ecDNA"": 0\n}', '{\n""ecDNA"": 0\n}', '{\n  ""ecDNA"": 1\n}', '```json\n{\n  ""ecDNA"": 7\n}\n```']"
967,689.tif,1,24,20,"['{\n  ""ecDNA"": 3\n}', '{\n""ecDNA"": 0\n}', '```json\n{\n  ""ecDNA"": 1\n}\n```', '```json\n{\n  ""ecDNA"": 7\n}\n```']"
968,69.tif,0,8,17,"['{\n    ""ecDNA"": 0\n}', '{""ecDNA"": 0}', '```json\n{\n  ""ecDNA"": 1\n}\n```', '{\n  ""ecDNA"": 7\n}']"
969,690.tif,2,6,0,"['{\n  ""ecDNA"": 3\n}', '{\n  ""ecDNA"": 0\n}', '{\n  ""ecDNA"": 0\n}', '{\n""ecDNA"": 8\n}']"
970,691.tif,3,0,0,"['{\n  ""ecDNA"": 5\n}', '{""ecDNA_count"":0}', '```json\n{\n  ""ecDNA"": 1\n}\n```', '{\n  ""count"": 7\n}']"
971,692.tif,2,0,1,"['```json\n[1]\n```', '{\n  ""ecDNA"": 0\n}', '{\n  ""ecDNA"": 1\n}', '{\n  ""ecDNA"": 0\n}']"
972,693.tif,1,1,3,"['{\n  ""ecDNA"": 0\n}', 'I have analyzed the image and found that there are **0** ecDNA.', 'The image contains 1 ecDNA.', '{\n  ""ecDNA"": 1\n}']"
973,694.tif,1,4,3,"['{""ecDNA"":2}', '{""ecDNA"": 0}', '{\n  ""ecDNA"": 0\n}', '{\n    ""ecDNA"": 7\n}']"
974,695.tif,4,1,1,"['{\n""ecDNA"": 5\n}', '```json\n{\n  ""ecDNA"": 0\n}\n```', '{\n  ""count"": 0\n}', '{""ecDNA"": 1}']"
975,696.tif,5,0,0,"['{\n  ""ecDNA"": 0\n}', '{\n    ""ecDNA"": 0\n}', '{\n  ""ecDNA"": 0\n}', '{\n    ""ecDNA"": 1\n}']"
976,697.tif,1,0,0,"['{\n  ""ecDNA"": 0\n}', '```json\n{\n  ""ecDNA"": 0\n}\n```', '{\n  ""ecDNA"": 1\n}', '{\n  ""ecDNA"": 1\n}']"
977,699.tif,1,0,0,"['{""ecDNA"": 0}', '```json\n[0]\n```', '```json\n{\n  ""ecDNA"": 1\n}\n```', '{\n    ""ecDNA"": 7\n}']"
978,7.tif,2,0,1,"['{""ecDNA_count"": 1}', '{""ecDNA"": 0}', '{\n""ecDNA"": 1\n}', '{\n""ecDNA"": 7\n}']"
979,70.tif,0,4,13,"['```json\n[1]\n```', '{\n""ecDNA"": 0\n}', '{\n  ""ecDNA"": 0\n}', '{\n  ""ecDNA"": 7\n}']"
980,700.tif,2,0,0,"['{\n  ""ecDNA"": 0\n}', '{\n  ""ecDNA"": 0\n}', '```json\n{\n  ""ecDNA"": 1\n}\n```', '{\n  ""ecDNA"": 7\n}']"
981,701.tif,1,0,0,"['{\n  ""ecDNA"": 0\n}', '{\n  ""ecDNA"": 0\n}', '{\n  ""ecDNA"": 1\n}', '```json\n{\n  ""ecDNA"": 7\n}\n```']"
982,702.tif,3,0,0,"['{\n    ""ecDNA"": 3\n}', '{\n  ""ecDNA"": 0\n}', '{\n    ""ecDNA"": 0\n}', '{\n  ""ecDNA"": 0\n}']"
983,703.tif,2,0,0,"['{\n  ""ecDNA"": 0\n}', '{\n    ""count"": 0\n}', '{\n  ""ecDNA"": 1\n}', '{\n""ecDNA"": 8\n}']"
984,704.tif,2,0,0,"['{\n  ""ecDNA"": 3\n}', '{\n""ecDNA"": 0\n}', 'I see that there is 0 ecDNA in the image. This can be represented as:\n\n```json\n{\n  ""ecDNA"": 0\n}\n```', '{\n  ""ecDNA"": 0\n}']"
985,705.tif,1,0,1,"['```json\n{\n  ""ecDNA"": 0\n}\n```', '{\n  ""ecDNA"": 0\n}', '```json\n{\n  ""ecDNA"": 1\n}\n```', '{\n    ""ecDNA"": 7\n}']"
986,706.tif,3,0,0,"['{\n""ecDNA"": 3\n}', '{\n  ""ecDNA"": 0\n}', '{\n  ""ecDNA"": 1\n}', '{\n""ecDNA"": 7\n}']"
987,707.tif,4,1,0,"['{\n  ""ecDNA"": 4\n}', '```json\n{""ecDNA"": 0}\n```', '{\n  ""ecDNA"": 1\n}', '{\n""ecDNA"": 0\n}']"
988,708.tif,1,0,0,"['{\n""ecDNA"": 0\n}', '{\n  ""ecDNA"": {\n    ""value"": 0\n  }\n}', '{\n  ""ecDNA"": 0\n}', '{\n    ""ecDNA"": 0\n}']"
989,709.tif,0,39,65,"['{\n  ""ecDNA"": {\n    ""count"": 2\n  }\n}', '```json\n{\n  ""ecDNA"": 0\n}\n```', '{\n  ""ecDNA"": 1\n}', '```json\n{\n  ""ecDNA"": 1\n}\n```']"
990,710.tif,1,18,25,"['{\n""ecDNA"": 0\n}', '{""ecDNA"": 0}', '{""ecDNA_count"":1}\nI have calculated the number of ecDNA in the image to be 1.', '{\n  ""ecDNA"": 7\n}']"
991,711.tif,4,0,0,"['{""ecDNA"": 3}', '{""ecDNA"": 0}', '{\n""ecDNA"": 1\n}', '{\n  ""ecDNA"": 7\n}']"
992,712.tif,2,0,0,"['{\n  ""ecDNA"": 3\n}', '{""ecDNA"": 0}', '{\n  ""ecDNA"": 0\n}', '{\n""ecDNA"": ""0""\n}']"
993,713.tif,1,8,8,"['{\n  ""ecDNA"": 5\n}', '{\n  ""ecDNA"": 0\n}', '{\n  ""ecDNA"": 1\n}', '{\n""ecDNA"": 1,\n""nuclei"": 0,\n""chromosomes"": 0\n}']"
994,714.tif,1,2,4,"['{\n  ""ecDNA"": 3\n}', '{\n  ""ecDNA"": 1\n}', '{""ecDNA"": 0}', '{\n  ""ecDNA"": 1\n}']"
995,715.tif,3,2,0,"['{""ecDNA"": 2}', '{\n    ""ecDNA"": 0\n}', '{\n    ""ecDNA"": 1\n}', '{\n  ""ecDNA"": 1\n}']"
996,716.tif,4,0,0,"['{\n    ""ecDNA"": 0\n}', '{\n  ""ecDNA"": 0\n}', '```json\n[1]\n```', '{\n  ""ecDNA"": 0\n}']"
997,717.tif,2,0,0,"['{\n  ""ecDNA"": 5\n}', '{\n  ""count"": 0\n}', ""I'm sorry, but the image you provided does not contain any ecDNA. Could you please provide more information or rephrase your question?"", '```json\n{\n  ""ecDNA"": 7\n}\n```']"
998,718.tif,2,0,1,"['{\n""ecDNA"": 1\n}', '{\n""ecDNA"": 0\n}', '{\n  ""ecDNA"": 0\n}', '{\n""ecDNA"": 0\n}']"
999,719.tif,2,0,0,"['{\n  ""ecDNA"": 5\n}', '```json\n{\n  ""ecDNA"": 0\n}\n```', '{\n""ecDNA"": 1\n}', '{\n    ""ecDNA"": {\n        ""value"": 0,\n        ""unit"": """"\n    }\n}']"
1000,72.tif,0,7,15,"['{\n  ""ecDNA"": 3\n}', '{\n  ""ecDNA"": 0\n}', '```json\n{\n  ""ecDNA"": {\n    ""count"": 1\n  }\n}\n```', '```json\n{\n  ""ecDNA"": 0\n}\n```']"
1001,720.tif,2,0,0,"['{\n  ""ecDNA"": 0\n}', '```json\n{\n  ""ecDNA"": 0\n}\n```', '{\n""ecDNA"": 0\n}', '```json\n{\n  ""ecDNA"": 0\n}\n```']"
1002,721.tif,1,0,0,"['{\n""ecDNA"": 4\n}', '{""ecDNA"": {""count"": 0}}', '{\n  ""ecDNA"": 1\n}', '{\n  ""ecDNA"": 0\n}']"
1003,724.tif,2,1,0,"['{\n  ""ecDNA"": 3\n}', '{\n""ecDNA"": 0\n}', '```json\n{\n  ""ecDNA"": {\n    ""count"": 0\n  }\n}\n```', '```json\n{\n  ""ecDNA"": 8\n}\n```']"
1004,725.tif,1,0,0,"['{\n""ecDNA"": 10\n}', '{\n  ""ecDNA"": {\n    ""total"": 1,\n    ""connectedComponents"": [\n      {\n        ""center"": [\n          0,\n          0\n        ],\n        ""radius"": 0.5\n      }\n    ]\n  }\n}', '```json\n{\n  ""ecDNA"": {\n    ""count"": 1\n  }\n}\n```', '{\n  ""ecDNA"": 1\n}']"
1005,726.tif,1,0,0,"['{\n  ""ecDNA"": 10,\n  ""nuclei"": 20,\n  ""chromosomes"": 30\n}', '```json\n{\n  ""ecDNA"": 0\n}\n```', '{\n""ecDNA"": 1\n}', '{\n  ""ecDNA"": 1\n}']"
1006,727.tif,2,0,0,"['```json\n{\n  ""ecDNA"": 4\n}\n```', '{\n  ""ecDNA"": 0\n}', '{\n    ""ecDNA"": {\n        ""count"": 0\n    }\n}', '{\n    ""ecDNA"": 1\n}']"
1007,728.tif,2,13,2,"['{\n""ecDNA"": 3\n}', '```json\n{\n  ""ecDNA"": 0\n}\n```', '{\n  ""ecDNA"": 0\n}', '```json\n{\n  ""ecDNA"": 1\n}\n```']"
1008,729.tif,0,37,1,"['{\n  ""ecDNA"": 0\n}', '{\n  ""ecDNA"": 0\n}', '```json\n{\n  ""ecDNA"": {\n    ""count"": 0\n  }\n}\n```', '{\n""ecDNA"": 1\n}']"
1009,73.tif,0,19,33,"['{\n""ecDNA"": 3\n}', '{""ecDNA"": 0}', '{""ecDNA"": 0}', '{\n  ""ecDNA"": 0\n}']"
1010,730.tif,2,0,0,"['{\n  ""ecDNA"": 0\n}', '{\n  ""ecDNA"": 0\n}', '{""ecDNA"": 0}', 'The image contains {count} ecDNA.']"
1011,731.tif,2,2,0,"['{\n    ""ecDNA_count"": 5\n}', '{\n  ""ecDNA"": 1\n}', '{\n  ""ecDNA"": 1\n}', '{\n""ecDNA"": 0\n}']"
1012,732.tif,2,3,0,"['{\n""ecDNA"": 0\n}', '{\n    ""ecDNA"": 0\n}', '{\n  ""ecDNA"": 0\n}', '{\n    ""ecDNA"": 7\n}']"
1013,733.tif,1,10,1,"['{\n  ""ecDNA"": 3\n}', '```json\n{\n  ""ecDNA"": 0\n}\n```', '{\n""ecDNA"": 1\n}', '{\n""ecDNA"": ""7""\n}']"
1014,736.tif,1,0,1,"['{\n""ecDNA"": 3\n}', '{""ecDNA"": 0}', '{\n  ""count"": 1\n}', '{\n""ecDNA"": 7\n}']"
1015,737.tif,1,0,0,"['{\n  ""ecDNA"": 3\n}', '{""ecDNA"": 0}', '{\n  ""ecDNA"": 0\n}', '{\n""ecDNA"": 1\n}']"
1016,74.tif,0,11,27,"['{\n""ecDNA"": 3\n}', '{""ecDNA"": 0}', '{\n    ""ecDNA"": 0\n}', '{\n  ""ecDNA"": 1\n}']"
1017,740.tif,1,0,0,"['{\n  ""ecDNA"": 3\n}', '{\n  ""ecDNA"": 0\n}', '{\n""ecDNA"": 1\n}', '{\n  ""ecDNA"": 0\n}']"
1018,741.tif,1,0,0,"['{\n  ""ecDNA"": 3\n}', '```json\n{\n  ""ecDNA"": 0\n}\n```', '{\n  ""ecDNA"": 1\n}', '```json\n{\n  ""ecDNA"": 5\n}\n```']"
1019,742.tif,2,0,0,"['```json\n{\n  ""ecDNA"": 2\n}\n```', '```json\n{\n  ""ecDNA"": 0\n}\n```', '{\n    ""ecDNA"": 0\n}', '{\n  ""ecDNA"": 7\n}']"
1020,743.tif,4,0,4,"['{\n""ecDNA"": 3\n}', '{ecDNA_count: 0}', '{\n  ""ecDNA"": 1\n}', '{\n  ""ecDNA"": 1\n}']"
1021,744.tif,1,0,0,"['{\n  ""ecDNA"": 0\n}', '{\n  ""ecDNA"": 0\n}', '{\n  ""count"": 1\n}', '{\n  ""ecDNA"": 1\n}']"
1022,745.tif,1,1,0,"['{\n  ""ecDNA"": 10000\n}', '{\n  ""ecDNA"": 0\n}', '{\n  ""ecDNA"": 1\n}', '{\n  ""ecDNA"": 0\n}']"
1023,746.tif,1,6,1,"['{\n  ""ecDNA"": 3\n}', '```json\n{\n  ""count"": 0\n}\n```', '{\n  ""ecDNA"": 1\n}', '{\n  ""ecDNA"": 1\n}']"
1024,747.tif,2,0,0,"['{\n  ""ecDNA"": 2\n}', '{\n  ""ecDNA"": 0\n}', '{\n  ""ecDNA"": 1\n}', '{\n""ecDNA"": 0\n}']"
1025,748.tif,1,0,0,"['{\n""ecDNA"": 2\n}', '{\n  ""ecDNA"": 0\n}', '{\n  ""ecDNA"": 1\n}', '```json\n{\n  ""ecDNA"": 8\n}\n```']"
1026,749.tif,1,31,9,"['{\n  ""ecDNA"": {\n    ""count"": 3\n  }\n}', '{\n  ""ecDNA"": 0\n}', '{\n""ecDNA"": 0\n}', '{\n  ""count"": 7\n}']"
1027,750.tif,0,13,2,"['{\n  ""ecDNA"": 3\n}', '{\n  ""ecDNA"": 0\n}', '```json\n{\n  ""ecDNA"": 1\n}\n```', '{\n  ""ecDNA"": 1\n}']"
1028,751.tif,1,0,0,"['{\n  ""ecDNA"": 1\n}', '{""ecDNA"": 0}', '{\n  ""ecDNA"": 0\n}', '{\n""ecDNA"": 1\n}']"
1029,753.tif,2,9,3,"['{\n  ""ecDNA"": 0\n}', '{\n    ""ecDNA"": 0\n}', '{\n""ecDNA"": 1\n}', '{\n""ecDNA"": 0\n}']"
1030,754.tif,2,0,0,"['{\n  ""ecDNA"": 2\n}', '```json\n{\n  ""ecDNA"": 0\n}\n```', '{\n  ""ecDNA"": 1\n}', '{\n  ""ecDNA"": 0\n}']"
1031,755.tif,2,0,0,"['```json\n{\n  ""ecDNA"": 3\n}\n```', '{\n  ""ecDNA"": 0\n}', '{\n  ""ecDNA"": 1\n}', '{\n  ""ecDNA"": 8\n}']"
1032,756.tif,2,0,0,"['{\n    ""ecDNA"": 0\n}', '{\n  ""ecDNA"": 0\n}', '{\n  ""ecDNA"": 0\n}', '```json\n{\n  ""ecDNA"": 7\n}\n```']"
1033,757.tif,2,0,0,"['{\n""ecDNA"": 10\n}', '{\n    ""ecDNA"": 0\n}', '{\n""ecDNA"": 1\n}', '{\n""ecDNA"": 0\n}']"
1034,758.tif,2,0,0,"['{""ecDNA"": 1}', '```json\n{\n  ""ecDNA"": {\n    ""count"": 0\n  }\n}\n```', '{\n  ""count"": 1\n}', '{\n""ecDNA"": 1\n}']"
1035,759.tif,1,0,0,"['{\n  ""ecDNA"": 3\n}', '{\n""ecDNA"": 0\n}', '```json\n{\n  ""ecDNA"": 1\n}\n```', '{\n  ""ecDNA"": 0\n}']"
1036,76.tif,13,0,9,"['{\n  ""ecDNA"": 3\n}', '```json\n{\n  ""ecDNA"": 0\n}\n```', '```json\n[1]\n```', '{\n  ""ecDNA"": 1\n}']"
1037,760.tif,2,1,2,"['{\n    ""ecDNA"": {\n        ""count"": 3\n    }\n}', '{\n  ""ecDNA"": 0\n}', '{\n  ""ecDNA"": 1\n}', '{\n  ""count"": 7\n}']"
1038,761.tif,2,0,0,"['{\n  ""ecDNA"": 3\n}', '{\n  ""ecDNA"": 0\n}', '{\n  ""ecDNA"": 1\n}', '{\n""ecDNA"": 0\n}']"
1039,762.tif,1,0,0,"['{\n  ""ecDNA"": {\n    ""count"": 0\n  }\n}', '```json\n{\n  ""ecDNA"": 0\n}\n```', '{\n  ""ecDNA"": 0\n}', '{\n  ""ecDNA"": 1\n}']"
1040,764.tif,2,0,0,"['{\n  ""ecDNA"": 0\n}', '{\n  ""ecDNA"": 0\n}', '{\n  ""ecDNA"": 1\n}', '{\n  ""ecDNA"": {\n    ""count"": 0\n  }\n}']"
1041,765.tif,2,0,0,"['{\n  ""ecDNA"": 3\n}', '{\n  ""ecDNA"": 0\n}', '{\n  ""count"": 1\n}', '{\n  ""ecDNA"": 7\n}']"
1042,766.tif,4,2,0,"['{\n  ""ecDNA"": 2\n}', '{\n""ecDNA"": 0\n}', '{\n  ""ecDNA"": 1\n}', '{\n  ""count"": 7\n}']"
1043,767.tif,1,0,0,"['{""ecDNA"": 2}', '{""ecDNA"": 0}', '{\n  ""ecDNA"": 1\n}', '{\n  ""ecDNA"": 7\n}']"
1044,768.tif,2,0,0,"['{\n    ""ecDNA"": 0\n}', '{""ecDNA"": 0}', '{\n  ""ecDNA"": 1\n}', '{\n  ""ecDNA"": 0\n}']"
1045,769.tif,1,45,14,"['```json\n{\n  ""ecDNA"": 3\n}\n```', '```json\n{\n  ""ecDNA"": 0\n}\n```', '```json\n{\n  ""ecDNA"": 0\n}\n```', '{\n  ""ecDNA"": {\n    ""value"": 8,\n    ""unit"": """"\n  }\n}']"
1046,77.tif,1,9,11,"['{\n  ""ecDNA"": 0\n}', '{\n  ""count"": 0\n}', '{\n""ecDNA"": 1\n}', '{\n    ""ecDNA"": 0\n}']"
1047,770.tif,2,9,3,"['{""ecDNA"": 3}', '{\n  ""ecDNA"": 0\n}', '{\n    ""ecDNA"": 1\n}', '```json\n{\n  ""ecDNA"": 1\n}\n```']"
1048,771.tif,6,0,0,"['{""ecDNA"": 3}', 'I am sorry, but I cannot provide a specific answer without more information about the image. Please provide me with the image or a description of it so that I can analyze it and provide you with the necessary information.', '{""ecDNA"": 0}', '{\n  ""count"": 7\n}']"
1049,773.tif,0,11,11,"['{\n  ""ecDNA"": 3\n}', '{\n  ""ecDNA"": 0\n}', '```json\n{\n  ""ecDNA"": 1\n}\n```', '{\n    ""count"": 1\n}']"
1050,774.tif,1,10,2,"['{""ecDNA_count"":3}', '{\n  ""ecDNA"": 0\n}', '```json\n{\n  ""ecDNA"": 1\n}\n```', '{\n  ""ecDNA"": 0\n}']"
1051,775.tif,2,0,0,"['{\n  ""ecDNA"": 3\n}', '{\n  ""ecDNA"": 0\n}', '{\n    ""ecDNA"": 1\n}', '{\n  ""ecDNA"": 1\n}']"
1052,777.tif,0,2,0,"['{\n""ecDNA"": 3\n}', '{\n    ""ecDNA"": 0\n}', '{\n  ""ecDNA"": 1\n}', '{\n  ""ecDNA"": 1\n}']"
1053,779.tif,1,0,0,"['{""ecDNA"": 4}', '{\n    ""ecDNA"": 0\n}', '{\n  ""ecDNA"": 0\n}', '{\n    ""ecDNA"": {\n        ""count"": 0\n    }\n}']"
1054,78.tif,0,3,1,"['{\n  ""ecDNA"": 3\n}', '```json\n{\n  ""ecDNA"": 0\n}\n```', '{\n  ""ecDNA"": 1\n}', '{\n""ecDNA"": 1\n}']"
1055,780.tif,1,0,1,"['```json\n[\n    0\n]\n```', '{\n    ""ecDNA"": 0\n}', '{\n  ""ecDNA"": 1\n}', '{\n  ""ecDNA"": 7\n}']"
1056,782.tif,2,3,0,"['{\n  ""ecDNA"": 0\n}', '{\n  ""ecDNA"": 0\n}', '```json\n{""ecDNA"": 0}\n```', '{\n  ""ecDNA"": 1\n}']"
1057,783.tif,2,1,0,"['{\n  ""ecDNA"": 1\n}', '```json\n{\n  ""ecDNA"": 0\n}\n```', '```json\n{\n  ""ecDNA"": 1\n}\n```', '{""ecDNA"": 7}']"
1058,784.tif,2,0,0,"['{\n  ""ecDNA"": 3\n}', '```json\n{\n  ""ecDNA"": 0\n}\n```', '{\n  ""ecDNA"": 0\n}', '{\n  ""count"": 1\n}']"
1059,785.tif,1,3,0,"['{""ecDNA"": 3}', '{\n  ""ecDNA"": 0\n}', '```json\n{\n  ""ecDNA"": 1\n}\n```', '{\n  ""ecDNA"": 0\n}']"
1060,786.tif,2,0,0,"['{\n  ""ecDNA"": 5\n}', '```json\n{\n  ""ecDNA"": 0\n}\n```', '{\n  ""ecDNA"": 0\n}', '{\n  ""ecDNA"": 1\n}']"
1061,787.tif,2,2,0,"['{""ecDNA"": 3}', '{\n  ""ecDNA"": 0\n}', '{\n  ""ecDNA"": 1\n}', '{\n  ""ecDNA"": 0\n}']"
1062,788.tif,1,1,0,"['{\n""ecDNA"": 3\n}', '{\n  ""ecDNA"": 0\n}', '{\n  ""count"": 1\n}', '{\n  ""ecDNA"": 0\n}']"
1063,789.tif,1,16,0,"['{\n  ""ecDNA"": 3\n}', '{""ecDNA"": 0}', '{\n  ""ecDNA"": 1\n}', '{\n  ""ecDNA"": 7\n}']"
1064,790.tif,1,11,0,"['{""ecDNA"": 1}', '{\n  ""ecDNA"": 0\n}', '{\n  ""ecDNA"": 0\n}', '{\n  ""ecDNA"": 0\n}']"
1065,791.tif,2,2,0,"['{""ecDNA"": 3}', '{\n""ecDNA"": 0\n}', '{\n  ""ecDNA"": 1\n}', '```json\n{\n  ""count"": 7\n}\n```']"
1066,792.tif,0,6,0,"['{""ecDNA"": 1}', '```json\n{\n  ""ecDNA"": 0\n}\n```', '{\n""ecDNA"": 1\n}', '{\n  ""ecDNA"": 1\n}']"
1067,793.tif,1,19,1,"['{\n  ""ecDNA"": 2\n}', '{\n  ""ecDNA"": 0\n}', '```json\n{\n  ""count"": 1\n}\n```', '{\n  ""ecDNA"": 0\n}']"
1068,794.tif,0,10,0,"['{\n""ecDNA"": 0\n}', '```json\n[0]\n```', '```json\n{\n  ""ecDNA"": 0\n}\n```', '{\n    ""count"": 1\n}']"
1069,795.tif,1,0,0,"['```json\n{\n  ""ecDNA"": 2\n}\n```', '```json\n{""ecDNA"": 0}\n```', '{\n  ""ecDNA"": {\n    ""count"": 1\n  }\n}', '```json\n{\n  ""ecDNA"": 0\n}\n```']"
1070,796.tif,1,0,0,"['{\n""ecDNA"": 3\n}', '```json\n{\n  ""ecDNA"": 0\n}\n```', '{\n  ""ecDNA"": 1\n}', '{\n  ""ecDNA"": 0\n}']"
1071,8.tif,4,0,2,"['{\n  ""ecDNA"": 3\n}', '{\n    ""ecDNA"": 0\n}', '{\n  ""ecDNA"": 1\n}', '{""ecDNA"": 7}']"
1072,800.tif,3,0,0,"['```json\n[2]\n```', '```json\n{\n  ""ecDNA"": 0\n}\n```', '{\n    ""ecDNA"": 0\n}', '{\n  ""count"": 1\n}']"
1073,801.tif,1,0,0,"['```json\n{\n  ""ecDNA"": 0\n}\n```', '{\n  ""ecDNA"": 0\n}', '{\n  ""ecDNA"": 1\n}', '{\n    ""ecDNA"": 8\n}']"
1074,802.tif,2,0,0,"['{\n  ""ecDNA"": 3\n}', '{\n  ""ecDNA"": 0\n}', '```json\n{\n  ""ecDNA"": {\n    ""count"": 1\n  }\n}\n```', '{\n""ecDNA"": 7\n}']"
1075,803.tif,1,0,0,"['{\n""ecDNA"": {\n""number"": 3\n}\n}', '```json\n{\n  ""ecDNA"": {\n    ""count"": 1\n  }\n}\n```', '```json\n{\n  ""ecDNA"": 1\n}\n```', '{""ecDNA"": 7}']"
1076,804.tif,2,0,0,"['{\n  ""ecDNA"": 0\n}', '{""ecDNA"": 0}', '{\n  ""ecDNA"": 0\n}', '{\n  ""ecDNA"": 0\n}']"
1077,805.tif,1,1,0,"['{\n  ""ecDNA_count"": 4\n}', '```json\n{""ecDNA"": 0}\n```', '{\n    ""ecDNA"": 1\n}', '{\n    ""ecDNA"": 0\n}']"
1078,806.tif,0,2,3,"['{""ecDNA"": {""number"": 1}}', '{""ecDNA"": 0}', '{\n  ""ecDNA"": 1\n}', '{\n    ""ecDNA"": 7\n}']"
1079,807.tif,1,0,0,"['{\n  ""ecDNA"": 3\n}', '{""ecDNA"": 0}', '{\n  ""ecDNA"": 0\n}', '{\n    ""ecDNA"": 7\n}']"
1080,808.tif,2,0,0,"['{""ecDNA"": 4}', '{\n  ""ecDNA"": 0\n}', '{\n""ecDNA"": 1\n}', '{\n  ""ecDNA"": 7\n}']"
1081,809.tif,1,8,16,"['{\n  ""ecDNA"": 3\n}', '{\n  ""ecDNA"": 0\n}', '{""ecDNA"": 0}', '{\n  ""ecDNA"": 7\n}']"
1082,810.tif,0,9,8,"['{""ecDNA"": 5}', '{\n  ""ecDNA"": 0\n}', '{\n  ""ecDNA"": 1\n}', '```json\n{\n  ""ecDNA"": 7\n}\n```']"
1083,811.tif,1,0,0,"['{\n  ""ecDNA_count"": 2\n}', '{\n  ""ecDNA"": 0\n}', '{\n  ""count"": 1\n}', '{\n  ""ecDNA"": 0\n}']"
1084,812.tif,2,0,0,"['{\n  ""ecDNA"": 0\n}', '{\n""ecDNA"": 0\n}', '{\n    ""ecDNA"": 0\n}', '{\n  ""ecDNA"": 0\n}']"
1085,813.tif,2,18,24,"['{""ecDNA"": 5}', '{\n  ""ecDNA"": 0\n}', '{\n  ""ecDNA"": 1\n}', '{\n    ""ecDNA"": 8\n}']"
1086,814.tif,0,12,8,"['{\n  ""ecDNA"": 1\n}', '{\n  ""ecDNA"": 0\n}', '{\n  ""ecDNA"": {\n    ""value"": 1,\n    ""unit"": """"\n  }\n}', '{\n""ecDNA"": 7\n}']"
1087,816.tif,1,0,0,"['{\n  ""ecDNA"": 3\n}', '{""ecDNA"": 0}', '{\n""ecDNA"": 1\n}', '{\n  ""ecDNA"": 0\n}']"
1088,817.tif,2,0,0,"['{\n  ""ecDNA"": 0\n}', '```json\n{\n""ecDNA"": 0\n}\n```', ""I'm sorry, but as an AI language model, I cannot see the image or provide any specific details about the ecDNA in it. Could you please provide more information or context so that I can better understand and assist you?"", '```json\n{\n  ""ecDNA"": 1\n}\n```']"
1089,819.tif,1,0,0,"['{\n  ""ecDNA"": 3\n}', '{\n""ecDNA"": 0\n}', '{\n  ""ecDNA"": 0\n}', '{\n""ecDNA"": 7\n}']"
1090,820.tif,3,0,0,"['```json\n{\n  ""ecDNA"": 3\n}\n```', '{\n  ""count"": 0\n}', 'The image contains 1 ecDNA.', '{\n    ""ecDNA"": 7\n}']"
1091,821.tif,1,2,7,"['```json\n[4]\n```', '{\n  ""ecDNA"": 0\n}', '{\n  ""ecDNA"": 1\n}', '{\n  ""count"": 8\n}']"
1092,822.tif,2,0,0,"['{\n""ecDNA"": 1\n}', '```json\n{\n  ""ecDNA"": 0\n}\n```', '{\n""ecDNA"": 1\n}', '{\n  ""ecDNA"": 7\n}']"
1093,823.tif,2,0,5,"['{\n  ""ecDNA"": 3\n}', '{\n  ""ecDNA"": 0\n}', '{\n  ""ecDNA"": 1\n}', '{\n  ""ecDNA"": 0\n}']"
1094,824.tif,1,0,1,"['```json\n{\n  ""ecDNA"": 0\n}\n```', '{""ecDNA"": 0}', '{\n  ""ecDNA"": 0\n}', '```json\n{\n  ""count"": 1\n}\n```']"
1095,825.tif,1,7,0,"['{\n  ""ecDNA"": 2\n}', '{\n    ""ecDNA"": 0\n}', '```json\n{""ecDNA"": 0}\n```', '{\n  ""ecDNA"": 1\n}']"
1096,826.tif,2,2,0,"['{\n  ""ecDNA"": 0\n}', '{""ecDNA"": 0}', '{\n    ""ecDNA"": 0\n}', '{\n  ""ecDNA"": 7\n}']"
1097,827.tif,2,3,2,"['{\n  ""ecDNA"": 0\n}', '{\n""ecDNA"": 0\n}', '{\n  ""ecDNA"": 0\n}', '```json\n{\n  ""ecDNA"": 7\n}\n```']"
1098,828.tif,0,14,12,"['{\n  ""ecDNA"": {\n    ""count"": 3\n  }\n}', '{""ecDNA"": 0}', '{\n  ""ecDNA"": 0\n}', '```json\n{\n  ""ecDNA"": 7\n}\n```']"
1099,829.tif,0,25,0,"['{\n  ""ecDNA"": 3\n}', '{\n""ecDNA"": 0\n}', '{""ecDNA"": 0}', 'The number of ecDNA in the image is 0.']"
1100,830.tif,0,8,1,"['```json\n[\n  {\n    ""ecDNA"": 0\n  }\n]\n```', '{\n  ""ecDNA"": 0\n}', '{\n  ""count"": 0\n}', '```json\n{\n  ""ecDNA"": 1\n}\n```']"
1101,831.tif,1,1,1,"['{\n  ""ecDNA"": 0\n}', '```json\n{\n  ""ecDNA"": 0\n}\n```', '{\n  ""ecDNA"": 0\n}', '{\n""ecDNA"": ""1""\n}']"
1102,832.tif,0,2,9,"['```json\n[3]\n```', '{""ecDNA"": 0}', '{\n  ""ecDNA"": 1\n}', '{\n    ""count"": 7\n}']"
1103,833.tif,2,10,2,"['```json\n{\n  ""ecDNA"": 0\n}\n```', '{\n  ""ecDNA"": 0\n}', '{\n  ""ecDNA"": 1\n}', '{\n  ""ecDNA"": 1\n}']"
1104,834.tif,1,3,3,"['{""ecDNA"": 2}', '{\n  ""ecDNA"": 0\n}', '{\n  ""ecDNA"": {\n    ""count"": 1\n  }\n}', '{\n  ""ecDNA"": 1\n}']"
1105,835.tif,2,0,0,"['{\n  ""ecDNA"": 20\n}', '{\n""ecDNA"": 0\n}', '{\n  ""ecDNA"": 1\n}', '{\n  ""count"": 1\n}']"
1106,837.tif,0,1,0,"['{\n  ""ecDNA"": 0\n}', '{\n    ""ecDNA"": 0\n}', '{\n""ecDNA"": 0\n}', '{\n  ""ecDNA"": 7\n}']"
1107,838.tif,1,2,0,"['{\n  ""ecDNA"": 3\n}', '{\n""ecDNA"": 0\n}', '{\n  ""ecDNA"": 1\n}', '{\n""ecDNA"": 0\n}']"
1108,839.tif,1,0,0,"['{""ecDNA"": 3}', '{\n  ""count"": 0\n}', '{\n  ""count"": 1\n}', '{\n""ecDNA"": 5\n}']"
1109,84.tif,0,3,1,"['{\n  ""ecDNA"": {\n    ""total"": 0,\n    ""connected"": false\n  }\n}', '{\n  ""ecDNA"": 0\n}', '{\n  ""ecDNA"": 1\n}', '{\n  ""ecDNA"": 7\n}']"
1110,845.tif,1,0,0,"['{\n  ""ecDNA"": 3\n}', '```json\n{\n  ""ecDNA"": 0\n}\n```', '{\n  ""ecDNA"": 1\n}', '{\n  ""ecDNA"": 0\n}']"
1111,849.tif,1,1,0,"['{\n    ""ecDNA"": 3\n}', '{\n""ecDNA"": 0\n}', '{\n  ""ecDNA"": 1\n}', '```json\n{\n  ""ecDNA"": 7\n}\n```']"
1112,85.tif,0,4,11,"['{""ecDNA"":3}', '{""ecDNA"": 0}', '{\n    ""count"": 1\n}', '```json\n[7]\n```']"
1113,853.tif,3,7,0,"['{\n    ""ecDNA"": 5\n}', '{\n  ""ecDNA"": 0\n}', '```json\n{\n  ""count"": 0\n}\n```', '{\n  ""ecDNA"": 7\n}']"
1114,854.tif,1,13,2,"['{\n  ""ecDNA"": 5\n}', '```json\n{\n  ""count"": 0\n}\n```', '{\n  ""ecDNA"": 1\n}', '{\n""ecDNA"": 1\n}']"
1115,858.tif,1,0,0,"['{\n""ecDNA"": {\n""num"": 3\n}\n}', '{""ecDNA"": 0}', '{\n  ""ecDNA"": 1\n}', '{\n  ""ecDNA"": 7\n}']"
1116,86.tif,1,0,2,"['{\n  ""ecDNA"": 0\n}', '{\n  ""ecDNA"": 0\n}', '{""ecDNA"":1}', '{\n""ecDNA"": 0\n}']"
1117,863.tif,1,0,0,"['```json\n[3]\n```', '```json\n{\n  ""ecDNA"": 0\n}\n```', '{\n  ""ecDNA"": 1\n}', '{\n  ""count"": 1\n}']"
1118,869.tif,0,13,3,"['{""ecDNA"": 2}', '{""ecDNA"":0}', '{\n  ""ecDNA"": 0\n}', '{\n""ecDNA"": 0\n}']"
1119,87.tif,1,0,1,"['{\n  ""ecDNA"": 3\n}', '```json\n{\n  ""ecDNA"": 0\n}\n```', '{""ecDNA"": 1}', '{\n""ecDNA"": 7\n}']"
1120,870.tif,0,18,2,"['```json\n[1]\n```', '{""ecDNA"": 0}', '{\n  ""ecDNA"": 1\n}', '```json\n{\n  ""ecDNA"": 7\n}\n```']"
1121,871.tif,0,5,1,"['{\n""ecDNA"": 0\n}', '```json\n{\n  ""ecDNA"": 0\n}\n```', '{\n  ""ecDNA"": 1\n}', '{\n    ""ecDNA"": 0\n}']"
1122,873.tif,0,12,7,"['{\n  ""ecDNA"": 0\n}', '{\n""ecDNA"": 0\n}', '```json\n{\n  ""ecDNA"": 1\n}\n```', '{\n  ""ecDNA"": 0\n}']"
1123,874.tif,0,7,1,"['{\n  ""ecDNA"": 3\n}', '{\n  ""ecDNA"": 0\n}', '{\n""ecDNA"": 1\n}', '{\n  ""ecDNA"": 7\n}']"
1124,88.tif,0,18,34,"['{\n    ""ecDNA"": 5\n}', '{""ecDNA"": 0}', '{\n  ""ecDNA"": 1\n}', '```json\n{\n  ""ecDNA"": 7\n}\n```']"
1125,883.tif,1,0,0,"['{\n""ecDNA"": 3\n}', '{\n    ""count"": 0\n}', '{\n    ""ecDNA"": 1\n}', '{\n  ""ecDNA"": 8\n}']"
1126,889.tif,0,9,3,"['{\n  ""ecDNA_count"": 10\n}', '{\n  ""ecDNA"": 0\n}', '{\n  ""ecDNA"": 1\n}', '{\n  ""ecDNA"": 1\n}']"
1127,89.tif,0,24,35,"['{\n    ""ecDNA"": 0\n}', '```json\n{\n  ""ecDNA"": 0\n}\n```', ""I'm sorry, but I am unable to provide an answer without more specific information about the image. Could you please provide me with the image itself or any relevant metadata?"", '{\n  ""ecDNA"": 7\n}']"
1128,890.tif,0,4,2,"['{\n  ""ecDNA"": 3\n}', '{""ecDNA_count"": 0}', '{\n  ""count"": 0\n}', '{""count"": 1}']"
1129,891.tif,0,1,0,"['{\n  ""ecDNA"": 10\n}', '{""ecDNA"": 0}', '{\n  ""ecDNA"": 1\n}', '{\n  ""ecDNA"": 1\n}']"
1130,892.tif,0,4,1,"['{\n  ""ecDNA"": 0\n}', '{\n""ecDNA"": 0\n}', '{\n  ""ecDNA"": 1\n}', '{\n  ""ecDNA"": 1\n}']"
1131,893.tif,0,30,12,"['{""ecDNA_count"": 3}', '```json\n{\n  ""ecDNA"": 0\n}\n```', '{\n  ""ecDNA"": 0\n}', '{\n  ""ecDNA"": 7\n}']"
1132,894.tif,0,15,2,"['```json\n[""3""]\n```', '```json\n{\n  ""ecDNA"": 0\n}\n```', '{\n    ""ecDNA"": 1\n}', '{\n""ecDNA"": 7\n}']"
1133,895.tif,0,2,1,"['{\n  ""ecDNA"": 3\n}', '{""ecDNA"": 0}', '{\n  ""ecDNA"": 1\n}', '{\n  ""ecDNA"": 7\n}']"
1134,9.tif,4,36,2,"['{\n""ecDNA"": 3\n}', '{\n  ""ecDNA"": 0\n}', '{\n    ""count"": 0\n}', '{\n    ""ecDNA"": {\n        ""count"": 8\n    }\n}']"
1135,90.tif,1,7,16,"['{\n  ""ecDNA"": 0\n}', '{""ecDNA"": 0}', '{\n  ""ecDNA"": 1\n}', '{\n  ""ecDNA"": 0\n}']"
1136,901.tif,0,3,0,"['{\n  ""ecDNA"": 5\n}', '{\n  ""ecDNA"": 0\n}', '```json\n{\n  ""ecDNA"": 0\n}\n```', '{\n""ecDNA"": 1\n}']"
1137,902.tif,0,3,0,"['{""ecDNA"": 2}', '{""ecDNA"": 0}', '{\n  ""ecDNA"": 0\n}', '{\n    ""ecDNA"": 7\n}']"
1138,903.tif,1,0,0,"['```json\n[4]\n```', '{\n""ecDNA"": 0\n}', '```json\n{\n  ""count"": 1\n}\n```', '{\n  ""ecDNA"": 8\n}']"
1139,904.tif,0,8,1,"['{\n  ""ecDNA"": 0\n}', '{\n""ecDNA"": 0\n}', '{\n  ""ecDNA"": 1\n}', '{\n  ""ecDNA"": 1\n}']"
1140,905.tif,1,23,1,"['{""ecDNA"": 3}', '{""ecDNA"": 0}', '{\n""ecDNA"": 0\n}', '{\n    ""ecDNA"": 7\n}']"
1141,906.tif,1,7,1,"['{\n    ""ecDNA"": 3\n}', '```json\n{\n  ""ecDNA"": 0\n}\n```', '{\n  ""ecDNA"": 0\n}', '{\n  ""count"": 1\n}']"
1142,907.tif,2,0,0,"['```json\n[2]\n```', '{\n  ""ecDNA"": 0\n}', '{\n  ""ecDNA"": 1\n}', '{\n""ecDNA"": 7\n}']"
1143,909.tif,1,7,0,"['{\n  ""ecDNA"": 3\n}', '{\n""ecDNA"": 0\n}', '```json\n{\n  ""count"": 1\n}\n```', 'The image contains 7 ecDNA.']"
1144,91.tif,1,0,1,"['{\n    ""ecDNA"": {\n        ""count"": 1\n    }\n}', '{\n  ""ecDNA"": 0\n}', '{\n""ecDNA"": 1\n}', '{\n  ""ecDNA"": 1\n}']"
1145,910.tif,1,13,0,"['{\n  ""ecDNA"": 3\n}', '{\n  ""ecDNA"": 0\n}', '{\n  ""ecDNA"": 1\n}', '{\n""ecDNA"": 8\n}']"
1146,911.tif,1,0,0,"['{\n    ""ecDNA"": 50\n}', '{\n  ""ecDNA"": 0\n}', '```json\n{\n  ""ecDNA"": 0\n}\n```', '{\n    ""count"": 0\n}']"
1147,914.tif,0,5,0,"['{\n""ecDNA"": 4\n}', '```json\n{\n  ""ecDNA"": 0\n}\n```', 'The image contains {ecDNA_count} ecDNA.', '{\n    ""ecDNA"": 1\n}']"
1148,916.tif,2,4,6,"['```json\n[0]\n```', '{\n  ""ecDNA"": 0\n}', '```json\n{\n  ""ecDNA"": {\n    ""count"": 1\n  }\n}\n```', '{\n  ""ecDNA"": 0\n}']"
1149,917.tif,1,1,1,"['{\n    ""ecDNA"": 3\n}', '{""ecDNA"": 0}', '```json\n{\n  ""ecDNA"": {\n    ""value"": 1,\n    ""description"": ""Circular structures in cell images.""\n  }\n}\n```', '{\n  ""ecDNA"": 7\n}']"
1150,92.tif,0,8,13,"['{""ecDNA"": 3}', '{""ecDNA"": 0}', '{\n""ecDNA"": 0\n}', '{\n  ""ecDNA"": 7\n}']"
1151,925.tif,0,4,1,"['{\n    ""ecDNA"": 20\n}', '{\n  ""ecDNA"": 0\n}', ""I'm sorry, but I cannot determine the number of ecDNA in the image without seeing it. Please provide the image so I can analyze it and provide the necessary information."", '{\n  ""ecDNA"": 1\n}']"
1152,926.tif,0,2,1,"['{\n  ""ecDNA"": 5\n}', '{\n    ""ecDNA"": 0\n}', '{\n  ""ecDNA"": 1\n}', '```json\n{\n  ""ecDNA"": 7\n}\n```']"
1153,929.tif,0,3,3,"['```json\n[1]\n```', '{\n""ecDNA"": 0\n}', '{\n  ""ecDNA"": 1\n}', '{\n  ""ecDNA"": 1\n}']"
1154,93.tif,0,12,36,"['```json\n[\n    {\n        ""ecDNA"": 0\n    }\n]\n```', '```json\n{\n  ""ecDNA"": 0\n}\n```', '{\n  ""ecDNA"": 0\n}', '{\n  ""count"": 1\n}']"
1155,930.tif,0,21,7,"['{\n  ""ecDNA"": 3\n}', '{\n  ""count"": 0\n}', '{""ecDNA"": {""count"": 0}}', '{\n  ""count"": 8\n}']"
1156,933.tif,0,11,3,"['{\n""ecDNA"": 3\n}', '{\n  ""ecDNA"": 0\n}', '{\n    ""ecDNA"": 1\n}', '{\n  ""ecDNA"": 1\n}']"
1157,934.tif,0,11,2,"['{\n  ""ecDNA"": 1\n}', '{\n  ""ecDNA"": 0\n}', '{\n  ""ecDNA"": 1\n}', '{\n  ""ecDNA"": 1\n}']"
1158,938.tif,0,3,0,"['{\n  ""ecDNA"": 0\n}', '{\n  ""ecDNA"": 0\n}', '{\n  ""ecDNA"": 1\n}', '{\n  ""ecDNA"": 1\n}']"
1159,94.tif,0,5,35,"['```json\n[\n    4\n]\n```', '{\n""ecDNA"": 0\n}', '{\n  ""ecDNA"": 0\n}', '{\n    ""ecDNA"": 1\n}']"
1160,946.tif,0,4,0,"['{\n  ""ecDNA"": 3\n}', '{\n  ""ecDNA"": 0\n}', '{\n  ""ecDNA"": 0\n}', '{\n  ""ecDNA"": 0\n}']"
1161,948.tif,2,0,0,"['```json\n[5]\n```', '{\n""ecDNA"": 0\n}', '{\n  ""ecDNA"": 1\n}', '{""ecDNA"": {""count"": 7}}']"
1162,949.tif,0,8,2,"['{\n  ""ecDNA"": 3\n}', '{\n  ""ecDNA"": 0\n}', '{\n""ecDNA"": {\n""Value"": 1,\n""Count"": 1\n}\n}', '```json\n{\n  ""ecDNA"": 7\n}\n```']"
1163,950.tif,0,4,0,"['{\n""ecDNA"": 3\n}', '{""ecDNA"": 0}', '{\n  ""ecDNA"": {\n    ""count"": 1\n  }\n}', '{\n  ""ecDNA"": 7\n}']"
1164,952.tif,2,0,0,"['```json\n{\n  ""ecDNA"": {\n    ""count"": 3\n  }\n}\n```', '{\n""ecDNA"": {\n""count"": 0\n}\n}', '{\n""ecDNA"": 1\n}', '{\n""ecDNA"": ""7""\n}']"
1165,953.tif,0,18,1,"['{\n""ecDNA"": 3\n}', '{\n  ""ecDNA"": 0\n}', '```json\n{\n  ""ecDNA"": 1\n}\n```', '{\n    ""ecDNA"": 0\n}']"
1166,954.tif,0,15,0,"['{\n  ""ecDNA"": 1\n}', '{\n""ecDNA"": 0\n}', '{""ecDNA"": 1}', '{\n  ""ecDNA"": 1\n}']"
1167,957.tif,0,5,0,"['{\n  ""ecDNA"": 3\n}', '```json\n{\n  ""ecDNA"": 0\n}\n```', '{\n  ""count"": 1\n}', '{\n  ""ecDNA"": 1\n}']"
1168,958.tif,0,5,0,"['{\n  ""ecDNA"": 5\n}', '{\n  ""ecDNA"": 0\n}', '{\n  ""ecDNA"": 0\n}', '{\n  ""count"": 7\n}']"
1169,965.tif,0,2,0,"['{\n  ""ecDNA_count"": 2\n}', '{\n  ""ecDNA"": 0\n}', '```json\n{\n  ""ecDNA"": 0\n}\n```', '{\n  ""ecDNA"": 1\n}']"
1170,969.tif,0,20,1,"['{\n  ""ecDNA"": {\n    ""count"": 2\n  }\n}', '{""ecDNA_count"": 0}', '{\n  ""ecDNA"": 0\n}', '{\n""ecDNA"": 7\n}']"
1171,970.tif,0,15,2,"['{\n  ""ecDNA"": 0\n}', '{\n  ""ecDNA"": 0\n}', '{\n  ""ecDNA"": {\n    ""value"": 0,\n    ""count"": 0\n  }\n}', '{\n  ""ecDNA"": 1\n}']"
1172,972.tif,1,0,0,"['{\n  ""ecDNA"": 2\n}', '{\n""ecDNA"": 0\n}', '{\n  ""ecDNA"": {\n    ""value"": 1\n  }\n}', '{\n  ""ecDNA"": 5\n}']"
1173,973.tif,0,2,0,"['{""ecDNA_count"": 5}', '{\n""ecDNA"": 0\n}', '{\n  ""count"": 1\n}', '```json\n{\n  ""ecDNA"": 7\n}\n```']"
1174,974.tif,0,14,0,"['{\n""ecDNA"": 3\n}', '{""ecDNA"": 0}', '{\n  ""ecDNA"": 1\n}', '{\n""ecDNA"": 7\n}']"
1175,976.tif,2,0,0,"['{\n    ""ecDNA"": 10,\n    ""nuclei"": 2,\n    ""chromosomes"": 10\n}', '{\n  ""ecDNA"": 0\n}', '{\n""ecDNA"": 1\n}', '{\n  ""ecDNA"": 1\n}']"
1176,977.tif,0,1,0,"['{\n  ""ecDNA"": 3\n}', '{\n  ""ecDNA"": 0\n}', '{\n  ""ecDNA"": 1\n}', '{\n  ""ecDNA"": 7\n}']"
1177,978.tif,0,4,0,"['{\n    ""ecDNA"": 3\n}', '{\n""ecDNA"": 0\n}', '{\n  ""ecDNA"": 1\n}', '{\n  ""count"": 1\n}']"
1178,98.tif,1,0,0,"['{\n  ""ecDNA_count"": 0\n}', '{\n""ecDNA"": 0\n}', '{\n  ""ecDNA"": 1\n}', '```json\n{\n  ""ecDNA"": 1\n}\n```']"
1179,985.tif,0,11,1,"['{\n  ""ecDNA"": 3\n}', '```json\n{\n  ""ecDNA"": 0\n}\n```', '```json\n{\n  ""ecDNA"": 0\n}\n```', '{\n  ""ecDNA"": 7\n}']"
1180,988.tif,0,10,2,"['```json\n{\n""ecDNA"": {\n""count"": 3\n}\n} \n```', '{\n  ""ecDNA"": {\n    ""count"": 0\n  }\n}', '{\n  ""ecDNA"": 0\n}', '{\n  ""ecDNA"": 1\n}']"
1181,989.tif,0,21,5,"['{\n""ecDNA"": 0\n}', '{\n  ""ecDNA"": {\n    ""value"": 0,\n    ""count"": 45\n  }\n}', '{\n""ecDNA"": 1\n}', '{\n    ""ecDNA"": 7\n}']"
1182,99.tif,1,0,4,"['{\n  ""ecDNA"": 5\n}', '{\n  ""ecDNA"": 0\n}', '{\n""ecDNA"": 1\n}', '{\n""ecDNA"": 7\n}']"
1183,990.tif,0,12,3,"['{\n  ""ecDNA"": 2\n}', '```json\n{\n  ""ecDNA"": 0\n}\n```', '```json\n{\n  ""ecDNA"": 1\n}\n```', '{\n  ""ecDNA"": 0\n}']"
1184,992.tif,0,6,0,"['{\n  ""ecDNA_count"": 0\n}', '{\n  ""ecDNA"": 0\n}', '{\n  ""ecDNA"": {\n    ""count"": 1\n  }\n}', '```json\n{\n  ""ecDNA"": 1\n}\n```']"
1185,993.tif,0,18,3,"['{\n""ecDNA"": 1\n}', '{\n  ""ecDNA"": 0\n}', '{\n  ""ecDNA"": 0\n}', '```json\n{\n  ""count"": 0\n}\n```']"
1186,994.tif,0,26,0,"['{\n""ecDNA"": 5\n}', '{\n  ""ecDNA"": 0\n}', '```json\n{\n  ""ecDNA"": 0\n}\n```', '{\n  ""ecDNA"": {\n    ""value"": 0,\n    ""count"": 0\n  }\n}']"
1187,995.tif,0,17,5,"['{\n  ""ecDNA"": 1\n}', '{\n""ecDNA"": 0\n}', '{\n  ""ecDNA"": 1\n}', '{\n  ""ecDNA"": 1\n}']"
1188,998.tif,0,3,0,"['{\n    ""ecDNA"": 3\n}', '{""ecDNA"": 0}', '{\n  ""ecDNA"": 0\n}', '{\n  ""ecDNA"": 0\n}']"
