,image,num_nuclei,num_chromosomes,num_ecDNA,n_shot,temp_adj,agg_results,multi_layer
0,0.tif,2,1,1,"['{\n  ""ecDNA"": 3\n}', '{\n  ""ecDNA"": 0\n}', '{\n  ""ecDNA"": 7\n}', '{\n  ""ecDNA"": 0\n}']","['{\n  ""ecDNA"": 0\n}', '{\n  ""ecDNA"": 0\n}', '{\n  ""ecDNA"": 2\n}', '{\n  ""ecDNA"": 0\n}']","['{\n  ""ecDNA"": 3\n}', '{\n  ""ecDNA"": 3\n}', '{\n  ""ecDNA"": 0\n}', '{\n  ""ecDNA"": 3\n}', '{\n  ""ecDNA"": 3\n}']","Here is the number of ecDNA in the image:
```json
{
  ""ecDNA"": 5
}
```"
1,1.tif,4,1,3,"['{\n  ""ecDNA"": 3\n}', '```json\n{\n  ""ecDNA"": 1\n}\n```', '{\n  ""ecDNA"": 1\n}', '{\n  ""ecDNA"": 2\n}']","['{\n  ""ecDNA"": 0\n}', '{\n  ""ecDNA"": 0\n}', '{\n  ""ecDNA"": 2\n}', '{""ecDNA"": 3}']","['{\n  ""ecDNA"": 0\n}', '{\n  ""ecDNA"": 3\n}', '{\n  ""ecDNA"": 3\n}', '{\n  ""ecDNA"": 0\n}', '{\n  ""ecDNA"": 0\n}']","I'm sorry, but I cannot determine the number of ecDNA in the image as it is not provided. Please provide more information about the image or the number of ecDNA you are referring to."
2,10.tif,1,6,2,"['{\n  ""ecDNA"": 3\n}', '{\n  ""ecDNA"": 4\n}', '{\n  ""ecDNA"": 16\n}', '{\n  ""ecDNA"": 0\n}']","['{\n  ""ecDNA"": 3\n}', '{\n  ""ecDNA"": 0\n}', '{""ecDNA"": 2}', '{\n  ""ecDNA"": 3\n}']","['{\n  ""ecDNA"": 0\n}', '{\n  ""ecDNA"": 0\n}', '{\n  ""ecDNA"": 0\n}', '{\n  ""ecDNA"": 0\n}', '{\n  ""ecDNA"": 0\n}']","{
""ecDNA"": 10
}"
3,1000.tif,3,4,2,"['{\n  ""ecDNA"": 0\n}', '{\n  ""ecDNA"": 3\n}', '{\n  ""ecDNA"": 0\n}', '{\n  ""ecDNA"": 0\n}']","['{\n  ""ecDNA"": 3\n}', '{\n  ""ecDNA"": 2\n}', '{\n""ecDNA"": 3\n}', '{\n  ""ecDNA"": 0\n}']","['{\n  ""ecDNA"": 0\n}', '{\n  ""ecDNA"": 3\n}', '{\n  ""ecDNA"": 0\n}', '{\n  ""ecDNA"": 3\n}', '{\n  ""ecDNA"": 0\n}']","I'm sorry, but I cannot provide an answer without a picture. Please upload the image so I can assist you better."
4,1001.tif,1,0,0,"['{\n  ""ecDNA"": 3\n}', '{\n  ""ecDNA"": 1\n}', '{\n  ""ecDNA"": 2\n}', '{\n  ""ecDNA"": 1\n}']","['{\n  ""ecDNA"": 0\n}', '{\n  ""ecDNA"": 0\n}', '{\n  ""ecDNA"": 2\n}', '```json\n[\n  {\n    ""ecDNA"": 0\n  }\n]\n```']","['{\n  ""ecDNA"": 0\n}', '{\n  ""ecDNA"": 3\n}', '{\n  ""ecDNA"": 0\n}', '{\n  ""ecDNA"": 3\n}', '{\n  ""ecDNA"": 3\n}']","I'm sorry, but I cannot determine the number of ecDNA in the image as it is not provided. Please provide more information about the number of ecDNA you are referring to."
5,1004.tif,1,2,3,"['{\n  ""ecDNA"": 0\n}', '```json\n{\n  ""ecDNA"": 3\n}\n```', '{\n  ""ecDNA"": 4\n}', '{\n  ""ecDNA"": 0\n}']","['{\n  ""ecDNA"": 2\n}', '{\n  ""ecDNA"": 5\n}', '{\n  ""ecDNA"": 0\n}', '{\n  ""ecDNA"": {\n    ""count"": 3\n  }\n}']","['{\n  ""ecDNA"": 3\n}', '{\n  ""ecDNA"": 3\n}', '{\n  ""ecDNA"": 0\n}', '{\n  ""ecDNA"": 0\n}', '{\n  ""ecDNA"": 0\n}']","Here is the number of connected components in the image:
```json
{
  ""ecDNA"": 5
}
```

Note that the number of ecDNA may vary depending on the specific image you are analyzing."
6,1006.tif,0,2,0,"['{\n  ""ecDNA"": 3\n}', '```json\n{\n  ""ecDNA"": 7\n}\n```', '{\n  ""ecDNA"": 1\n}', '```json\n[61]\n```']","['{\n  ""ecDNA"": 3\n}', '{\n  ""ecDNA"": 0\n}', '{\n  ""ecDNA"": 0\n}', '{""ecDNA_count"":3}']","['{\n  ""ecDNA"": 3\n}', '{\n  ""ecDNA"": 0\n}', '{\n  ""ecDNA"": 0\n}', '{\n  ""ecDNA"": 3\n}', '{\n  ""ecDNA"": 0\n}']",I am unable to determine the number of ecDNA in the image as it is not provided. Please provide more information about the ecDNA pattern or the number of ecDNA you are referring to.
7,1008.tif,0,7,2,"['{\n  ""ecDNA"": 3\n}', '{\n  ""ecDNA"": 3\n}', '{\n  ""ecDNA"": 7\n}', '{\n  ""ecDNA"": 0\n}']","['{\n  ""ecDNA"": 0\n}', '{\n  ""ecDNA"": 3\n}', '{""ecDNA"": 0}', '{\n  ""ecDNA"": 0\n}']","['{\n  ""ecDNA"": 0\n}', '{\n  ""ecDNA"": 3\n}', '{\n  ""ecDNA"": 3\n}', '{\n  ""ecDNA"": 0\n}', '{\n  ""ecDNA"": 3\n}']","{
  ""ecDNA"": 1
}"
8,1009.tif,0,21,6,"['{\n  ""ecDNA"": 3\n}', '```json\n{\n  ""ecDNA"": 11\n}\n```', '{\n  ""ecDNA"": 5\n}', '{\n  ""ecDNA"": 12\n}']","['{\n  ""ecDNA"": 3\n}', '{\n""ecDNA"": 2\n}', '{\n""ecDNA"": 2\n}', '{""ecDNA_count"":3}']","['{\n  ""ecDNA"": 0\n}', '{\n  ""ecDNA"": 3\n}', '{\n  ""ecDNA"": 0\n}', '{\n  ""ecDNA"": 0\n}', '{\n  ""ecDNA"": 0\n}']","{
""ecDNA"": 0
}"
9,1013.tif,0,17,3,"['{\n  ""ecDNA"": 3\n}', '{\n  ""ecDNA"": 4\n}', '{\n  ""ecDNA"": 1\n}', '```json\n[5]\n```']","['{\n  ""ecDNA"": 0\n}', '{\n  ""ecDNA"": 0\n}', '{""ecDNA"": 0}', '{""ecDNA"": 0}']","['{\n  ""ecDNA"": 3\n}', '{\n  ""ecDNA"": 0\n}', '{\n  ""ecDNA"": 0\n}', '{\n  ""ecDNA"": 3\n}', '{\n  ""ecDNA"": 3\n}']","I'm sorry, but I cannot determine the number of ecDNA in the image as it is not provided. Please provide more information about the number of ecDNA you are referring to."
10,102.tif,1,0,13,"['{\n  ""ecDNA"": 0\n}', '{\n  ""ecDNA"": 2\n}', '{\n  ""ecDNA"": 0\n}', '{\n  ""ecDNA"": 7\n}']","['{\n  ""ecDNA"": 0\n}', '{""ecDNA"": 0}', '{""ecDNA"": 5}', '{\n""ecDNA"": 0\n}']","['{\n  ""ecDNA"": 0\n}', '{\n  ""ecDNA"": 0\n}', '{\n  ""ecDNA"": 0\n}', '{\n  ""ecDNA"": 3\n}', '{\n  ""ecDNA"": 0\n}']","I'm sorry, but I cannot provide an integer number in JSON format without more information about the ecDNA patterns in the image. Please provide more information about the ecDNA patterns you are referring to."
11,1025.tif,0,8,1,"['{\n  ""ecDNA"": 0\n}', '{\n  ""ecDNA"": 0\n}', '{\n  ""ecDNA"": 1\n}', '{\n  ""ecDNA"": 1\n}']","['{\n  ""ecDNA"": 2\n}', '{\n  ""ecDNA"": 0\n}', '{""ecDNA"": 5}', '{""ecDNA"": 2}']","['{\n  ""ecDNA"": 3\n}', '{\n  ""ecDNA"": 0\n}', '{\n  ""ecDNA"": 0\n}', '{\n  ""ecDNA"": 3\n}', '{\n  ""ecDNA"": 0\n}']","{
  ""ecDNA"": 2
}"
12,1026.tif,0,9,2,"['{\n  ""ecDNA"": 0\n}', '{\n  ""ecDNA"": 1\n}', '{\n  ""ecDNA"": 0\n}', '{\n  ""ecDNA"": 4\n}']","['{\n  ""ecDNA"": 0\n}', '{""ecDNA"": 3}', '{""ecDNA"": 0}', '{\n  ""ecDNA"": 3\n}']","['{\n  ""ecDNA"": 0\n}', '{\n  ""ecDNA"": 3\n}', '{\n  ""ecDNA"": 0\n}', '{\n  ""ecDNA"": 3\n}', '{\n  ""ecDNA"": 0\n}']","I'm sorry, but I cannot determine the number of ecDNA in the image as it is not provided. Please provide more information about the number of ecDNA in the image."
13,1028.tif,0,3,1,"['{\n  ""ecDNA"": 3\n}', '{\n  ""ecDNA"": 3\n}', '{\n  ""ecDNA"": 0\n}', '{\n  ""ecDNA"": 0\n}']","['{\n  ""ecDNA"": 3\n}', '{""ecDNA"": 0}', '{\n  ""ecDNA"": 2\n}', '{""ecDNA"": 2}']","['{\n  ""ecDNA"": 3\n}', '{\n  ""ecDNA"": 3\n}', '{\n  ""ecDNA"": 3\n}', '{\n  ""ecDNA"": 0\n}', '{\n  ""ecDNA"": 3\n}']","{
  ""ecDNA"": 0
}"
14,1029.tif,0,11,2,"['{\n  ""ecDNA"": 0\n}', '```json\n{\n  ""ecDNA"": 3\n}\n```', '{\n  ""ecDNA"": 25\n}', '{\n  ""ecDNA"": 1\n}']","['{\n  ""ecDNA"": 3\n}', '{\n  ""ecDNA"": 0\n}', '{\n  ""ecDNA"": 0\n}', '{\n  ""ecDNA"": {\n    ""count"": 5\n  }\n}']","['{\n  ""ecDNA"": 3\n}', '{\n  ""ecDNA"": 3\n}', '{\n  ""ecDNA"": 3\n}', '{\n  ""ecDNA"": 0\n}', '{\n  ""ecDNA"": 0\n}']","{
""ecDNA"": 5
}"
15,103.tif,1,0,6,"['{\n  ""ecDNA"": 0\n}', '{\n  ""ecDNA"": 0\n}', '{\n  ""ecDNA"": 1\n}', '```json\n[7]\n```']","['{\n  ""ecDNA"": 0\n}', '{""ecDNA"": 0}', '{\n  ""ecDNA"": 0\n}', '{\n""ecDNA"": 0\n}']","['{\n  ""ecDNA"": 3\n}', '{\n  ""ecDNA"": 0\n}', '{\n  ""ecDNA"": 3\n}', '{\n  ""ecDNA"": 0\n}', '{\n  ""ecDNA"": 0\n}']","I'm sorry, but I cannot determine the number of ecDNA in the image as it is not provided. Please provide more information about the number of ecDNA you are referring to."
16,1030.tif,0,9,2,"['{\n  ""ecDNA"": 0\n}', '```json\n{\n  ""ecDNA"": 1\n}\n```', '{\n  ""ecDNA"": 13\n}', '{\n  ""ecDNA"": 43\n}']","['{\n  ""ecDNA"": 0\n}', '{\n""ecDNA"": 0\n}', '{\n""ecDNA"": 3\n}', '{\n  ""ecDNA"": 50\n}']","['{\n  ""ecDNA"": 0\n}', '{\n  ""ecDNA"": 3\n}', '{\n  ""ecDNA"": 0\n}', '{\n  ""ecDNA"": 0\n}', '{\n  ""ecDNA"": 0\n}']","{
  ""ecDNA"": 10
}"
17,1031.tif,3,7,3,"['{\n  ""ecDNA"": 0\n}', '{\n  ""ecDNA"": 6\n}', '{\n  ""ecDNA"": 6\n}', '{\n  ""ecDNA"": 16\n}']","['{\n  ""ecDNA"": 2\n}', '{""ecDNA"": 5}', '{""ecDNA"": 2}', '{\n  ""ecDNA"": 3\n}']","['{\n  ""ecDNA"": 3\n}', '{\n  ""ecDNA"": 3\n}', '{\n  ""ecDNA"": 3\n}', '{\n  ""ecDNA"": 3\n}', '{\n  ""ecDNA"": 0\n}']","{""ecDNA"": 0}"
18,1033.tif,0,6,2,"['{\n  ""ecDNA"": 3\n}', '{\n  ""ecDNA"": 21\n}', '{\n  ""ecDNA"": 3\n}', '{\n  ""ecDNA"": 2\n}']","['{\n  ""ecDNA"": 3\n}', '{\n  ""ecDNA"": 3\n}', '{""ecDNA"": 3}', '{\n  ""ecDNA"": 0\n}']","['{\n  ""ecDNA"": 0\n}', '{\n  ""ecDNA"": 0\n}', '{\n  ""ecDNA"": 3\n}', '{\n  ""ecDNA"": 3\n}', '{\n  ""ecDNA"": 3\n}']","{
  ""ecDNA"": 10
}"
19,1034.tif,0,15,4,"['{\n  ""ecDNA"": 0\n}', '{\n  ""ecDNA"": 0\n}', '{\n  ""ecDNA"": 5\n}', '{\n  ""ecDNA"": 1\n}']","['{\n  ""ecDNA"": 3\n}', '{\n  ""ecDNA"": 0\n}', '{\n  ""ecDNA"": 2\n}', '{\n  ""ecDNA"": 5\n}']","['{\n  ""ecDNA"": 0\n}', '{\n  ""ecDNA"": 3\n}', '{\n  ""ecDNA"": 3\n}', '{\n  ""ecDNA"": 0\n}', '{\n  ""ecDNA"": 0\n}']","{
  ""ecDNA"": 0
}"
20,1042.tif,2,0,0,"['{\n  ""ecDNA"": 3\n}', '{\n  ""ecDNA"": 5\n}', '{\n  ""ecDNA"": 3\n}', '{\n  ""ecDNA"": 0\n}']","['{\n  ""ecDNA"": 2\n}', '{\n  ""ecDNA"": 0\n}', '{""ecDNA"": 2}', '{\n  ""ecDNA"": 1\n}']","['{\n  ""ecDNA"": 3\n}', '{\n  ""ecDNA"": 0\n}', '{\n  ""ecDNA"": 0\n}', '{\n  ""ecDNA"": 0\n}', '{\n  ""ecDNA"": 3\n}']","{
  ""ecDNA"": 6
}"
21,1043.tif,1,0,0,"['{\n  ""ecDNA"": 3\n}', '{\n  ""ecDNA"": 0\n}', '{\n  ""ecDNA"": 13\n}', '{\n  ""ecDNA"": 0\n}']","['{\n  ""ecDNA"": 2\n}', '{\n  ""ecDNA"": 2\n}', '{""ecDNA"": 5}', '{""ecDNA_count"":1}']","['{\n  ""ecDNA"": 0\n}', '{\n  ""ecDNA"": 3\n}', '{\n  ""ecDNA"": 3\n}', '{\n  ""ecDNA"": 0\n}', '{\n  ""ecDNA"": 0\n}']","I'm sorry, but I cannot provide the number of ecDNA in the image as it is not provided. Please provide more information about the number of ecDNA you are referring to."
22,1045.tif,0,4,0,"['{\n  ""ecDNA"": 3\n}', '{\n  ""ecDNA"": 5\n}', '{\n  ""ecDNA"": 4\n}', '{\n  ""ecDNA"": 0\n}']","['{\n  ""ecDNA"": 3\n}', '{\n  ""ecDNA"": 0\n}', '{\n  ""ecDNA"": 0\n}', '{\n""ecDNA"": 0\n}']","['{\n  ""ecDNA"": 0\n}', '{\n  ""ecDNA"": 3\n}', '{\n  ""ecDNA"": 3\n}', '{\n  ""ecDNA"": 0\n}', '{\n  ""ecDNA"": 3\n}']","{
""ecDNA"": 3
}"
23,1047.tif,2,0,0,"['{\n  ""ecDNA"": 3\n}', '{\n  ""ecDNA"": 29\n}', '{\n  ""ecDNA"": 25\n}', '{\n  ""ecDNA"": 0\n}']","['{\n  ""ecDNA"": 0\n}', '{\n""ecDNA"": 3\n}', '{""ecDNA"": 0}', '```json\n[3]\n```']","['{\n  ""ecDNA"": 3\n}', '{\n  ""ecDNA"": 3\n}', '{\n  ""ecDNA"": 0\n}', '{\n  ""ecDNA"": 3\n}', '{\n  ""ecDNA"": 3\n}']","{
  ""ecDNA"": {
    ""number"": 10
  }
}"
24,1049.tif,0,25,4,"['{\n  ""ecDNA"": 3\n}', '```json\n{\n  ""ecDNA"": 61\n}\n```', '{\n  ""ecDNA"": 7\n}', '{\n  ""ecDNA"": 2\n}']","['{\n  ""ecDNA"": 3\n}', '{""ecDNA"": 3}', '{\n""ecDNA"": 3\n}', '{\n""ecDNA"": 3\n}']","['{\n  ""ecDNA"": 3\n}', '{\n  ""ecDNA"": 3\n}', '{\n  ""ecDNA"": 3\n}', '{\n  ""ecDNA"": 0\n}', '{\n  ""ecDNA"": 3\n}']",I am unable to determine the number of ecDNA in the image as it is not provided. Please provide more information about the ecDNA patterns you are referring to.
25,1050.tif,0,16,0,"['{\n  ""ecDNA"": 3\n}', '{\n  ""ecDNA"": 5\n}', '{\n  ""ecDNA"": 1\n}', '{\n  ""ecDNA"": 0\n}']","['{\n  ""ecDNA"": 3\n}', '{\n  ""ecDNA"": 0\n}', '{\n  ""ecDNA"": 3\n}', '{\n  ""ecDNA"": 3\n}']","['{\n  ""ecDNA"": 3\n}', '{\n  ""ecDNA"": 3\n}', '{\n  ""ecDNA"": 3\n}', '{\n  ""ecDNA"": 0\n}', '{\n  ""ecDNA"": 3\n}']","```json
{
  ""ecDNA"": 3
}
```"
26,1051.tif,1,0,0,"['{\n  ""ecDNA"": 0\n}', '```json\n{\n  ""ecDNA"": 9\n}\n```', '{\n  ""ecDNA"": 1\n}', '```json\n[8]\n```']","['{\n  ""ecDNA"": 3\n}', '{\n  ""ecDNA"": 2\n}', '{\n  ""ecDNA"": 0\n}', '{""ecDNA"": 3}']","['{\n  ""ecDNA"": 3\n}', '{\n  ""ecDNA"": 0\n}', '{\n  ""ecDNA"": 0\n}', '{\n  ""ecDNA"": 3\n}', '{\n  ""ecDNA"": 0\n}']","{
  ""ecDNA"": 0
}"
27,1053.tif,1,7,0,"['{\n  ""ecDNA"": 0\n}', '{\n  ""ecDNA"": 4\n}', '{\n  ""ecDNA"": 7\n}', '{\n  ""ecDNA"": 3\n}']","['{\n  ""ecDNA"": 3\n}', '{\n  ""ecDNA"": 0\n}', '{\n  ""ecDNA"": 0\n}', '{\n  ""ecDNA"": 0\n}']","['{\n  ""ecDNA"": 0\n}', '{\n  ""ecDNA"": 0\n}', '{\n  ""ecDNA"": 3\n}', '{\n  ""ecDNA"": 3\n}', '{\n  ""ecDNA"": 0\n}']","Here is an example JSON object representing the number of ecDNA in the image:
```json
{
  ""ecDNA"": 5
}
```

This means that there are 5 ecDNA in the image. Please note that the actual number of ecDNA may vary depending on the specific image being analyzed."
28,1054.tif,1,13,2,"['{\n  ""ecDNA"": 0\n}', '```json\n{\n  ""ecDNA"": 1\n}\n```', '{\n  ""ecDNA"": 38\n}', '{\n  ""ecDNA"": 32\n}']","['{\n  ""ecDNA"": 3\n}', '{\n  ""ecDNA"": 3\n}', '{""ecDNA"": 3}', '{""ecDNA"": 0}']","['{\n  ""ecDNA"": 3\n}', '{\n  ""ecDNA"": 0\n}', '{\n  ""ecDNA"": 0\n}', '{\n  ""ecDNA"": 3\n}', '{\n  ""ecDNA"": 3\n}']","I'm sorry, but I cannot return an integer number as there is no image provided. Please provide more information about the ecDNA patterns in the image."
29,1055.tif,2,0,0,"['{\n  ""ecDNA"": 0\n}', '{\n  ""ecDNA"": 1\n}', '```json\n[3]\n```', '{\n  ""ecDNA"": 2\n}']","['{\n  ""ecDNA"": 3\n}', '{\n  ""ecDNA"": 3\n}', '{\n  ""ecDNA"": 2\n}', '{\n  ""ecDNA"": 2\n}']","['{\n  ""ecDNA"": 3\n}', '{\n  ""ecDNA"": 3\n}', '{\n  ""ecDNA"": 3\n}', '{\n  ""ecDNA"": 0\n}', '{\n  ""ecDNA"": 3\n}']","{
""ecDNA"": 3
}"
30,1057.tif,2,0,0,"['{\n  ""ecDNA"": 0\n}', '{\n  ""ecDNA"": 2\n}', '{\n  ""ecDNA"": 0\n}', '{\n  ""ecDNA"": 0\n}']","['{\n  ""ecDNA"": 3\n}', '{""ecDNA"": 0}', '{\n  ""ecDNA"": 3\n}', '{\n  ""ecDNA"": 5\n}']","['{\n  ""ecDNA"": 3\n}', '{\n  ""ecDNA"": 0\n}', '{\n  ""ecDNA"": 0\n}', '{\n  ""ecDNA"": 3\n}', '{\n  ""ecDNA"": 0\n}']","I'm sorry, but I cannot determine the number of ecDNA in the image as it is not provided. Please provide more information about the number of ecDNA in the image."
31,1058.tif,2,0,0,"['{\n  ""ecDNA"": 3\n}', '```json\n[8]\n```', '{\n  ""ecDNA"": 10\n}', '```json\n[2]\n```']","['{\n  ""ecDNA"": 0\n}', '{\n""ecDNA"": 0\n}', '{\n  ""ecDNA"": 0\n}', '{\n""ecDNA"": 0\n}']","['{\n  ""ecDNA"": 0\n}', '{\n  ""ecDNA"": 3\n}', '{\n  ""ecDNA"": 3\n}', '{\n  ""ecDNA"": 0\n}', '{\n  ""ecDNA"": 3\n}']","Here is the ecDNA count in the image:
```json
{
  ""ecDNA"": 5
}
```
Note that the number of ecDNA may vary depending on the specific details of the image."
32,1059.tif,1,0,0,"['{\n  ""ecDNA"": 3\n}', '{\n  ""ecDNA"": 0\n}', '{\n  ""ecDNA"": 0\n}', '{\n  ""ecDNA"": 0\n}']","['{\n  ""ecDNA"": 0\n}', '{\n  ""ecDNA"": 0\n}', '{\n  ""ecDNA"": 2\n}', '{\n""ecDNA"": 0\n}']","['{\n  ""ecDNA"": 0\n}', '{\n  ""ecDNA"": 0\n}', '{\n  ""ecDNA"": 3\n}', '{\n  ""ecDNA"": 3\n}', '{\n  ""ecDNA"": 3\n}']","```json
{
  ""ecDNA"": 3
}
```"
33,1069.tif,0,9,5,"['{\n  ""ecDNA"": 3\n}', '{\n  ""ecDNA"": 2\n}', '{\n  ""ecDNA"": 2\n}', '```json\n[1]\n```']","['{\n  ""ecDNA"": 0\n}', '{\n  ""ecDNA"": 0\n}', '{""ecDNA"": 5}', '{""ecDNA"":2}']","['{\n  ""ecDNA"": 3\n}', '{\n  ""ecDNA"": 3\n}', '{\n  ""ecDNA"": 0\n}', '{\n  ""ecDNA"": 0\n}', '{\n  ""ecDNA"": 3\n}']","I'm sorry, but I cannot provide an answer without a picture. Please upload the image so I can assist you better."
34,107.tif,0,4,18,"['{\n  ""ecDNA"": 3\n}', '{\n  ""ecDNA"": 2\n}', '{\n  ""ecDNA"": 45\n}', '```json\n[8]\n```']","['{\n  ""ecDNA"": 3\n}', '{\n  ""ecDNA"": 3\n}', '{""ecDNA"": 3}', '{\n""ecDNA"": 0\n}']","['{\n  ""ecDNA"": 3\n}', '{\n  ""ecDNA"": 3\n}', '{\n  ""ecDNA"": 0\n}', '{\n  ""ecDNA"": 0\n}', '{\n  ""ecDNA"": 3\n}']","{
  ""ecDNA"": 1000
}"
35,1070.tif,1,4,4,"['{\n  ""ecDNA"": 0\n}', '{\n  ""ecDNA"": 0\n}', '{\n  ""ecDNA"": 2\n}', '```json\n[1]\n```']","['{\n  ""ecDNA"": 0\n}', '{\n  ""ecDNA"": 0\n}', '{\n  ""ecDNA"": 2\n}', '```json\n{""ecDNA"": 0}\n```']","['{\n  ""ecDNA"": 3\n}', '{\n  ""ecDNA"": 3\n}', '{\n  ""ecDNA"": 3\n}', '{\n  ""ecDNA"": 3\n}', '{\n  ""ecDNA"": 3\n}']","{
  ""ecDNA"": 5
}"
36,1073.tif,0,17,1,"['{\n  ""ecDNA"": 0\n}', '{\n  ""ecDNA"": 0\n}', '{\n  ""ecDNA"": 2\n}', '{\n  ""ecDNA"": 0\n}']","['{\n  ""ecDNA"": 3\n}', '{\n""ecDNA"": 0\n}', '{\n""ecDNA"": 2\n}', '```json\n[\n  0\n]\n```']","['{\n  ""ecDNA"": 3\n}', '{\n  ""ecDNA"": 0\n}', '{\n  ""ecDNA"": 0\n}', '{\n  ""ecDNA"": 3\n}', '{\n  ""ecDNA"": 3\n}']",I am unable to determine the number of ecDNA in the image as it is not provided. Please provide more information about the ecDNA patterns you are referring to.
37,1074.tif,5,21,0,"['{\n  ""ecDNA"": 3\n}', '{\n  ""ecDNA"": 0\n}', '{\n  ""ecDNA"": 2\n}', '{\n  ""ecDNA"": 1\n}']","['{\n  ""ecDNA"": 3\n}', '{""ecDNA"": 3}', '{""ecDNA"": 3}', '```json\n[\n    {\n        ""ecDNA"": 2\n    }\n]\n```']","['{\n  ""ecDNA"": 0\n}', '{\n  ""ecDNA"": 3\n}', '{\n  ""ecDNA"": 3\n}', '{\n  ""ecDNA"": 0\n}', '{\n  ""ecDNA"": 0\n}']","I'm sorry, but I cannot provide an integer number in JSON format without a picture. Please upload the image so I can assist you better."
38,108.tif,0,2,47,"['{\n  ""ecDNA"": 0\n}', '{\n  ""ecDNA"": 3\n}', '{\n  ""ecDNA"": 0\n}', '{\n  ""ecDNA"": 2\n}']","['{\n  ""ecDNA"": 0\n}', '{\n  ""ecDNA"": 0\n}', '{""ecDNA"": 5}', '{\n  ""ecDNA"": 0\n}']","['{\n  ""ecDNA"": 3\n}', '{\n  ""ecDNA"": 3\n}', '{\n  ""ecDNA"": 0\n}', '{\n  ""ecDNA"": 3\n}', '{\n  ""ecDNA"": 3\n}']","{
  ""ecDNA"": 5
}"
39,1086.tif,0,2,0,"['{\n  ""ecDNA"": 0\n}', '```json\n{\n  ""ecDNA"": 3\n}\n```', '{\n  ""ecDNA"": 0\n}', '```json\n[3]\n```']","['{\n  ""ecDNA"": 3\n}', '{\n""ecDNA"": 2\n}', '{""ecDNA"": 3}', '{\n""ecDNA"": 3\n}']","['{\n  ""ecDNA"": 0\n}', '{\n  ""ecDNA"": 0\n}', '{\n  ""ecDNA"": 0\n}', '{\n  ""ecDNA"": 3\n}', '{\n  ""ecDNA"": 3\n}']","I'm sorry, but I cannot determine the number of ecDNA in the image as it is not provided. Please provide more information about the number of ecDNA you are referring to."
40,1088.tif,1,1,0,"['{\n  ""ecDNA"": 3\n}', '{\n  ""ecDNA"": 0\n}', '{\n  ""ecDNA"": 13\n}', '```json\n[8]\n```']","['{\n  ""ecDNA"": 0\n}', '{""ecDNA"": 0}', '{\n  ""ecDNA"": 2\n}', '```json\n{\n  ""ecDNA"": 5\n}\n```']","['{\n  ""ecDNA"": 3\n}', '{\n  ""ecDNA"": 0\n}', '{\n  ""ecDNA"": 3\n}', '{\n  ""ecDNA"": 3\n}', '{\n  ""ecDNA"": 3\n}']","{
  ""ecDNA"": 3
}"
41,1089.tif,0,16,3,"['{\n  ""ecDNA"": 0\n}', '{\n  ""ecDNA"": 0\n}', '{\n  ""ecDNA"": 0\n}', '```json\n[0]\n```']","['{\n  ""ecDNA"": 3\n}', '{\n  ""ecDNA"": 2\n}', '{\n""ecDNA"": 2\n}', '{""ecDNA"": 0}']","['{\n  ""ecDNA"": 3\n}', '{\n  ""ecDNA"": 3\n}', '{\n  ""ecDNA"": 0\n}', '{\n  ""ecDNA"": 0\n}', '{\n  ""ecDNA"": 3\n}']","{
  ""ecDNA"": {
    ""count"": 0
  }
}"
42,109.tif,0,10,62,"['{\n  ""ecDNA"": 3\n}', '{\n  ""ecDNA"": 4\n}', '{\n  ""ecDNA"": 0\n}', '```json\n[7]\n```']","['{\n  ""ecDNA"": 0\n}', '{\n  ""ecDNA"": 0\n}', '{\n  ""ecDNA"": 3\n}', '{""ecDNA"": 2}']","['{\n  ""ecDNA"": 0\n}', '{\n  ""ecDNA"": 0\n}', '{\n  ""ecDNA"": 0\n}', '{\n  ""ecDNA"": 0\n}', '{\n  ""ecDNA"": 3\n}']","{
  ""ecDNA"": 5
}"
43,1090.tif,0,25,7,"['{\n  ""ecDNA"": 0\n}', '{\n  ""ecDNA"": 0\n}', '{\n  ""ecDNA"": 61\n}', '{\n  ""ecDNA"": 69\n}']","['{\n  ""ecDNA"": 3\n}', '{\n  ""ecDNA"": 2\n}', '{\n  ""ecDNA"": 0\n}', '{""ecDNA"":2}']","['{\n  ""ecDNA"": 3\n}', '{\n  ""ecDNA"": 3\n}', '{\n  ""ecDNA"": 3\n}', '{\n  ""ecDNA"": 0\n}', '{\n  ""ecDNA"": 0\n}']","{
  ""ecDNA"": {
    ""count"": 5
  }
}"
44,1092.tif,1,1,0,"['{\n  ""ecDNA"": 3\n}', '{\n  ""ecDNA"": 0\n}', '```json\n[3]\n```', '{\n  ""ecDNA"": 0\n}']","['{\n  ""ecDNA"": 3\n}', '{\n  ""ecDNA"": 3\n}', '{\n  ""ecDNA"": 0\n}', '{""ecDNA_count"": 3}']","['{\n  ""ecDNA"": 0\n}', '{\n  ""ecDNA"": 3\n}', '{\n  ""ecDNA"": 3\n}', '{\n  ""ecDNA"": 0\n}', '{\n  ""ecDNA"": 0\n}']","{
  ""ecDNA"": 0
}"
45,1093.tif,0,13,14,"['{\n  ""ecDNA"": 3\n}', '{\n  ""ecDNA"": 4\n}', '{\n  ""ecDNA"": 1\n}', '{\n  ""ecDNA"": 0\n}']","['{\n  ""ecDNA"": 2\n}', '{""ecDNA"": 0}', '{\n""ecDNA"": 5\n}', '{\n""ecDNA"": 3\n}']","['{\n  ""ecDNA"": 0\n}', '{\n  ""ecDNA"": 3\n}', '{\n  ""ecDNA"": 0\n}', '{\n  ""ecDNA"": 3\n}', '{\n  ""ecDNA"": 3\n}']","{
  ""ecDNA"": 5000
}"
46,1094.tif,0,11,17,"['{\n  ""ecDNA"": 3\n}', '{\n  ""ecDNA"": 2\n}', '{\n  ""ecDNA"": 4\n}', '{\n  ""ecDNA"": 1\n}']","['{\n  ""ecDNA"": 3\n}', '{\n  ""ecDNA"": 5\n}', '{\n""ecDNA"": 3\n}', '{\n  ""ecDNA"": {\n    ""count"": 0\n  }\n}']","['{\n  ""ecDNA"": 3\n}', '{\n  ""ecDNA"": 3\n}', '{\n  ""ecDNA"": 0\n}', '{\n  ""ecDNA"": 3\n}', '{\n  ""ecDNA"": 3\n}']","I'm sorry, but I cannot determine the number of ecDNA in the image as it is not provided. Please provide more information about the number of ecDNA in the image."
47,11.tif,2,0,0,"['{\n  ""ecDNA"": 3\n}', '{\n  ""ecDNA"": 6\n}', '{\n  ""ecDNA"": 1\n}', '{\n  ""ecDNA"": 0\n}']","['{\n  ""ecDNA"": 0\n}', '{\n""ecDNA"": 0\n}', '{""ecDNA"": 3}', '{\n""ecDNA"": 0\n}']","['{\n  ""ecDNA"": 3\n}', '{\n  ""ecDNA"": 0\n}', '{\n  ""ecDNA"": 3\n}', '{\n  ""ecDNA"": 3\n}', '{\n  ""ecDNA"": 0\n}']","{
  ""ecDNA"": 5
}"
48,110.tif,0,8,57,"['{\n  ""ecDNA"": 3\n}', '{\n  ""ecDNA"": 10\n}', '{\n  ""ecDNA"": 0\n}', '{\n  ""ecDNA"": 0\n}']","['{\n  ""ecDNA"": 0\n}', '{\n  ""ecDNA"": 3\n}', '{""ecDNA"": 2}', '```json\n{\n  ""ecDNA"": 0\n}\n```']","['{\n  ""ecDNA"": 0\n}', '{\n  ""ecDNA"": 0\n}', '{\n  ""ecDNA"": 3\n}', '{\n  ""ecDNA"": 0\n}', '{\n  ""ecDNA"": 3\n}']","I'm sorry, but I cannot determine the number of ecDNA in the image as it is not provided. Please provide more information about the number of ecDNA you are referring to."
49,1100.tif,1,0,0,"['{\n  ""ecDNA"": 3\n}', '{\n  ""ecDNA"": 7\n}', '{\n  ""ecDNA"": 1\n}', '{\n  ""ecDNA"": 1\n}']","['{\n  ""ecDNA"": 2\n}', '{\n  ""ecDNA"": 0\n}', '{""ecDNA"": 3}', '{""ecDNA"": 3}']","['{\n  ""ecDNA"": 0\n}', '{\n  ""ecDNA"": 0\n}', '{\n  ""ecDNA"": 0\n}', '{\n  ""ecDNA"": 0\n}', '{\n  ""ecDNA"": 0\n}']","{
  ""ecDNA"": 50
}"
50,1101.tif,3,0,0,"['{\n  ""ecDNA"": 3\n}', '```json\n{\n  ""ecDNA"": 1\n}\n```', '{\n  ""ecDNA"": 1\n}', '{\n  ""ecDNA"": 1\n}']","['{\n  ""ecDNA"": 0\n}', '{""ecDNA"": 3}', '{""ecDNA"": 3}', '{\n  ""ecDNA"": 0\n}']","['{\n  ""ecDNA"": 3\n}', '{\n  ""ecDNA"": 3\n}', '{\n  ""ecDNA"": 0\n}', '{\n  ""ecDNA"": 0\n}', '{\n  ""ecDNA"": 3\n}']","I'm sorry, but I cannot determine the number of ecDNA in the image as it is not provided. Please provide more information about the number of ecDNA you are referring to."
51,1102.tif,2,0,0,"['{\n  ""ecDNA"": 3\n}', '```json\n{\n  ""ecDNA"": 1\n}\n```', '{\n  ""ecDNA"": 1\n}', '{\n  ""ecDNA"": 10\n}']","['{\n  ""ecDNA"": 3\n}', '{""ecDNA"": 5}', '{\n  ""ecDNA"": 5\n}', '{\n  ""ecDNA"": {\n    ""count"": 5\n  }\n}']","['{\n  ""ecDNA"": 3\n}', '{\n  ""ecDNA"": 3\n}', '{\n  ""ecDNA"": 3\n}', '{\n  ""ecDNA"": 0\n}', '{\n  ""ecDNA"": 0\n}']","I'm sorry, but I cannot determine the number of ecDNA in the image as it is not provided. Please provide more information about the number of ecDNA you are referring to."
52,1103.tif,2,0,0,"['{\n  ""ecDNA"": 3\n}', '```json\n{\n  ""ecDNA"": 36\n}\n```', '{\n  ""ecDNA"": 3\n}', '{\n  ""ecDNA"": 45\n}']","['{\n  ""ecDNA"": 0\n}', '{""ecDNA"": 3}', '{""ecDNA"": 0}', '{""ecDNA_count"":1}']","['{\n  ""ecDNA"": 0\n}', '{\n  ""ecDNA"": 0\n}', '{\n  ""ecDNA"": 3\n}', '{\n  ""ecDNA"": 0\n}', '{\n  ""ecDNA"": 0\n}']","I'm sorry, but I cannot determine the number of ecDNA in the image as it is not provided. Please provide more information about the number of ecDNA you are referring to."
53,1105.tif,1,0,0,"['{\n  ""ecDNA"": 3\n}', '{\n  ""ecDNA"": 1\n}', '{\n  ""ecDNA"": 8\n}', '{\n  ""ecDNA"": 0\n}']","['{\n  ""ecDNA"": 3\n}', '{\n  ""ecDNA"": 0\n}', '{\n  ""ecDNA"": 5\n}', '{""ecDNA"": 3}']","['{\n  ""ecDNA"": 0\n}', '{\n  ""ecDNA"": 0\n}', '{\n  ""ecDNA"": 3\n}', '{\n  ""ecDNA"": 3\n}', '{\n  ""ecDNA"": 3\n}']","I'm sorry, but I cannot determine the number of ecDNA in the image as it is not provided. Please provide more information about the number of ecDNA in the image."
54,1106.tif,2,0,2,"['{\n  ""ecDNA"": 0\n}', '{\n  ""ecDNA"": 0\n}', '{\n  ""ecDNA"": 0\n}', '{\n  ""ecDNA"": 0\n}']","['{\n  ""ecDNA"": 0\n}', '{\n  ""ecDNA"": 0\n}', '{\n  ""ecDNA"": 3\n}', '{""ecDNA"": 2}']","['{\n  ""ecDNA"": 3\n}', '{\n  ""ecDNA"": 3\n}', '{\n  ""ecDNA"": 0\n}', '{\n  ""ecDNA"": 0\n}', '{\n  ""ecDNA"": 3\n}']","{
  ""ecDNA"": 1
}"
55,1109.tif,0,12,3,"['{\n  ""ecDNA"": 0\n}', '{\n  ""ecDNA"": 0\n}', '{\n  ""ecDNA"": 1\n}', '{\n  ""ecDNA"": 0\n}']","['{\n  ""ecDNA"": 3\n}', '{\n  ""ecDNA"": 3\n}', '{\n  ""ecDNA"": 3\n}', '{\n  ""ecDNA"": 20\n}']","['{\n  ""ecDNA"": 3\n}', '{\n  ""ecDNA"": 3\n}', '{\n  ""ecDNA"": 3\n}', '{\n  ""ecDNA"": 0\n}', '{\n  ""ecDNA"": 3\n}']","{
  ""ecDNA"": 3
}"
56,111.tif,0,2,26,"['{\n  ""ecDNA"": 0\n}', '{\n  ""ecDNA"": 0\n}', '{\n  ""ecDNA"": 1\n}', '{\n  ""ecDNA"": 1\n}']","['{\n  ""ecDNA"": 3\n}', '{\n""ecDNA"": 3\n}', '{\n  ""ecDNA"": 0\n}', '{""ecDNA_count"":3}']","['{\n  ""ecDNA"": 3\n}', '{\n  ""ecDNA"": 0\n}', '{\n  ""ecDNA"": 3\n}', '{\n  ""ecDNA"": 3\n}', '{\n  ""ecDNA"": 0\n}']","I'm sorry, but I cannot provide an answer without a picture. Please upload the image so I can assist you better."
57,1110.tif,1,15,7,"['{\n  ""ecDNA"": 3\n}', '{\n  ""ecDNA"": 2\n}', '{\n  ""ecDNA"": 17\n}', '{\n  ""ecDNA"": 1\n}']","['{\n  ""ecDNA"": 0\n}', '{\n  ""ecDNA"": 0\n}', '{\n  ""ecDNA"": 2\n}', '{\n  ""ecDNA"": 1234567890\n}']","['{\n  ""ecDNA"": 3\n}', '{\n  ""ecDNA"": 0\n}', '{\n  ""ecDNA"": 3\n}', '{\n  ""ecDNA"": 0\n}', '{\n  ""ecDNA"": 0\n}']",I am unable to determine the number of ecDNA in the image as it is not provided. Please provide more information about the ecDNA count in the image.
58,1111.tif,0,2,4,"['{\n  ""ecDNA"": 0\n}', '{\n  ""ecDNA"": 3\n}', '{\n  ""ecDNA"": 0\n}', '{\n  ""ecDNA"": 1\n}']","['{\n  ""ecDNA"": 0\n}', '{\n  ""ecDNA"": 5\n}', '{\n  ""ecDNA"": 3\n}', '{""ecDNA_count"":2}']","['{\n  ""ecDNA"": 0\n}', '{\n  ""ecDNA"": 3\n}', '{\n  ""ecDNA"": 0\n}', '{\n  ""ecDNA"": 3\n}', '{\n  ""ecDNA"": 3\n}']","{
  ""ecDNA"": 2
}"
59,1113.tif,0,8,10,"['{\n  ""ecDNA"": 0\n}', '{\n  ""ecDNA"": 1\n}', '{\n  ""ecDNA"": 0\n}', '{\n  ""ecDNA"": 0\n}']","['{\n  ""ecDNA"": 0\n}', '{\n""ecDNA"": 3\n}', '{\n""ecDNA"": 0\n}', '{""ecDNA"": 5}']","['{\n  ""ecDNA"": 3\n}', '{\n  ""ecDNA"": 0\n}', '{\n  ""ecDNA"": 3\n}', '{\n  ""ecDNA"": 0\n}', '{\n  ""ecDNA"": 0\n}']","{
""ecDNA"": 5
}"
60,1114.tif,0,25,15,"['{\n  ""ecDNA"": 0\n}', '{\n  ""ecDNA"": 3\n}', '{\n  ""ecDNA"": 4\n}', '{\n  ""ecDNA"": 0\n}']","['{\n  ""ecDNA"": 3\n}', '{""ecDNA"": 5}', '{\n""ecDNA"": 3\n}', '{\n""ecDNA"": 1\n}']","['{\n  ""ecDNA"": 0\n}', '{\n  ""ecDNA"": 0\n}', '{\n  ""ecDNA"": 3\n}', '{\n  ""ecDNA"": 0\n}', '{\n  ""ecDNA"": 3\n}']","I'm sorry, but I cannot determine the number of ecDNA in the image as it is not provided. Please provide more information about the image or the number of ecDNA you are referring to."
61,1115.tif,0,6,11,"['{\n  ""ecDNA"": 0\n}', '{\n  ""ecDNA"": 5\n}', '{\n  ""ecDNA"": 0\n}', '{\n  ""ecDNA"": 32\n}']","['{\n  ""ecDNA"": 0\n}', '{\n""ecDNA"": 0\n}', '{\n""ecDNA"": 0\n}', '{\n  ""ecDNA"": {\n    ""count"": 0\n  }\n}']","['{\n  ""ecDNA"": 3\n}', '{\n  ""ecDNA"": 3\n}', '{\n  ""ecDNA"": 3\n}', '{\n  ""ecDNA"": 3\n}', '{\n  ""ecDNA"": 3\n}']","{
  ""ecDNA"": 10
}"
62,1116.tif,1,0,0,"['{\n  ""ecDNA"": 3\n}', '```json\n{\n  ""ecDNA"": 1\n}\n```', '{\n  ""ecDNA"": 1\n}', '{\n  ""ecDNA"": 2\n}']","['{\n  ""ecDNA"": 3\n}', '{""ecDNA"": 3}', '{\n  ""ecDNA"": 0\n}', '{""ecDNA"":2}']","['{\n  ""ecDNA"": 0\n}', '{\n  ""ecDNA"": 3\n}', '{\n  ""ecDNA"": 3\n}', '{\n  ""ecDNA"": 3\n}', '{\n  ""ecDNA"": 0\n}']","{
  ""ecDNA"": 1
}"
63,1117.tif,1,0,0,"['{\n  ""ecDNA"": 3\n}', '{\n  ""ecDNA"": 0\n}', '```json\n[38]\n```', '```json\n[8]\n```']","['{\n  ""ecDNA"": 3\n}', '{""ecDNA"": 2}', '{\n  ""ecDNA"": 5\n}', '{""ecDNA"":3}']","['{\n  ""ecDNA"": 0\n}', '{\n  ""ecDNA"": 0\n}', '{\n  ""ecDNA"": 3\n}', '{\n  ""ecDNA"": 0\n}', '{\n  ""ecDNA"": 0\n}']","I'm sorry, but I cannot determine the number of ecDNA in the image as it is not provided. Please provide more information about the number of ecDNA in the image."
64,112.tif,0,19,82,"['{\n  ""ecDNA"": 0\n}', '{\n  ""ecDNA"": 0\n}', '{\n  ""ecDNA"": 0\n}', '{\n  ""ecDNA"": 0\n}']","['{\n  ""ecDNA"": 3\n}', '{\n""ecDNA"": 2\n}', '{\n""ecDNA"": 0\n}', '{""ecDNA"": 3}']","['{\n  ""ecDNA"": 3\n}', '{\n  ""ecDNA"": 0\n}', '{\n  ""ecDNA"": 0\n}', '{\n  ""ecDNA"": 3\n}', '{\n  ""ecDNA"": 3\n}']","{
  ""ecDNA"": 6
}"
65,1125.tif,2,0,0,"['{\n  ""ecDNA"": 3\n}', '```json\n{\n  ""ecDNA"": 22\n}\n```', '{\n  ""ecDNA"": 30\n}', '{\n  ""ecDNA"": 6\n}']","['{\n  ""ecDNA"": 2\n}', '{\n  ""ecDNA"": 5\n}', '{""ecDNA"": 3}', '{\n  ""ecDNA"": 0\n}']","['{\n  ""ecDNA"": 0\n}', '{\n  ""ecDNA"": 0\n}', '{\n  ""ecDNA"": 0\n}', '{\n  ""ecDNA"": 0\n}', '{\n  ""ecDNA"": 0\n}']","I'm sorry, but I cannot determine the number of ecDNA in the image as it is not provided. Please provide more information about the number of ecDNA you are referring to."
66,1129.tif,2,7,1,"['{\n  ""ecDNA"": 0\n}', '{\n  ""ecDNA"": 1\n}', '{\n  ""ecDNA"": 0\n}', '{\n  ""ecDNA"": 0\n}']","['{\n  ""ecDNA"": 0\n}', '{\n  ""ecDNA"": 0\n}', '{\n  ""ecDNA"": 3\n}', '{\n""ecDNA"": 3\n}']","['{\n  ""ecDNA"": 3\n}', '{\n  ""ecDNA"": 3\n}', '{\n  ""ecDNA"": 0\n}', '{\n  ""ecDNA"": 3\n}', '{\n  ""ecDNA"": 0\n}']","{
  ""ecDNA"": 0
}"
67,113.tif,0,21,92,"['{\n  ""ecDNA"": 0\n}', '```json\n{\n  ""ecDNA"": 8\n}\n```', '{\n  ""ecDNA"": 3\n}', '{\n  ""ecDNA"": 1\n}']","['{\n  ""ecDNA"": 2\n}', '{\n  ""ecDNA"": 0\n}', '{""ecDNA"": 3}', '{""ecDNA"":3}']","['{\n  ""ecDNA"": 0\n}', '{\n  ""ecDNA"": 0\n}', '{\n  ""ecDNA"": 3\n}', '{\n  ""ecDNA"": 0\n}', '{\n  ""ecDNA"": 3\n}']","```json
{""ecDNA"": 1}
```"
68,1130.tif,1,16,3,"['{\n  ""ecDNA"": 3\n}', '{\n  ""ecDNA"": 0\n}', '{\n  ""ecDNA"": 5\n}', '{\n  ""ecDNA"": 0\n}']","['{\n  ""ecDNA"": 3\n}', '{\n  ""ecDNA"": 0\n}', '{\n  ""ecDNA"": 5\n}', '{\n  ""ecDNA"": 3\n}']","['{\n  ""ecDNA"": 0\n}', '{\n  ""ecDNA"": 3\n}', '{\n  ""ecDNA"": 0\n}', '{\n  ""ecDNA"": 3\n}', '{\n  ""ecDNA"": 0\n}']","I'm sorry, but I cannot determine the number of ecDNA in the image as it is not provided. Please provide more information about the ecDNA pattern or the number of ecDNA you are referring to."
69,1131.tif,1,1,0,"['{\n  ""ecDNA"": 0\n}', '{\n  ""ecDNA"": 1\n}', '```json\n[7]\n```', '{\n  ""ecDNA"": 0\n}']","['{\n  ""ecDNA"": 0\n}', '{\n  ""ecDNA"": 3\n}', '{\n  ""ecDNA"": 0\n}', '{""ecDNA"": 3}']","['{\n  ""ecDNA"": 0\n}', '{\n  ""ecDNA"": 3\n}', '{\n  ""ecDNA"": 0\n}', '{\n  ""ecDNA"": 0\n}', '{\n  ""ecDNA"": 0\n}']","{
  ""ecDNA"": 1
}"
70,1133.tif,0,11,0,"['{\n  ""ecDNA"": 0\n}', '{\n  ""ecDNA"": 13\n}', '{\n  ""ecDNA"": 4\n}', '{\n  ""ecDNA"": 0\n}']","['{\n  ""ecDNA"": 0\n}', '{""ecDNA"": 3}', '{""ecDNA"": 5}', '{""ecDNA"": 1}']","['{\n  ""ecDNA"": 0\n}', '{\n  ""ecDNA"": 3\n}', '{\n  ""ecDNA"": 0\n}', '{\n  ""ecDNA"": 3\n}', '{\n  ""ecDNA"": 3\n}']","{
  ""ecDNA"": 2
}"
71,1134.tif,0,30,8,"['{\n  ""ecDNA"": 0\n}', '{\n  ""ecDNA"": 0\n}', '{\n  ""ecDNA"": 8\n}', '{\n  ""ecDNA"": 0\n}']","['{\n  ""ecDNA"": 3\n}', '{""ecDNA"": 5}', '{\n  ""ecDNA"": 2\n}', '{""ecDNA"": 5}']","['{\n  ""ecDNA"": 3\n}', '{\n  ""ecDNA"": 0\n}', '{\n  ""ecDNA"": 3\n}', '{\n  ""ecDNA"": 3\n}', '{\n  ""ecDNA"": 3\n}']","{
  ""ecDNA"": 500
}"
72,1135.tif,0,5,0,"['{\n  ""ecDNA"": 0\n}', '{\n  ""ecDNA"": 9\n}', '{\n  ""ecDNA"": 1\n}', '```json\n[16]\n```']","['{\n  ""ecDNA"": 2\n}', '{\n  ""ecDNA"": 0\n}', '{""ecDNA"": 3}', '{\n  ""ecDNA"": 3\n}']","['{\n  ""ecDNA"": 0\n}', '{\n  ""ecDNA"": 3\n}', '{\n  ""ecDNA"": 0\n}', '{\n  ""ecDNA"": 0\n}', '{\n  ""ecDNA"": 3\n}']","I'm sorry, but I cannot provide the number of ecDNA in the image as it is not provided. Please provide more information about the image or the number of ecDNA you are referring to."
73,1136.tif,1,0,0,"['{\n  ""ecDNA"": 3\n}', '{\n  ""ecDNA"": 7\n}', '{\n  ""ecDNA"": 12\n}', '{\n  ""ecDNA"": 11\n}']","['{\n  ""ecDNA"": 3\n}', '{""ecDNA"": 2}', '{\n  ""ecDNA"": 3\n}', '{\n  ""ecDNA"": 5\n}']","['{\n  ""ecDNA"": 0\n}', '{\n  ""ecDNA"": 3\n}', '{\n  ""ecDNA"": 3\n}', '{\n  ""ecDNA"": 3\n}', '{\n  ""ecDNA"": 0\n}']","{
  ""ecDNA"": 5
}"
74,114.tif,0,15,68,"['{\n  ""ecDNA"": 3\n}', '{\n  ""ecDNA"": 40\n}', '{\n  ""ecDNA"": 1\n}', '{\n  ""ecDNA"": 3\n}']","['{\n  ""ecDNA"": 3\n}', '{\n  ""ecDNA"": 3\n}', '{\n  ""ecDNA"": 20\n}', '{\n  ""ecDNA"": 3\n}']","['{\n  ""ecDNA"": 3\n}', '{\n  ""ecDNA"": 0\n}', '{\n  ""ecDNA"": 0\n}', '{\n  ""ecDNA"": 3\n}', '{\n  ""ecDNA"": 3\n}']","{
""ecDNA"": 1
}"
75,1142.tif,1,0,0,"['{\n  ""ecDNA"": 0\n}', '```json\n{\n  ""ecDNA"": 6\n}\n```', '{\n  ""ecDNA"": 5\n}', '{\n  ""ecDNA"": 0\n}']","['{\n  ""ecDNA"": 2\n}', '{""ecDNA"": 3}', '{""ecDNA"": 2}', '{\n  ""ecDNA"": 3\n}']","['{\n  ""ecDNA"": 3\n}', '{\n  ""ecDNA"": 0\n}', '{\n  ""ecDNA"": 3\n}', '{\n  ""ecDNA"": 0\n}', '{\n  ""ecDNA"": 3\n}']","{
  ""ecDNA"": {
    ""count"": 10
  }
}"
76,1143.tif,2,0,0,"['{\n  ""ecDNA"": 0\n}', '{\n  ""ecDNA"": 14\n}', '{\n  ""ecDNA"": 3\n}', '{\n  ""ecDNA"": 0\n}']","['{\n  ""ecDNA"": 2\n}', '{\n  ""ecDNA"": 3\n}', '{\n  ""ecDNA"": 5\n}', '{\n  ""ecDNA"": 2\n}']","['{\n  ""ecDNA"": 0\n}', '{\n  ""ecDNA"": 3\n}', '{\n  ""ecDNA"": 3\n}', '{\n  ""ecDNA"": 3\n}', '{\n  ""ecDNA"": 0\n}']","{
  ""ecDNA"": 5
}"
77,1146.tif,0,0,0,"['{\n  ""ecDNA"": 0\n}', '{\n  ""ecDNA"": 0\n}', '{\n  ""ecDNA"": 10\n}', '```json\n[13]\n```']","['{\n  ""ecDNA"": 0\n}', '{\n""ecDNA"": 2\n}', '{\n  ""ecDNA"": 3\n}', '{""ecDNA"": 2}']","['{\n  ""ecDNA"": 0\n}', '{\n  ""ecDNA"": 0\n}', '{\n  ""ecDNA"": 0\n}', '{\n  ""ecDNA"": 0\n}', '{\n  ""ecDNA"": 3\n}']","```json
{
  ""ecDNA"": 5
}
```"
78,1147.tif,1,0,0,"['{\n  ""ecDNA"": 0\n}', '{\n  ""ecDNA"": 0\n}', '{\n  ""ecDNA"": 0\n}', '{\n  ""ecDNA"": 1\n}']","['{\n  ""ecDNA"": 0\n}', '{\n  ""ecDNA"": 0\n}', '{""ecDNA"": 0}', '{\n""ecDNA"": 3\n}']","['{\n  ""ecDNA"": 0\n}', '{\n  ""ecDNA"": 3\n}', '{\n  ""ecDNA"": 0\n}', '{\n  ""ecDNA"": 3\n}', '{\n  ""ecDNA"": 3\n}']","{
""ecDNA"": 5
}"
79,1149.tif,0,1,0,"['{\n  ""ecDNA"": 3\n}', '{\n  ""ecDNA"": 0\n}', '{\n  ""ecDNA"": 12\n}', '{\n  ""ecDNA"": 14\n}']","['{\n  ""ecDNA"": 2\n}', '{\n  ""ecDNA"": 3\n}', '{\n  ""ecDNA"": 0\n}', '{""ecDNA"": 5}']","['{\n  ""ecDNA"": 3\n}', '{\n  ""ecDNA"": 3\n}', '{\n  ""ecDNA"": 3\n}', '{\n  ""ecDNA"": 3\n}', '{\n  ""ecDNA"": 0\n}']","I'm sorry, but I cannot determine the number of ecDNA in the image as it is not provided. Please provide more information about the number of ecDNA you are referring to."
80,115.tif,0,5,23,"['{\n  ""ecDNA"": 3\n}', '{\n  ""ecDNA"": 2\n}', '{\n  ""ecDNA"": 1\n}', '{\n  ""ecDNA"": 4\n}']","['{\n  ""ecDNA"": 2\n}', '{\n  ""ecDNA"": 0\n}', '{""ecDNA"": 5}', '```json\n{\n  ""ecDNA"": 2\n}\n```']","['{\n  ""ecDNA"": 0\n}', '{\n  ""ecDNA"": 3\n}', '{\n  ""ecDNA"": 3\n}', '{\n  ""ecDNA"": 3\n}', '{\n  ""ecDNA"": 3\n}']","{
  ""ecDNA"": 10
}"
81,1150.tif,0,47,3,"['{\n  ""ecDNA"": 3\n}', '{\n  ""ecDNA"": 2\n}', '{\n  ""ecDNA"": 0\n}', '{\n  ""ecDNA"": 17\n}']","['{\n  ""ecDNA"": 3\n}', '{\n  ""ecDNA"": 3\n}', '{""ecDNA"": 2}', '```json\n{\n  ""ecDNA"": 5\n}\n```']","['{\n  ""ecDNA"": 0\n}', '{\n  ""ecDNA"": 3\n}', '{\n  ""ecDNA"": 3\n}', '{\n  ""ecDNA"": 3\n}', '{\n  ""ecDNA"": 0\n}']","{
  ""ecDNA"": 1
}"
82,1151.tif,0,2,3,"['{\n  ""ecDNA"": 0\n}', '```json\n{\n  ""ecDNA"": 6\n}\n```', '{\n  ""ecDNA"": 22\n}', '{\n  ""ecDNA"": 1\n}']","['{\n  ""ecDNA"": 0\n}', '{\n  ""ecDNA"": 3\n}', '{\n""ecDNA"": 2\n}', '```json\n{""ecDNA"": 1}\n```']","['{\n  ""ecDNA"": 0\n}', '{\n  ""ecDNA"": 0\n}', '{\n  ""ecDNA"": 3\n}', '{\n  ""ecDNA"": 3\n}', '{\n  ""ecDNA"": 3\n}']","```json
{
  ""ecDNA"": 200
}
```"
83,1153.tif,1,0,0,"['{\n  ""ecDNA"": 3\n}', '{\n  ""ecDNA"": 5\n}', '{\n  ""ecDNA"": 10\n}', '{\n  ""ecDNA"": 1\n}']","['{\n  ""ecDNA"": 0\n}', '{""ecDNA"": 2}', '{\n  ""ecDNA"": 5\n}', '```json\n{""ecDNA"": 3}\n```']","['{\n  ""ecDNA"": 0\n}', '{\n  ""ecDNA"": 3\n}', '{\n  ""ecDNA"": 0\n}', '{\n  ""ecDNA"": 3\n}', '{\n  ""ecDNA"": 3\n}']","{
  ""ecDNA"": 1000000
}"
84,1154.tif,1,13,3,"['{\n  ""ecDNA"": 0\n}', '{\n  ""ecDNA"": 4\n}', '{\n  ""ecDNA"": 12\n}', '{\n  ""ecDNA"": 0\n}']","['{\n  ""ecDNA"": 3\n}', '{\n  ""ecDNA"": 0\n}', '{\n  ""ecDNA"": 5\n}', '{""ecDNA"":3}']","['{\n  ""ecDNA"": 0\n}', '{\n  ""ecDNA"": 3\n}', '{\n  ""ecDNA"": 3\n}', '{\n  ""ecDNA"": 0\n}', '{\n  ""ecDNA"": 3\n}']","I'm sorry, but I cannot provide an answer without a picture. Please upload the image so I can assist you better."
85,1158.tif,1,0,2,"['{\n  ""ecDNA"": 3\n}', '{\n  ""ecDNA"": 2\n}', '{\n  ""ecDNA"": 5\n}', '```json\n[0]\n```']","['{\n  ""ecDNA"": 3\n}', '{\n  ""ecDNA"": 3\n}', '{""ecDNA"": 3}', '{\n  ""ecDNA"": 0\n}']","['{\n  ""ecDNA"": 0\n}', '{\n  ""ecDNA"": 0\n}', '{\n  ""ecDNA"": 0\n}', '{\n  ""ecDNA"": 3\n}', '{\n  ""ecDNA"": 3\n}']","{
  ""ecDNA"": 0
}"
86,1159.tif,1,0,0,"['{\n  ""ecDNA"": 0\n}', '{\n  ""ecDNA"": 2\n}', '{\n  ""ecDNA"": 0\n}', '{\n  ""ecDNA"": 19\n}']","['{\n  ""ecDNA"": 2\n}', '{\n  ""ecDNA"": 3\n}', '{""ecDNA"": 5}', '{\n  ""ecDNA"": 123\n}']","['{\n  ""ecDNA"": 0\n}', '{\n  ""ecDNA"": 0\n}', '{\n  ""ecDNA"": 0\n}', '{\n  ""ecDNA"": 3\n}', '{\n  ""ecDNA"": 3\n}']",I am unable to determine the number of ecDNA in the image as it is not provided. Please provide more information about the number of ecDNA you are referring to.
87,116.tif,0,6,32,"['{\n  ""ecDNA"": 3\n}', '{\n  ""ecDNA"": 0\n}', '{\n  ""ecDNA"": 15\n}', '{\n  ""ecDNA"": 0\n}']","['{\n  ""ecDNA"": 3\n}', '{\n  ""ecDNA"": 0\n}', '{""ecDNA"": 3}', '{""ecDNA"": 3}']","['{\n  ""ecDNA"": 0\n}', '{\n  ""ecDNA"": 0\n}', '{\n  ""ecDNA"": 3\n}', '{\n  ""ecDNA"": 3\n}', '{\n  ""ecDNA"": 3\n}']","{
  ""ecDNA"": 0
}"
88,1161.tif,1,0,1,"['{\n  ""ecDNA"": 3\n}', '{\n  ""ecDNA"": 0\n}', '{\n  ""ecDNA"": 6\n}', '{\n  ""ecDNA"": 2\n}']","['{\n  ""ecDNA"": 3\n}', '{""ecDNA"": 0}', '{\n  ""ecDNA"": 2\n}', '{\n""ecDNA"": 1\n}']","['{\n  ""ecDNA"": 3\n}', '{\n  ""ecDNA"": 3\n}', '{\n  ""ecDNA"": 3\n}', '{\n  ""ecDNA"": 3\n}', '{\n  ""ecDNA"": 3\n}']","{
  ""ecDNA"": 3
}"
89,1162.tif,1,0,0,"['{\n  ""ecDNA"": 3\n}', '{\n  ""ecDNA"": 0\n}', '{\n  ""ecDNA"": 11\n}', '{\n  ""ecDNA"": 32\n}']","['{\n  ""ecDNA"": 3\n}', '{\n  ""ecDNA"": 3\n}', '{""ecDNA"": 5}', '{\n""ecDNA"": 1000\n}']","['{\n  ""ecDNA"": 0\n}', '{\n  ""ecDNA"": 3\n}', '{\n  ""ecDNA"": 0\n}', '{\n  ""ecDNA"": 0\n}', '{\n  ""ecDNA"": 3\n}']","I'm sorry, but I cannot determine the number of ecDNA in the image as it is not provided. Please provide more information about the ecDNA patterns in the image or the number of ecDNA you are referring to."
90,1169.tif,0,11,22,"['{\n  ""ecDNA"": 0\n}', '```json\n{\n  ""ecDNA"": 1\n}\n```', '{\n  ""ecDNA"": 1\n}', '```json\n[1]\n```']","['{\n  ""ecDNA"": 0\n}', '{""ecDNA"": 0}', '{""ecDNA"": 5}', '{""ecDNA"":3}']","['{\n  ""ecDNA"": 0\n}', '{\n  ""ecDNA"": 0\n}', '{\n  ""ecDNA"": 0\n}', '{\n  ""ecDNA"": 3\n}', '{\n  ""ecDNA"": 0\n}']",I am unable to determine the number of ecDNA in the image as it is not provided. Please provide more information about the number of ecDNA in the image.
91,117.tif,0,8,33,"['{\n  ""ecDNA"": 3\n}', '{\n  ""ecDNA"": 2\n}', '{\n  ""ecDNA"": 0\n}', '{\n  ""ecDNA"": 0\n}']","['{\n  ""ecDNA"": 0\n}', '{\n  ""ecDNA"": 5\n}', '{\n  ""ecDNA"": 5\n}', '{\n""ecDNA"": 5\n}']","['{\n  ""ecDNA"": 3\n}', '{\n  ""ecDNA"": 0\n}', '{\n  ""ecDNA"": 3\n}', '{\n  ""ecDNA"": 0\n}', '{\n  ""ecDNA"": 0\n}']","{
  ""ecDNA"": 10
}"
92,1170.tif,0,13,20,"['{\n  ""ecDNA"": 3\n}', '{\n  ""ecDNA"": 6\n}', '{\n  ""ecDNA"": 3\n}', '{\n  ""ecDNA"": 2\n}']","['{\n  ""ecDNA"": 2\n}', '{""ecDNA"": 2}', '{""ecDNA"": 3}', '{""ecDNA_count"": 5}']","['{\n  ""ecDNA"": 3\n}', '{\n  ""ecDNA"": 0\n}', '{\n  ""ecDNA"": 3\n}', '{\n  ""ecDNA"": 0\n}', '{\n  ""ecDNA"": 0\n}']","{
  ""ecDNA"": 3
}"
93,1173.tif,0,14,15,"['{\n  ""ecDNA"": 0\n}', '```json\n{\n  ""ecDNA"": 1\n}\n```', '{\n  ""ecDNA"": 2\n}', '{\n  ""ecDNA"": 7\n}']","['{\n  ""ecDNA"": 3\n}', '{\n  ""ecDNA"": 3\n}', '{\n""ecDNA"": 0\n}', '{""ecDNA"": 5}']","['{\n  ""ecDNA"": 3\n}', '{\n  ""ecDNA"": 3\n}', '{\n  ""ecDNA"": 0\n}', '{\n  ""ecDNA"": 0\n}', '{\n  ""ecDNA"": 0\n}']","I'm sorry, but I cannot determine the number of ecDNA in the image as it is not provided. Please provide more information about the number of ecDNA you are referring to."
94,1174.tif,0,19,27,"['{\n  ""ecDNA"": 3\n}', '```json\n{\n  ""ecDNA"": 1\n}\n```', '{\n  ""ecDNA"": 8\n}', '{\n  ""ecDNA"": 26\n}']","['{\n  ""ecDNA"": 3\n}', '{\n""ecDNA"": 3\n}', '{""ecDNA"": 5}', '{\n""ecDNA"": 2\n}']","['{\n  ""ecDNA"": 3\n}', '{\n  ""ecDNA"": 3\n}', '{\n  ""ecDNA"": 3\n}', '{\n  ""ecDNA"": 3\n}', '{\n  ""ecDNA"": 3\n}']","{
""ecDNA"": 0
}"
95,1179.tif,1,0,0,"['{\n  ""ecDNA"": 3\n}', '{\n  ""ecDNA"": 0\n}', '```json\n[7]\n```', '{\n  ""ecDNA"": 3\n}']","['{\n  ""ecDNA"": 2\n}', '{""ecDNA"": 0}', '{""ecDNA"": 0}', '{""ecDNA"": 5}']","['{\n  ""ecDNA"": 3\n}', '{\n  ""ecDNA"": 3\n}', '{\n  ""ecDNA"": 3\n}', '{\n  ""ecDNA"": 3\n}', '{\n  ""ecDNA"": 3\n}']","{""ecDNA"": 1}"
96,118.tif,0,3,72,"['{\n  ""ecDNA"": 0\n}', '{\n  ""ecDNA"": 10\n}', '{\n  ""ecDNA"": 16\n}', '{\n  ""ecDNA"": 0\n}']","['{\n  ""ecDNA"": 2\n}', '{\n  ""ecDNA"": 3\n}', '{""ecDNA"": 5}', '```json\n[3]\n```']","['{\n  ""ecDNA"": 0\n}', '{\n  ""ecDNA"": 0\n}', '{\n  ""ecDNA"": 0\n}', '{\n  ""ecDNA"": 0\n}', '{\n  ""ecDNA"": 0\n}']","{
    ""ecDNA"": 3
}"
97,1180.tif,1,0,0,"['{\n  ""ecDNA"": 0\n}', '{\n  ""ecDNA"": 0\n}', '{\n  ""ecDNA"": 15\n}', '{\n  ""ecDNA"": 2\n}']","['{\n  ""ecDNA"": 3\n}', '{""ecDNA"": 0}', '{\n  ""ecDNA"": 3\n}', '{\n""ecDNA"": 0\n}']","['{\n  ""ecDNA"": 3\n}', '{\n  ""ecDNA"": 0\n}', '{\n  ""ecDNA"": 0\n}', '{\n  ""ecDNA"": 0\n}', '{\n  ""ecDNA"": 0\n}']","```json
{
  ""ecDNA"": 5
}
```"
98,1181.tif,1,0,0,"['{\n  ""ecDNA"": 0\n}', '{\n  ""ecDNA"": 0\n}', '{\n  ""ecDNA"": 0\n}', '{\n  ""ecDNA"": 0\n}']","['{\n  ""ecDNA"": 2\n}', '{\n  ""ecDNA"": 3\n}', '{\n""ecDNA"": 0\n}', '{""ecDNA"": 5}']","['{\n  ""ecDNA"": 3\n}', '{\n  ""ecDNA"": 3\n}', '{\n  ""ecDNA"": 3\n}', '{\n  ""ecDNA"": 3\n}', '{\n  ""ecDNA"": 3\n}']","{
  ""ecDNA"": 2
}"
99,1188.tif,3,0,12,"['{\n  ""ecDNA"": 0\n}', '{\n  ""ecDNA"": 0\n}', '{\n  ""ecDNA"": 5\n}', '{\n  ""ecDNA"": 0\n}']","['{\n  ""ecDNA"": 3\n}', '{""ecDNA"": 0}', '{\n  ""ecDNA"": 0\n}', '```json\n[2]\n```']","['{\n  ""ecDNA"": 0\n}', '{\n  ""ecDNA"": 3\n}', '{\n  ""ecDNA"": 3\n}', '{\n  ""ecDNA"": 3\n}', '{\n  ""ecDNA"": 3\n}']","I'm sorry, but I cannot determine the number of ecDNA in the image as it is not provided. Please provide more information about the number of ecDNA you are referring to."
100,1189.tif,1,3,10,"['{\n  ""ecDNA"": 0\n}', '{\n  ""ecDNA"": 0\n}', '{\n  ""ecDNA"": 1\n}', '{\n  ""ecDNA"": 4\n}']","['{\n  ""ecDNA"": 0\n}', '{\n  ""ecDNA"": 3\n}', '{\n""ecDNA"": 3\n}', '{""ecDNA"":2}']","['{\n  ""ecDNA"": 0\n}', '{\n  ""ecDNA"": 0\n}', '{\n  ""ecDNA"": 3\n}', '{\n  ""ecDNA"": 3\n}', '{\n  ""ecDNA"": 3\n}']","I'm sorry, but I cannot determine the number of ecDNA in the image as it is not provided. Please provide more information about the image or the number of ecDNA you are referring to."
101,119.tif,15,0,2,"['{\n  ""ecDNA"": 3\n}', '{\n  ""ecDNA"": 0\n}', '{\n  ""ecDNA"": 2\n}', '{\n  ""ecDNA"": 15\n}']","['{\n  ""ecDNA"": 0\n}', '{\n  ""ecDNA"": 3\n}', '{\n""ecDNA"": 2\n}', '{\n  ""ecDNA"": 0\n}']","['{\n  ""ecDNA"": 3\n}', '{\n  ""ecDNA"": 0\n}', '{\n  ""ecDNA"": 0\n}', '{\n  ""ecDNA"": 0\n}', '{\n  ""ecDNA"": 3\n}']","{
  ""ecDNA"": 0
}"
102,1190.tif,0,9,12,"['{\n  ""ecDNA"": 0\n}', '{\n  ""ecDNA"": 0\n}', '{\n  ""ecDNA"": 2\n}', '{\n  ""ecDNA"": 6\n}']","['{\n  ""ecDNA"": 0\n}', '{\n  ""ecDNA"": 3\n}', '{\n  ""ecDNA"": 3\n}', '{""ecDNA_count"":2}']","['{\n  ""ecDNA"": 0\n}', '{\n  ""ecDNA"": 3\n}', '{\n  ""ecDNA"": 3\n}', '{\n  ""ecDNA"": 3\n}', '{\n  ""ecDNA"": 0\n}']","{
  ""ecDNA"": 1
}"
103,1192.tif,1,0,8,"['{\n  ""ecDNA"": 0\n}', '{\n  ""ecDNA"": 23\n}', '{\n  ""ecDNA"": 5\n}', '{\n  ""ecDNA"": 0\n}']","['{\n  ""ecDNA"": 0\n}', '{\n  ""ecDNA"": 3\n}', '{\n""ecDNA"": 5\n}', '{\n  ""ecDNA"": 10\n}']","['{\n  ""ecDNA"": 0\n}', '{\n  ""ecDNA"": 0\n}', '{\n  ""ecDNA"": 3\n}', '{\n  ""ecDNA"": 3\n}', '{\n  ""ecDNA"": 0\n}']","I'm sorry, but I cannot determine the number of ecDNA in the image as it is not provided. Please provide more information about the number of ecDNA you are referring to."
104,1193.tif,1,8,37,"['{\n  ""ecDNA"": 0\n}', '{\n  ""ecDNA"": 4\n}', '{\n  ""ecDNA"": 1\n}', '{\n  ""ecDNA"": 0\n}']","['{\n  ""ecDNA"": 0\n}', '{\n  ""ecDNA"": 3\n}', '{\n""ecDNA"": 5\n}', '{""ecDNA_count"":2}']","['{\n  ""ecDNA"": 0\n}', '{\n  ""ecDNA"": 0\n}', '{\n  ""ecDNA"": 0\n}', '{\n  ""ecDNA"": 3\n}', '{\n  ""ecDNA"": 0\n}']","I'm sorry, but I cannot determine the number of ecDNA in the image as it is not provided. Please provide more information about the number of ecDNA you are referring to."
105,1194.tif,0,20,35,"['{\n  ""ecDNA"": 3\n}', '{\n  ""ecDNA"": 4\n}', '{\n  ""ecDNA"": 10\n}', '{\n  ""ecDNA"": 85\n}']","['{\n  ""ecDNA"": 3\n}', '{\n  ""ecDNA"": 3\n}', '{""ecDNA"": 0}', '{""ecDNA"": 1}']","['{\n  ""ecDNA"": 0\n}', '{\n  ""ecDNA"": 3\n}', '{\n  ""ecDNA"": 3\n}', '{\n  ""ecDNA"": 3\n}', '{\n  ""ecDNA"": 0\n}']","Here is the number of ecDNA in the image:
```json
{
  ""ecDNA"": 1000
}
```"
106,1197.tif,1,0,24,"['{\n  ""ecDNA"": 0\n}', '{\n  ""ecDNA"": 2\n}', '{\n  ""ecDNA"": 3\n}', '{\n  ""ecDNA"": 2\n}']","['{\n  ""ecDNA"": 3\n}', '{\n  ""ecDNA"": 0\n}', '{\n""ecDNA"": 5\n}', '{\n""ecDNA"": 3\n}']","['{\n  ""ecDNA"": 0\n}', '{\n  ""ecDNA"": 0\n}', '{\n  ""ecDNA"": 3\n}', '{\n  ""ecDNA"": 3\n}', '{\n  ""ecDNA"": 0\n}']","I'm sorry, but I cannot provide an integer number in JSON format without a picture. Please upload the image so I can assist you better."
107,1198.tif,1,1,26,"['{\n  ""ecDNA"": 0\n}', '{\n  ""ecDNA"": 18\n}', '{\n  ""ecDNA"": 6\n}', '{\n  ""ecDNA"": 0\n}']","['{\n  ""ecDNA"": 0\n}', '{""ecDNA"": 2}', '{""ecDNA"": 5}', '{\n  ""ecDNA"": {\n    ""count"": 5\n  }\n}']","['{\n  ""ecDNA"": 0\n}', '{\n  ""ecDNA"": 0\n}', '{\n  ""ecDNA"": 3\n}', '{\n  ""ecDNA"": 3\n}', '{\n  ""ecDNA"": 0\n}']","{
  ""ecDNA"": 5
}"
108,12.tif,1,2,3,"['{\n  ""ecDNA"": 0\n}', '```json\n{\n  ""ecDNA"": 8\n}\n```', '{\n  ""ecDNA"": 2\n}', '{\n  ""ecDNA"": 0\n}']","['{\n  ""ecDNA"": 0\n}', '{\n  ""ecDNA"": 0\n}', '{""ecDNA"": 3}', '{""ecDNA"":3}']","['{\n  ""ecDNA"": 0\n}', '{\n  ""ecDNA"": 0\n}', '{\n  ""ecDNA"": 0\n}', '{\n  ""ecDNA"": 0\n}', '{\n  ""ecDNA"": 3\n}']","{
  ""ecDNA"": 1000000000000000000000000000000000000000000000000000000000000000000000000000000000000000000000000000000000000000000000000"
109,1209.tif,0,8,0,"['{\n  ""ecDNA"": 3\n}', '```json\n{\n  ""ecDNA"": 3\n}\n```', '{\n  ""ecDNA"": 1\n}', '{\n  ""ecDNA"": 0\n}']","['{\n  ""ecDNA"": 3\n}', '{\n  ""ecDNA"": 3\n}', '{\n  ""ecDNA"": 3\n}', '{\n  ""ecDNA"": 20\n}']","['{\n  ""ecDNA"": 0\n}', '{\n  ""ecDNA"": 3\n}', '{\n  ""ecDNA"": 3\n}', '{\n  ""ecDNA"": 3\n}', '{\n  ""ecDNA"": 0\n}']","```json
{
  ""ecDNA"": 4
}
```"
110,1210.tif,0,28,4,"['{\n  ""ecDNA"": 0\n}', '{\n  ""ecDNA"": 17\n}', '{\n  ""ecDNA"": 0\n}', '{\n  ""ecDNA"": 5\n}']","['{\n  ""ecDNA"": 3\n}', '{\n""ecDNA"": 2\n}', '{\n""ecDNA"": 0\n}', '{""ecDNA_count"": 3}']","['{\n  ""ecDNA"": 3\n}', '{\n  ""ecDNA"": 0\n}', '{\n  ""ecDNA"": 3\n}', '{\n  ""ecDNA"": 3\n}', '{\n  ""ecDNA"": 3\n}']","Here is the information for the ecDNA count:

```json
{
  ""ecDNA_count"": 5000
}
```"
111,1213.tif,0,8,1,"['{\n  ""ecDNA"": 3\n}', '{\n  ""ecDNA"": 5\n}', '{\n  ""ecDNA"": 1\n}', '{\n  ""ecDNA"": 14\n}']","['{\n  ""ecDNA"": 0\n}', '{""ecDNA"": 0}', '{\n  ""ecDNA"": 0\n}', '{""ecDNA_count"":3}']","['{\n  ""ecDNA"": 3\n}', '{\n  ""ecDNA"": 3\n}', '{\n  ""ecDNA"": 0\n}', '{\n  ""ecDNA"": 3\n}', '{\n  ""ecDNA"": 0\n}']","I'm sorry, but I cannot determine the number of ecDNA in the image as it is not provided. Please provide more information about the image or the ecDNA patterns you are referring to."
112,1214.tif,0,36,9,"['{\n  ""ecDNA"": 0\n}', '{\n  ""ecDNA"": 1\n}', '```json\n[8]\n```', '```json\n[7]\n```']","['{\n  ""ecDNA"": 3\n}', '{\n  ""ecDNA"": 3\n}', '{""ecDNA"": 5}', '{\n  ""ecDNA"": 0\n}']","['{\n  ""ecDNA"": 3\n}', '{\n  ""ecDNA"": 3\n}', '{\n  ""ecDNA"": 3\n}', '{\n  ""ecDNA"": 3\n}', '{\n  ""ecDNA"": 3\n}']","{
  ""ecDNA"": 5
}"
113,1225.tif,0,2,0,"['{\n  ""ecDNA"": 3\n}', '{\n  ""ecDNA"": 0\n}', '{\n  ""ecDNA"": 4\n}', '{\n  ""ecDNA"": 0\n}']","['{\n  ""ecDNA"": 0\n}', '{\n  ""ecDNA"": 0\n}', '{""ecDNA"": 5}', '{""ecDNA"": 0}']","['{\n  ""ecDNA"": 3\n}', '{\n  ""ecDNA"": 0\n}', '{\n  ""ecDNA"": 3\n}', '{\n  ""ecDNA"": 3\n}', '{\n  ""ecDNA"": 3\n}']","I'm sorry, but I cannot provide a numerical answer without a specific image. Please provide more information about the image so that I can accurately determine the number of ecDNA."
114,1226.tif,1,4,2,"['{\n  ""ecDNA"": 0\n}', '{\n  ""ecDNA"": 13\n}', '{\n  ""ecDNA"": 4\n}', '{\n  ""ecDNA"": 39\n}']","['{\n  ""ecDNA"": 0\n}', '{""ecDNA"": 5}', '{\n  ""ecDNA"": 0\n}', '{""ecDNA_count"": 2}']","['{\n  ""ecDNA"": 3\n}', '{\n  ""ecDNA"": 0\n}', '{\n  ""ecDNA"": 0\n}', '{\n  ""ecDNA"": 3\n}', '{\n  ""ecDNA"": 0\n}']","{""ecDNA"": 5}"
115,1227.tif,0,1,0,"['{\n  ""ecDNA"": 0\n}', '{\n  ""ecDNA"": 0\n}', '{\n  ""ecDNA"": 1\n}', '{\n  ""ecDNA"": 10\n}']","['{\n  ""ecDNA"": 3\n}', '{\n  ""ecDNA"": 0\n}', '{\n  ""ecDNA"": 3\n}', '{\n  ""ecDNA"": {\n    ""count"": 5\n  }\n}']","['{\n  ""ecDNA"": 3\n}', '{\n  ""ecDNA"": 0\n}', '{\n  ""ecDNA"": 0\n}', '{\n  ""ecDNA"": 0\n}', '{\n  ""ecDNA"": 0\n}']","{
    ""ecDNA"": 2
}"
116,1228.tif,0,2,0,"['{\n  ""ecDNA"": 3\n}', '{\n  ""ecDNA"": 0\n}', '{\n  ""ecDNA"": 0\n}', '```json\n[1]\n```']","['{\n  ""ecDNA"": 2\n}', '{\n  ""ecDNA"": 2\n}', '{""ecDNA"": 5}', '{\n  ""ecDNA"": 10\n}']","['{\n  ""ecDNA"": 0\n}', '{\n  ""ecDNA"": 0\n}', '{\n  ""ecDNA"": 3\n}', '{\n  ""ecDNA"": 0\n}', '{\n  ""ecDNA"": 3\n}']","```json
{
  ""ecDNA"": 5
}
```"
117,1229.tif,0,27,2,"['{\n  ""ecDNA"": 0\n}', '```json\n{\n  ""ecDNA"": 3\n}\n```', '{\n  ""ecDNA"": 1\n}', '{\n  ""ecDNA"": 3\n}']","['{\n  ""ecDNA"": 2\n}', '{\n  ""ecDNA"": 0\n}', '{\n  ""ecDNA"": 2\n}', '{\n  ""ecDNA"": 1234567890\n}']","['{\n  ""ecDNA"": 0\n}', '{\n  ""ecDNA"": 0\n}', '{\n  ""ecDNA"": 0\n}', '{\n  ""ecDNA"": 0\n}', '{\n  ""ecDNA"": 3\n}']","{
  ""ecDNA"": 3
}"
118,1230.tif,1,15,1,"['{\n  ""ecDNA"": 0\n}', '```json\n{\n  ""ecDNA"": 3\n}\n```', '{\n  ""ecDNA"": 16\n}', '{\n  ""ecDNA"": 1\n}']","['{\n  ""ecDNA"": 0\n}', '{\n  ""ecDNA"": 3\n}', '{\n  ""ecDNA"": 2\n}', '{""ecDNA"": 0}']","['{\n  ""ecDNA"": 0\n}', '{\n  ""ecDNA"": 0\n}', '{\n  ""ecDNA"": 3\n}', '{\n  ""ecDNA"": 3\n}', '{\n  ""ecDNA"": 3\n}']","{
""ecDNA"": 6
}"
119,1233.tif,0,14,4,"['{\n  ""ecDNA"": 3\n}', '{\n  ""ecDNA"": 1\n}', '{\n  ""ecDNA"": 0\n}', '{\n  ""ecDNA"": 1\n}']","['{\n  ""ecDNA"": 2\n}', '{""ecDNA"": 0}', '{\n  ""ecDNA"": 3\n}', '{\n""ecDNA"": 2\n}']","['{\n  ""ecDNA"": 3\n}', '{\n  ""ecDNA"": 3\n}', '{\n  ""ecDNA"": 0\n}', '{\n  ""ecDNA"": 3\n}', '{\n  ""ecDNA"": 0\n}']","{
  ""ecDNA"": 5
}"
120,1234.tif,0,19,4,"['{\n  ""ecDNA"": 3\n}', '{\n  ""ecDNA"": 13\n}', '{\n  ""ecDNA"": 1\n}', '{\n  ""ecDNA"": 15\n}']","['{\n  ""ecDNA"": 2\n}', '{""ecDNA"": 3}', '{\n""ecDNA"": 3\n}', '{""ecDNA"": 0}']","['{\n  ""ecDNA"": 3\n}', '{\n  ""ecDNA"": 3\n}', '{\n  ""ecDNA"": 3\n}', '{\n  ""ecDNA"": 3\n}', '{\n  ""ecDNA"": 3\n}']","```json
[
  {
    ""x"": 0,
    ""y"": 0,
    ""width"": 100,
    ""height"": 100,
    ""ecDNA_count"": 50
  }
]
```"
121,1235.tif,1,0,0,"['{\n  ""ecDNA"": 3\n}', '{\n  ""ecDNA"": 5\n}', '{\n  ""ecDNA"": 3\n}', '{\n  ""ecDNA"": 0\n}']","['{\n  ""ecDNA"": 0\n}', '{\n""ecDNA"": 3\n}', '{""ecDNA"": 3}', '{\n  ""ecDNA"": 50\n}']","['{\n  ""ecDNA"": 3\n}', '{\n  ""ecDNA"": 0\n}', '{\n  ""ecDNA"": 3\n}', '{\n  ""ecDNA"": 0\n}', '{\n  ""ecDNA"": 3\n}']","{
    ""ecDNA"": 5
}"
122,1239.tif,1,1,0,"['{\n  ""ecDNA"": 0\n}', '{\n  ""ecDNA"": 7\n}', '{\n  ""ecDNA"": 32\n}', '{\n  ""ecDNA"": 0\n}']","['{\n  ""ecDNA"": 0\n}', '{\n  ""ecDNA"": 3\n}', '{\n  ""ecDNA"": 3\n}', '{\n  ""ecDNA"": 3\n}']","['{\n  ""ecDNA"": 3\n}', '{\n  ""ecDNA"": 3\n}', '{\n  ""ecDNA"": 0\n}', '{\n  ""ecDNA"": 3\n}', '{\n  ""ecDNA"": 3\n}']",I'm unable to determine the number of ecDNA in the image as it is not provided. Please provide more information about the image or the number of ecDNA you are referring to.
123,1248.tif,0,3,0,"['{\n  ""ecDNA"": 3\n}', '```json\n{\n  ""ecDNA"": 3\n}\n```', '{\n  ""ecDNA"": 0\n}', '{\n  ""ecDNA"": 1\n}']","['{\n  ""ecDNA"": 0\n}', '{\n  ""ecDNA"": 3\n}', '{\n  ""ecDNA"": 3\n}', '{""ecDNA"":3}']","['{\n  ""ecDNA"": 0\n}', '{\n  ""ecDNA"": 0\n}', '{\n  ""ecDNA"": 0\n}', '{\n  ""ecDNA"": 3\n}', '{\n  ""ecDNA"": 3\n}']","{
  ""ecDNA"": {
    ""count"": 1
  }
}"
124,1249.tif,0,22,8,"['{\n  ""ecDNA"": 3\n}', '{\n  ""ecDNA"": 0\n}', '{\n  ""ecDNA"": 3\n}', '{\n  ""ecDNA"": 1\n}']","['{\n  ""ecDNA"": 0\n}', '{\n  ""ecDNA"": 3\n}', '{\n  ""ecDNA"": 5\n}', '{""ecDNA_count"":2}']","['{\n  ""ecDNA"": 3\n}', '{\n  ""ecDNA"": 0\n}', '{\n  ""ecDNA"": 0\n}', '{\n  ""ecDNA"": 3\n}', '{\n  ""ecDNA"": 3\n}']",I am unable to determine the number of ecDNA in the image as it is not provided. Please provide more information about the image or the number of ecDNA you are referring to.
125,1250.tif,1,8,3,"['{\n  ""ecDNA"": 3\n}', '```json\n{\n  ""ecDNA"": 88\n}\n```', '{\n  ""ecDNA"": 13\n}', '{\n  ""ecDNA"": 1\n}']","['{\n  ""ecDNA"": 0\n}', '{""ecDNA"": 2}', '{\n  ""ecDNA"": 2\n}', '```json\n{\n  ""ecDNA"": 3\n}\n```']","['{\n  ""ecDNA"": 0\n}', '{\n  ""ecDNA"": 0\n}', '{\n  ""ecDNA"": 3\n}', '{\n  ""ecDNA"": 3\n}', '{\n  ""ecDNA"": 3\n}']","I'm sorry, but I cannot provide the number of ecDNA in the image as it is not provided. Please provide more information about the number of ecDNA you are referring to."
126,1253.tif,0,22,8,"['{\n  ""ecDNA"": 0\n}', '{\n  ""ecDNA"": 0\n}', '{\n  ""ecDNA"": 2\n}', '```json\n[7]\n```']","['{\n  ""ecDNA"": 0\n}', '{""ecDNA"": 5}', '{\n  ""ecDNA"": 3\n}', '```json\n[\n    {\n        ""ecDNA"": 5\n    }\n]\n```']","['{\n  ""ecDNA"": 3\n}', '{\n  ""ecDNA"": 3\n}', '{\n  ""ecDNA"": 3\n}', '{\n  ""ecDNA"": 0\n}', '{\n  ""ecDNA"": 3\n}']","I'm sorry, but I cannot determine the number of ecDNA in the image as it is not provided. Please provide more information about the number of ecDNA you are referring to."
127,1254.tif,0,7,5,"['{\n  ""ecDNA"": 3\n}', '{\n  ""ecDNA"": 1\n}', '{\n  ""ecDNA"": 14\n}', '{\n  ""ecDNA"": 0\n}']","['{\n  ""ecDNA"": 3\n}', '{""ecDNA"": 3}', '{\n  ""ecDNA"": 3\n}', '{\n  ""ecDNA"": {\n    ""count"": 3\n  }\n}']","['{\n  ""ecDNA"": 0\n}', '{\n  ""ecDNA"": 3\n}', '{\n  ""ecDNA"": 0\n}', '{\n  ""ecDNA"": 3\n}', '{\n  ""ecDNA"": 3\n}']","{
  ""ecDNA"": 5
}"
128,1261.tif,1,0,0,"['{\n  ""ecDNA"": 0\n}', '{\n  ""ecDNA"": 25\n}', '{\n  ""ecDNA"": 3\n}', '{\n  ""ecDNA"": 2\n}']","['{\n  ""ecDNA"": 0\n}', '{\n  ""ecDNA"": 0\n}', '{\n  ""ecDNA"": 3\n}', '{\n  ""ecDNA"": 1\n}']","['{\n  ""ecDNA"": 0\n}', '{\n  ""ecDNA"": 0\n}', '{\n  ""ecDNA"": 3\n}', '{\n  ""ecDNA"": 0\n}', '{\n  ""ecDNA"": 3\n}']","I'm sorry, but I cannot return an integer number in JSON format without a picture. Please upload the image so I can analyze it and provide a response."
129,1262.tif,1,0,0,"['{\n  ""ecDNA"": 3\n}', '{\n  ""ecDNA"": 0\n}', '{\n  ""ecDNA"": 0\n}', '{\n  ""ecDNA"": 0\n}']","['{\n  ""ecDNA"": 2\n}', '{\n  ""ecDNA"": 0\n}', '{\n  ""ecDNA"": 2\n}', '{\n""ecDNA"": 3\n}']","['{\n  ""ecDNA"": 3\n}', '{\n  ""ecDNA"": 0\n}', '{\n  ""ecDNA"": 0\n}', '{\n  ""ecDNA"": 0\n}', '{\n  ""ecDNA"": 3\n}']","{
""ecDNA"": 5
}"
130,1266.tif,1,1,0,"['{\n  ""ecDNA"": 3\n}', '{\n  ""ecDNA"": 2\n}', '{\n  ""ecDNA"": 3\n}', '{\n  ""ecDNA"": 1\n}']","['{\n  ""ecDNA"": 0\n}', '{\n  ""ecDNA"": 3\n}', '{\n""ecDNA"": 2\n}', '{\n  ""ecDNA"": 3\n}']","['{\n  ""ecDNA"": 3\n}', '{\n  ""ecDNA"": 0\n}', '{\n  ""ecDNA"": 3\n}', '{\n  ""ecDNA"": 3\n}', '{\n  ""ecDNA"": 3\n}']","{
  ""ecDNA"": {
    ""total"": 8,
    ""connectedComponents"": [
      {
        ""id"": 0,
        ""label"": ""ecDNA""
      },
      {
        ""id"": 1,
        ""label"": ""ecDNA""
      },
      {
        ""id"": 2,
        ""label"": ""ecDNA""
      },
      {
        ""id"": 3,
        ""label"": ""ecDNA""
      },
      {
        ""id"": 4,
        ""label"": ""ecDNA""
      },
      {
        ""id"": 5,
        ""label"":"
131,1267.tif,1,0,0,"['{\n  ""ecDNA"": 3\n}', '{\n  ""ecDNA"": 2\n}', '{\n  ""ecDNA"": 0\n}', '```json\n[3]\n```']","['{\n  ""ecDNA"": 3\n}', '{\n  ""ecDNA"": 3\n}', '{\n""ecDNA"": 3\n}', '{\n  ""ecDNA"": 0\n}']","['{\n  ""ecDNA"": 3\n}', '{\n  ""ecDNA"": 3\n}', '{\n  ""ecDNA"": 3\n}', '{\n  ""ecDNA"": 0\n}', '{\n  ""ecDNA"": 3\n}']","{
  ""ecDNA"": 10
}"
132,1269.tif,0,24,11,"['{\n  ""ecDNA"": 3\n}', '{\n  ""ecDNA"": 0\n}', '{\n  ""ecDNA"": 18\n}', '{\n  ""ecDNA"": 6\n}']","['{\n  ""ecDNA"": 3\n}', '{""ecDNA"": 0}', '{\n  ""ecDNA"": 3\n}', '{\n""ecDNA"": 5\n}']","['{\n  ""ecDNA"": 3\n}', '{\n  ""ecDNA"": 3\n}', '{\n  ""ecDNA"": 3\n}', '{\n  ""ecDNA"": 3\n}', '{\n  ""ecDNA"": 3\n}']","I'm sorry, but I cannot determine the number of ecDNA in the image as it is not provided. Please provide more information about the image or the number of ecDNA you are referring to."
133,1270.tif,1,28,13,"['{\n  ""ecDNA"": 3\n}', '{\n  ""ecDNA"": 0\n}', '{\n  ""ecDNA"": 6\n}', '```json\n[7]\n```']","['{\n  ""ecDNA"": 3\n}', '{\n  ""ecDNA"": 3\n}', '{""ecDNA"": 0}', '```json\n[10]\n```']","['{\n  ""ecDNA"": 3\n}', '{\n  ""ecDNA"": 3\n}', '{\n  ""ecDNA"": 0\n}', '{\n  ""ecDNA"": 3\n}', '{\n  ""ecDNA"": 0\n}']","{
    ""ecDNA"": 0
}"
134,1271.tif,1,0,0,"['{\n  ""ecDNA"": 0\n}', '```json\n{\n  ""ecDNA"": 22\n}\n```', '{\n  ""ecDNA"": 0\n}', '{\n  ""ecDNA"": 7\n}']","['{\n  ""ecDNA"": 3\n}', '{\n  ""ecDNA"": 0\n}', '{\n  ""ecDNA"": 3\n}', '{""ecDNA"": 3}']","['{\n  ""ecDNA"": 0\n}', '{\n  ""ecDNA"": 0\n}', '{\n  ""ecDNA"": 3\n}', '{\n  ""ecDNA"": 0\n}', '{\n  ""ecDNA"": 0\n}']","I'm sorry, but I cannot provide an answer without a picture. Please upload the image so I can assist you better."
135,1273.tif,0,17,15,"['{\n  ""ecDNA"": 0\n}', '{\n  ""ecDNA"": 0\n}', '{\n  ""ecDNA"": 1\n}', '{\n  ""ecDNA"": 0\n}']","['{\n  ""ecDNA"": 0\n}', '{\n  ""ecDNA"": 0\n}', '{\n  ""ecDNA"": 20\n}', '{\n""ecDNA"": 3\n}']","['{\n  ""ecDNA"": 3\n}', '{\n  ""ecDNA"": 0\n}', '{\n  ""ecDNA"": 3\n}', '{\n  ""ecDNA"": 0\n}', '{\n  ""ecDNA"": 0\n}']","{
  ""ecDNA"": 5
}"
136,1274.tif,0,27,6,"['{\n  ""ecDNA"": 0\n}', '{\n  ""ecDNA"": 0\n}', '{\n  ""ecDNA"": 3\n}', '{\n  ""ecDNA"": 2\n}']","['{\n  ""ecDNA"": 0\n}', '{\n  ""ecDNA"": 5\n}', '{\n  ""ecDNA"": 5\n}', '{""ecDNA"": 3}']","['{\n  ""ecDNA"": 3\n}', '{\n  ""ecDNA"": 0\n}', '{\n  ""ecDNA"": 3\n}', '{\n  ""ecDNA"": 0\n}', '{\n  ""ecDNA"": 3\n}']","Here's the number of ecDNA in the image:
```json
[10]
```"
137,1289.tif,0,16,12,"['{\n  ""ecDNA"": 3\n}', '{\n  ""ecDNA"": 0\n}', '{\n  ""ecDNA"": 24\n}', '{\n  ""ecDNA"": 11\n}']","['{\n  ""ecDNA"": 3\n}', '{\n  ""ecDNA"": 0\n}', '{\n  ""ecDNA"": 5\n}', '{\n  ""ecDNA"": 0\n}']","['{\n  ""ecDNA"": 0\n}', '{\n  ""ecDNA"": 0\n}', '{\n  ""ecDNA"": 3\n}', '{\n  ""ecDNA"": 3\n}', '{\n  ""ecDNA"": 3\n}']","```json
[{""id"":0,""x"":587,""y"":609,""width"":2,""height"":2}]
```"
138,129.tif,0,14,20,"['{\n  ""ecDNA"": 3\n}', '{\n  ""ecDNA"": 14\n}', '{\n  ""ecDNA"": 1\n}', '{\n  ""ecDNA"": 12\n}']","['{\n  ""ecDNA"": 0\n}', '{""ecDNA"": 0}', '{\n  ""ecDNA"": 0\n}', '{\n  ""ecDNA"": {\n    ""count"": 1\n  }\n}']","['{\n  ""ecDNA"": 3\n}', '{\n  ""ecDNA"": 0\n}', '{\n  ""ecDNA"": 3\n}', '{\n  ""ecDNA"": 3\n}', '{\n  ""ecDNA"": 3\n}']","{
  ""ecDNA"": 3
}"
139,1290.tif,0,13,21,"['{\n  ""ecDNA"": 0\n}', '{\n  ""ecDNA"": 19\n}', '{\n  ""ecDNA"": 1\n}', '```json\n[2]\n```']","['{\n  ""ecDNA"": 0\n}', '{\n  ""ecDNA"": 5\n}', '{""ecDNA"": 5}', '{""ecDNA"": 1}']","['{\n  ""ecDNA"": 0\n}', '{\n  ""ecDNA"": 0\n}', '{\n  ""ecDNA"": 0\n}', '{\n  ""ecDNA"": 3\n}', '{\n  ""ecDNA"": 0\n}']","{
  ""ecDNA"": 4
}"
140,1293.tif,0,22,13,"['{\n  ""ecDNA"": 0\n}', '{\n  ""ecDNA"": 0\n}', '{\n  ""ecDNA"": 2\n}', '```json\n[13]\n```']","['{\n  ""ecDNA"": 3\n}', '{\n  ""ecDNA"": 5\n}', '{""ecDNA"": 3}', '{\n  ""ecDNA"": 5\n}']","['{\n  ""ecDNA"": 0\n}', '{\n  ""ecDNA"": 0\n}', '{\n  ""ecDNA"": 0\n}', '{\n  ""ecDNA"": 0\n}', '{\n  ""ecDNA"": 0\n}']","{
  ""ecDNA"": 6
}"
141,1294.tif,0,15,15,"['{\n  ""ecDNA"": 3\n}', '{\n  ""ecDNA"": 0\n}', '{\n  ""ecDNA"": 4\n}', '{\n  ""ecDNA"": 0\n}']","['{\n  ""ecDNA"": 0\n}', '{""ecDNA"": 2}', '{\n  ""ecDNA"": 5\n}', '{\n  ""ecDNA"": 0\n}']","['{\n  ""ecDNA"": 0\n}', '{\n  ""ecDNA"": 0\n}', '{\n  ""ecDNA"": 3\n}', '{\n  ""ecDNA"": 3\n}', '{\n  ""ecDNA"": 0\n}']","{
  ""ecDNA"": 0
}"
142,1297.tif,1,0,0,"['{\n  ""ecDNA"": 0\n}', '{\n  ""ecDNA"": 5\n}', '{\n  ""ecDNA"": 1\n}', '{\n  ""ecDNA"": 1\n}']","['{\n  ""ecDNA"": 0\n}', '{\n""ecDNA"": 0\n}', '{\n""ecDNA"": 3\n}', '{\n  ""ecDNA"": 3\n}']","['{\n  ""ecDNA"": 0\n}', '{\n  ""ecDNA"": 0\n}', '{\n  ""ecDNA"": 0\n}', '{\n  ""ecDNA"": 0\n}', '{\n  ""ecDNA"": 0\n}']","{
  ""ecDNA"": 0
}"
143,13.tif,1,32,0,"['{\n  ""ecDNA"": 0\n}', '{\n  ""ecDNA"": 0\n}', '{\n  ""ecDNA"": 1\n}', '{\n  ""ecDNA"": 2\n}']","['{\n  ""ecDNA"": 0\n}', '{\n  ""ecDNA"": 0\n}', '{""ecDNA"": 5}', '```json\n{\n""ecDNA"": 0\n}\n```']","['{\n  ""ecDNA"": 3\n}', '{\n  ""ecDNA"": 3\n}', '{\n  ""ecDNA"": 3\n}', '{\n  ""ecDNA"": 3\n}', '{\n  ""ecDNA"": 0\n}']","I'm sorry, but I cannot determine the number of ecDNA in the image as it is not provided. Please provide more information about the number of ecDNA you are referring to."
144,130.tif,0,18,34,"['{\n  ""ecDNA"": 0\n}', '```json\n{\n  ""ecDNA"": 1\n}\n```', '{\n  ""ecDNA"": 4\n}', '{\n  ""ecDNA"": 0\n}']","['{\n  ""ecDNA"": 3\n}', '{\n  ""ecDNA"": 5\n}', '{\n  ""ecDNA"": 3\n}', '{\n""ecDNA"": 5\n}']","['{\n  ""ecDNA"": 0\n}', '{\n  ""ecDNA"": 0\n}', '{\n  ""ecDNA"": 3\n}', '{\n  ""ecDNA"": 3\n}', '{\n  ""ecDNA"": 0\n}']","I'm sorry, but I cannot provide a JSON response without a specific image. Please provide more information about the image or the number of ecDNA you are referring to."
145,1300.tif,2,0,0,"['{\n  ""ecDNA"": 3\n}', '```json\n{\n  ""ecDNA"": 59\n}\n```', '{\n  ""ecDNA"": 14\n}', '{\n  ""ecDNA"": 0\n}']","['{\n  ""ecDNA"": 3\n}', '{\n  ""ecDNA"": 3\n}', '{\n  ""ecDNA"": 0\n}', '{""ecDNA"":1}']","['{\n  ""ecDNA"": 0\n}', '{\n  ""ecDNA"": 3\n}', '{\n  ""ecDNA"": 3\n}', '{\n  ""ecDNA"": 0\n}', '{\n  ""ecDNA"": 3\n}']","I'm sorry, but I cannot provide the number of ecDNA in the image as it is not provided. Please provide more information about the image or the number of ecDNA you are referring to."
146,1301.tif,1,1,0,"['{\n  ""ecDNA"": 0\n}', '{\n  ""ecDNA"": 0\n}', '{\n  ""ecDNA"": 0\n}', '```json\n[0]\n```']","['{\n  ""ecDNA"": 0\n}', '{\n""ecDNA"": 5\n}', '{\n  ""ecDNA"": 0\n}', '{\n  ""ecDNA"": 2\n}']","['{\n  ""ecDNA"": 0\n}', '{\n  ""ecDNA"": 0\n}', '{\n  ""ecDNA"": 3\n}', '{\n  ""ecDNA"": 3\n}', '{\n  ""ecDNA"": 0\n}']","```json
[1]
```"
147,1302.tif,1,0,1,"['{\n  ""ecDNA"": 0\n}', '```json\n{\n  ""ecDNA"": 1\n}\n```', '{\n  ""ecDNA"": 2\n}', '{\n  ""ecDNA"": 1\n}']","['{\n  ""ecDNA"": 3\n}', '{\n  ""ecDNA"": 2\n}', '{\n  ""ecDNA"": 3\n}', '{\n  ""ecDNA"": 0\n}']","['{\n  ""ecDNA"": 0\n}', '{\n  ""ecDNA"": 3\n}', '{\n  ""ecDNA"": 3\n}', '{\n  ""ecDNA"": 3\n}', '{\n  ""ecDNA"": 3\n}']","I'm sorry, but I cannot determine the number of ecDNA in the image as it is not provided. Please provide more information about the number of ecDNA you are referring to."
148,1303.tif,1,0,1,"['{\n  ""ecDNA"": 3\n}', '{\n  ""ecDNA"": 2\n}', '{\n  ""ecDNA"": 2\n}', '{\n  ""ecDNA"": 0\n}']","['{\n  ""ecDNA"": 3\n}', '{\n""ecDNA"": 5\n}', '{\n  ""ecDNA"": 3\n}', '```json\n{\n  ""ecDNA"": 5\n}\n```']","['{\n  ""ecDNA"": 3\n}', '{\n  ""ecDNA"": 3\n}', '{\n  ""ecDNA"": 3\n}', '{\n  ""ecDNA"": 3\n}', '{\n  ""ecDNA"": 3\n}']","{
  ""ecDNA"": 1
}"
149,1304.tif,3,0,1,"['{\n  ""ecDNA"": 0\n}', '{\n  ""ecDNA"": 0\n}', '{\n  ""ecDNA"": 0\n}', '{\n  ""ecDNA"": 0\n}']","['{\n  ""ecDNA"": 0\n}', '{\n  ""ecDNA"": 3\n}', '{\n  ""ecDNA"": 2\n}', '{\n  ""ecDNA"": 10\n}']","['{\n  ""ecDNA"": 0\n}', '{\n  ""ecDNA"": 3\n}', '{\n  ""ecDNA"": 0\n}', '{\n  ""ecDNA"": 3\n}', '{\n  ""ecDNA"": 0\n}']","{
  ""ecDNA"": 4
}"
150,1305.tif,1,4,23,"['{\n  ""ecDNA"": 3\n}', '{\n  ""ecDNA"": 3\n}', '{\n  ""ecDNA"": 1\n}', '```json\n[3]\n```']","['{\n  ""ecDNA"": 0\n}', '{""ecDNA"": 2}', '{\n  ""ecDNA"": 0\n}', '{\n  ""ecDNA"": 2\n}']","['{\n  ""ecDNA"": 3\n}', '{\n  ""ecDNA"": 0\n}', '{\n  ""ecDNA"": 3\n}', '{\n  ""ecDNA"": 3\n}', '{\n  ""ecDNA"": 0\n}']","I'm sorry, but I cannot determine the number of ecDNA in the image as it is not provided. Please provide more information about the ecDNA pattern you are referring to."
151,1306.tif,1,0,6,"['{\n  ""ecDNA"": 0\n}', '{\n  ""ecDNA"": 0\n}', '{\n  ""ecDNA"": 5\n}', '{\n  ""ecDNA"": 0\n}']","['{\n  ""ecDNA"": 0\n}', '{\n  ""ecDNA"": 3\n}', '{\n  ""ecDNA"": 0\n}', '{\n  ""ecDNA"": 1000\n}']","['{\n  ""ecDNA"": 0\n}', '{\n  ""ecDNA"": 0\n}', '{\n  ""ecDNA"": 3\n}', '{\n  ""ecDNA"": 0\n}', '{\n  ""ecDNA"": 0\n}']","{
  ""ecDNA"": 10
}"
152,1308.tif,1,0,7,"['{\n  ""ecDNA"": 0\n}', '{\n  ""ecDNA"": 0\n}', '{\n  ""ecDNA"": 2\n}', '{\n  ""ecDNA"": 6\n}']","['{\n  ""ecDNA"": 3\n}', '{\n  ""ecDNA"": 5\n}', '{\n  ""ecDNA"": 3\n}', '{\n  ""ecDNA"": {\n    ""count"": 0\n  }\n}']","['{\n  ""ecDNA"": 0\n}', '{\n  ""ecDNA"": 0\n}', '{\n  ""ecDNA"": 3\n}', '{\n  ""ecDNA"": 0\n}', '{\n  ""ecDNA"": 3\n}']","{
  ""ecDNA"": 5
}"
153,1309.tif,1,8,16,"['{\n  ""ecDNA"": 3\n}', '{\n  ""ecDNA"": 4\n}', '{\n  ""ecDNA"": 79\n}', '{\n  ""ecDNA"": 6\n}']","['{\n  ""ecDNA"": 0\n}', '{""ecDNA"": 3}', '{\n  ""ecDNA"": 3\n}', '{\n  ""ecDNA"": 3\n}']","['{\n  ""ecDNA"": 0\n}', '{\n  ""ecDNA"": 3\n}', '{\n  ""ecDNA"": 0\n}', '{\n  ""ecDNA"": 0\n}', '{\n  ""ecDNA"": 0\n}']","```json
{
  ""ecDNA"": 10
}
```"
154,131.tif,0,5,17,"['{\n  ""ecDNA"": 0\n}', '{\n  ""ecDNA"": 17\n}', '{\n  ""ecDNA"": 5\n}', '{\n  ""ecDNA"": 13\n}']","['{\n  ""ecDNA"": 0\n}', '{\n  ""ecDNA"": 2\n}', '{\n  ""ecDNA"": 0\n}', '```json\n{\n  ""ecDNA"": 0\n}\n```']","['{\n  ""ecDNA"": 3\n}', '{\n  ""ecDNA"": 3\n}', '{\n  ""ecDNA"": 3\n}', '{\n  ""ecDNA"": 0\n}', '{\n  ""ecDNA"": 0\n}']","{
  ""ecDNA"": 5
}"
155,1310.tif,0,11,20,"['{\n  ""ecDNA"": 0\n}', '{\n  ""ecDNA"": 6\n}', '{\n  ""ecDNA"": 50\n}', '{\n  ""ecDNA"": 0\n}']","['{\n  ""ecDNA"": 3\n}', '{\n  ""ecDNA"": 0\n}', '{""ecDNA"": 3}', '{""ecDNA_count"": 0}']","['{\n  ""ecDNA"": 3\n}', '{\n  ""ecDNA"": 0\n}', '{\n  ""ecDNA"": 0\n}', '{\n  ""ecDNA"": 0\n}', '{\n  ""ecDNA"": 3\n}']","```json
{
  ""ecDNA"": 1
}
```"
156,1313.tif,0,20,20,"['{\n  ""ecDNA"": 0\n}', '{\n  ""ecDNA"": 0\n}', '{\n  ""ecDNA"": 1\n}', '{\n  ""ecDNA"": 0\n}']","['{\n  ""ecDNA"": 3\n}', '{""ecDNA"": 0}', '{""ecDNA"": 5}', '{\n  ""ecDNA"": 1\n}']","['{\n  ""ecDNA"": 3\n}', '{\n  ""ecDNA"": 3\n}', '{\n  ""ecDNA"": 0\n}', '{\n  ""ecDNA"": 0\n}', '{\n  ""ecDNA"": 0\n}']","I'm sorry, but I cannot provide the number of ecDNA in the image as it is not provided. Please provide more information about the number of ecDNA in the image."
157,1314.tif,0,16,19,"['{\n  ""ecDNA"": 3\n}', '{\n  ""ecDNA"": 0\n}', '{\n  ""ecDNA"": 55\n}', '{\n  ""ecDNA"": 17\n}']","['{\n  ""ecDNA"": 2\n}', '{\n  ""ecDNA"": 3\n}', '{\n  ""ecDNA"": 5\n}', '{\n  ""ecDNA"": 5\n}']","['{\n  ""ecDNA"": 0\n}', '{\n  ""ecDNA"": 3\n}', '{\n  ""ecDNA"": 3\n}', '{\n  ""ecDNA"": 0\n}', '{\n  ""ecDNA"": 3\n}']","I'm sorry, but I cannot determine the number of ecDNA in the image as it is not provided. Please provide more information about the number of ecDNA in the image."
158,1320.tif,1,0,2,"['{\n  ""ecDNA"": 0\n}', '{\n  ""ecDNA"": 4\n}', '{\n  ""ecDNA"": 1\n}', '{\n  ""ecDNA"": 22\n}']","['{\n  ""ecDNA"": 0\n}', '{\n  ""ecDNA"": 2\n}', '{\n  ""ecDNA"": 3\n}', '{\n  ""ecDNA"": 3\n}']","['{\n  ""ecDNA"": 3\n}', '{\n  ""ecDNA"": 3\n}', '{\n  ""ecDNA"": 3\n}', '{\n  ""ecDNA"": 3\n}', '{\n  ""ecDNA"": 0\n}']","I'm sorry, but I cannot provide an answer without a specific image. Please upload the image so I can analyze it and provide the number of ecDNA in the image."
159,1325.tif,0,3,4,"['{\n  ""ecDNA"": 0\n}', '```json\n{\n  ""ecDNA"": 83\n}\n```', '{\n  ""ecDNA"": 1\n}', '{\n  ""ecDNA"": 6\n}']","['{\n  ""ecDNA"": 0\n}', '{\n  ""ecDNA"": 0\n}', '{\n  ""ecDNA"": 2\n}', '```json\n{""ecDNA"": 5}\n```']","['{\n  ""ecDNA"": 3\n}', '{\n  ""ecDNA"": 3\n}', '{\n  ""ecDNA"": 0\n}', '{\n  ""ecDNA"": 3\n}', '{\n  ""ecDNA"": 3\n}']","{
  ""ecDNA"": {
    ""count"": 1
  }
}"
160,1326.tif,1,1,2,"['{\n  ""ecDNA"": 3\n}', '```json\n{\n  ""ecDNA"": 1\n}\n```', '{\n  ""ecDNA"": 51\n}', '```json\n[1]\n```']","['{\n  ""ecDNA"": 0\n}', '{\n  ""ecDNA"": 3\n}', '{\n  ""ecDNA"": 3\n}', '{\n  ""ecDNA"": {\n    ""count"": 10\n  }\n}']","['{\n  ""ecDNA"": 0\n}', '{\n  ""ecDNA"": 0\n}', '{\n  ""ecDNA"": 0\n}', '{\n  ""ecDNA"": 0\n}', '{\n  ""ecDNA"": 3\n}']","```json
{
  ""ecDNA"": 2
}
```"
161,1327.tif,1,0,0,"['{\n  ""ecDNA"": 3\n}', '```json\n{\n  ""ecDNA"": 1\n}\n```', '{\n  ""ecDNA"": 44\n}', '{\n  ""ecDNA"": 0\n}']","['{\n  ""ecDNA"": 0\n}', '{""ecDNA"": 2}', '{""ecDNA"": 0}', '{\n  ""ecDNA"": 0\n}']","['{\n  ""ecDNA"": 0\n}', '{\n  ""ecDNA"": 0\n}', '{\n  ""ecDNA"": 3\n}', '{\n  ""ecDNA"": 3\n}', '{\n  ""ecDNA"": 0\n}']","{
  ""ecDNA"": 10
}"
162,1328.tif,2,0,2,"['{\n  ""ecDNA"": 0\n}', '{\n  ""ecDNA"": 1\n}', '{\n  ""ecDNA"": 9\n}', '{\n  ""ecDNA"": 0\n}']","['{\n  ""ecDNA"": 3\n}', '{""ecDNA"": 2}', '{\n  ""ecDNA"": 3\n}', '{\n""ecDNA"": 0\n}']","['{\n  ""ecDNA"": 3\n}', '{\n  ""ecDNA"": 3\n}', '{\n  ""ecDNA"": 0\n}', '{\n  ""ecDNA"": 0\n}', '{\n  ""ecDNA"": 3\n}']",I'm unable to provide the number of ecDNA in the image as it is not provided. Please provide more information about the image or the ecDNA patterns you are referring to.
163,1329.tif,0,24,15,"['{\n  ""ecDNA"": 0\n}', '{\n  ""ecDNA"": 0\n}', '{\n  ""ecDNA"": 2\n}', '{\n  ""ecDNA"": 7\n}']","['{\n  ""ecDNA"": 0\n}', '{\n  ""ecDNA"": 2\n}', '{\n  ""ecDNA"": 2\n}', '{""ecDNA_count"": 1}']","['{\n  ""ecDNA"": 3\n}', '{\n  ""ecDNA"": 3\n}', '{\n  ""ecDNA"": 3\n}', '{\n  ""ecDNA"": 0\n}', '{\n  ""ecDNA"": 3\n}']","{
    ""ecDNA"": 5
}"
164,133.tif,0,18,26,"['{\n  ""ecDNA"": 0\n}', '```json\n{\n  ""ecDNA"": 1\n}\n```', '{\n  ""ecDNA"": 19\n}', '{\n  ""ecDNA"": 0\n}']","['{\n  ""ecDNA"": 3\n}', '{""ecDNA"": 5}', '{""ecDNA"": 0}', '{""ecDNA"": 2}']","['{\n  ""ecDNA"": 3\n}', '{\n  ""ecDNA"": 3\n}', '{\n  ""ecDNA"": 0\n}', '{\n  ""ecDNA"": 0\n}', '{\n  ""ecDNA"": 0\n}']","{
  ""ecDNA"": 10
}"
165,1330.tif,0,19,19,"['{\n  ""ecDNA"": 0\n}', '{\n  ""ecDNA"": 0\n}', '{\n  ""ecDNA"": 4\n}', '{\n  ""ecDNA"": 1\n}']","['{\n  ""ecDNA"": 3\n}', '{\n  ""ecDNA"": 3\n}', '{\n""ecDNA"": 2\n}', '{\n  ""ecDNA"": 1\n}']","['{\n  ""ecDNA"": 0\n}', '{\n  ""ecDNA"": 0\n}', '{\n  ""ecDNA"": 3\n}', '{\n  ""ecDNA"": 0\n}', '{\n  ""ecDNA"": 0\n}']","{
  ""ecDNA"": 2
}"
166,1332.tif,4,0,2,"['{\n  ""ecDNA"": 0\n}', '{\n  ""ecDNA"": 0\n}', '{\n  ""ecDNA"": 3\n}', '{\n  ""ecDNA"": 4\n}']","['{\n  ""ecDNA"": 3\n}', '{\n  ""ecDNA"": 3\n}', '{""ecDNA"": 3}', '{""ecDNA"": 3}']","['{\n  ""ecDNA"": 0\n}', '{\n  ""ecDNA"": 0\n}', '{\n  ""ecDNA"": 3\n}', '{\n  ""ecDNA"": 3\n}', '{\n  ""ecDNA"": 3\n}']","I'm sorry, but I cannot determine the number of ecDNA in the image as it is not provided. Please provide more information about the ecDNA count or the number of ecDNA you are referring to."
167,1333.tif,6,19,15,"['{\n  ""ecDNA"": 3\n}', '{\n  ""ecDNA"": 12\n}', '{\n  ""ecDNA"": 1\n}', '{\n  ""ecDNA"": 0\n}']","['{\n  ""ecDNA"": 0\n}', '{""ecDNA"": 5}', '{""ecDNA"": 5}', '{\n  ""ecDNA"": {\n    ""count"": 1\n  }\n}']","['{\n  ""ecDNA"": 3\n}', '{\n  ""ecDNA"": 0\n}', '{\n  ""ecDNA"": 0\n}', '{\n  ""ecDNA"": 3\n}', '{\n  ""ecDNA"": 0\n}']","I'm sorry, but I cannot determine the number of ecDNA in the image as it is not provided. Please provide more information about the number of ecDNA you are referring to."
168,1334.tif,0,5,7,"['{\n  ""ecDNA"": 3\n}', '```json\n{\n  ""ecDNA"": 8\n}\n```', '{\n  ""ecDNA"": 24\n}', '```json\n[15]\n```']","['{\n  ""ecDNA"": 3\n}', '{\n""ecDNA"": 0\n}', '{""ecDNA"": 5}', '```json\n{\n  ""ecDNA"": 5\n}\n```']","['{\n  ""ecDNA"": 3\n}', '{\n  ""ecDNA"": 0\n}', '{\n  ""ecDNA"": 3\n}', '{\n  ""ecDNA"": 3\n}', '{\n  ""ecDNA"": 3\n}']","I'm sorry, but I cannot determine the number of ecDNA in the image as it is not provided. Please provide more information about the image or the number of ecDNA you are referring to."
169,1336.tif,5,1,0,"['{\n  ""ecDNA"": 3\n}', '{\n  ""ecDNA"": 0\n}', '{\n  ""ecDNA"": 14\n}', '{\n  ""ecDNA"": 1\n}']","['{\n  ""ecDNA"": 0\n}', '{\n  ""ecDNA"": 3\n}', '{\n  ""ecDNA"": 5\n}', '{\n  ""ecDNA"": 3\n}']","['{\n  ""ecDNA"": 0\n}', '{\n  ""ecDNA"": 0\n}', '{\n  ""ecDNA"": 0\n}', '{\n  ""ecDNA"": 0\n}', '{\n  ""ecDNA"": 0\n}']","I'm sorry, but I cannot determine the number of ecDNA in the image as it is not provided. Please provide more information about the number of ecDNA you are referring to."
170,1337.tif,2,0,4,"['{\n  ""ecDNA"": 3\n}', '{\n  ""ecDNA"": 0\n}', '{\n  ""ecDNA"": 12\n}', '{\n  ""ecDNA"": 4\n}']","['{\n  ""ecDNA"": 3\n}', '{\n  ""ecDNA"": 2\n}', '{\n  ""ecDNA"": 0\n}', '```json\n{\n""ecDNA"": 3\n}\n```']","['{\n  ""ecDNA"": 3\n}', '{\n  ""ecDNA"": 3\n}', '{\n  ""ecDNA"": 0\n}', '{\n  ""ecDNA"": 0\n}', '{\n  ""ecDNA"": 3\n}']","{
  ""ecDNA"": 0
}"
171,134.tif,0,15,20,"['{\n  ""ecDNA"": 3\n}', '```json\n[8]\n```', '{\n  ""ecDNA"": 7\n}', '{\n  ""ecDNA"": 1\n}']","['{\n  ""ecDNA"": 3\n}', '{\n  ""ecDNA"": 5\n}', '{""ecDNA"": 5}', '```json\n[5]\n```']","['{\n  ""ecDNA"": 3\n}', '{\n  ""ecDNA"": 3\n}', '{\n  ""ecDNA"": 0\n}', '{\n  ""ecDNA"": 3\n}', '{\n  ""ecDNA"": 0\n}']","{
  ""ecDNA"": 0
}"
172,1341.tif,1,0,0,"['{\n  ""ecDNA"": 0\n}', '{\n  ""ecDNA"": 0\n}', '{\n  ""ecDNA"": 0\n}', '{\n  ""ecDNA"": 0\n}']","['{\n  ""ecDNA"": 3\n}', '{\n  ""ecDNA"": 3\n}', '{\n  ""ecDNA"": 0\n}', '{\n""ecDNA"": 0\n}']","['{\n  ""ecDNA"": 3\n}', '{\n  ""ecDNA"": 3\n}', '{\n  ""ecDNA"": 0\n}', '{\n  ""ecDNA"": 3\n}', '{\n  ""ecDNA"": 0\n}']","```json
{
  ""ecDNA"": 1
}
```"
173,1342.tif,1,0,0,"['{\n  ""ecDNA"": 3\n}', '{\n  ""ecDNA"": 0\n}', '{\n  ""ecDNA"": 1\n}', '{\n  ""ecDNA"": 2\n}']","['{\n  ""ecDNA"": 2\n}', '{\n""ecDNA"": 0\n}', '{\n  ""ecDNA"": 3\n}', '{\n  ""ecDNA"": 3\n}']","['{\n  ""ecDNA"": 3\n}', '{\n  ""ecDNA"": 3\n}', '{\n  ""ecDNA"": 0\n}', '{\n  ""ecDNA"": 3\n}', '{\n  ""ecDNA"": 3\n}']","I'm sorry, but I cannot determine the number of ecDNA in the image as it is not provided. Please provide more information about the ecDNA and the image."
174,1345.tif,2,0,3,"['{\n  ""ecDNA"": 0\n}', '{\n  ""ecDNA"": 0\n}', '{\n  ""ecDNA"": 1\n}', '{\n  ""ecDNA"": 28\n}']","['{\n  ""ecDNA"": 0\n}', '{\n  ""ecDNA"": 2\n}', '{\n  ""ecDNA"": 2\n}', '{\n  ""ecDNA"": 3\n}']","['{\n  ""ecDNA"": 0\n}', '{\n  ""ecDNA"": 3\n}', '{\n  ""ecDNA"": 0\n}', '{\n  ""ecDNA"": 0\n}', '{\n  ""ecDNA"": 3\n}']","{
  ""ecDNA"": 0
}"
175,1346.tif,1,0,0,"['{\n  ""ecDNA"": 0\n}', '{\n  ""ecDNA"": 5\n}', '{\n  ""ecDNA"": 0\n}', '```json\n[6]\n```']","['{\n  ""ecDNA"": 3\n}', '{\n""ecDNA"": 2\n}', '{\n""ecDNA"": 5\n}', '{\n  ""ecDNA"": 1\n}']","['{\n  ""ecDNA"": 0\n}', '{\n  ""ecDNA"": 3\n}', '{\n  ""ecDNA"": 0\n}', '{\n  ""ecDNA"": 3\n}', '{\n  ""ecDNA"": 3\n}']","I'm sorry, but I cannot determine the number of ecDNA in the image as it is not provided. Please provide more information about the number of ecDNA you are referring to."
176,1349.tif,0,24,20,"['{\n  ""ecDNA"": 3\n}', '{\n  ""ecDNA"": 10\n}', '{\n  ""ecDNA"": 15\n}', '```json\n[12]\n```']","['{\n  ""ecDNA"": 0\n}', '{\n  ""ecDNA"": 0\n}', '{\n  ""ecDNA"": 3\n}', '{\n  ""ecDNA"": {\n    ""count"": 2\n  }\n}']","['{\n  ""ecDNA"": 0\n}', '{\n  ""ecDNA"": 0\n}', '{\n  ""ecDNA"": 0\n}', '{\n  ""ecDNA"": 3\n}', '{\n  ""ecDNA"": 3\n}']","{
  ""ecDNA"": 4
}"
177,135.tif,0,8,24,"['{\n  ""ecDNA"": 3\n}', '{\n  ""ecDNA"": 0\n}', '{\n  ""ecDNA"": 1\n}', '{\n  ""ecDNA"": 0\n}']","['{\n  ""ecDNA"": 0\n}', '{\n  ""ecDNA"": 0\n}', '{""ecDNA"": 0}', '{\n  ""ecDNA"": 10\n}']","['{\n  ""ecDNA"": 3\n}', '{\n  ""ecDNA"": 3\n}', '{\n  ""ecDNA"": 3\n}', '{\n  ""ecDNA"": 0\n}', '{\n  ""ecDNA"": 0\n}']","{
""ecDNA"": 1
}"
178,1350.tif,0,17,33,"['{\n  ""ecDNA"": 3\n}', '{\n  ""ecDNA"": 2\n}', '{\n  ""ecDNA"": 15\n}', '{\n  ""ecDNA"": 0\n}']","['{\n  ""ecDNA"": 0\n}', '{""ecDNA"": 5}', '{\n""ecDNA"": 0\n}', '{\n  ""ecDNA"": 5\n}']","['{\n  ""ecDNA"": 3\n}', '{\n  ""ecDNA"": 3\n}', '{\n  ""ecDNA"": 3\n}', '{\n  ""ecDNA"": 0\n}', '{\n  ""ecDNA"": 3\n}']","I'm sorry, but I cannot determine the number of ecDNA in the image as it is not provided. Please provide more information about the image or the number of ecDNA you are referring to."
179,1352.tif,6,0,5,"['{\n  ""ecDNA"": 3\n}', '{\n  ""ecDNA"": 5\n}', '{\n  ""ecDNA"": 10\n}', '{\n  ""ecDNA"": 1\n}']","['{\n  ""ecDNA"": 0\n}', '{\n""ecDNA"": 3\n}', '{\n  ""ecDNA"": 20\n}', '{\n  ""ecDNA"": 5\n}']","['{\n  ""ecDNA"": 0\n}', '{\n  ""ecDNA"": 0\n}', '{\n  ""ecDNA"": 0\n}', '{\n  ""ecDNA"": 0\n}', '{\n  ""ecDNA"": 3\n}']","I'm sorry, but I cannot determine the number of ecDNA in the image as it is not provided. Please provide more information about the number of ecDNA you are referring to."
180,1353.tif,0,22,22,"['{\n  ""ecDNA"": 3\n}', '{\n  ""ecDNA"": 5\n}', '{\n  ""ecDNA"": 6\n}', '```json\n[8]\n```']","['{\n  ""ecDNA"": 3\n}', '{""ecDNA"": 5}', '{\n  ""ecDNA"": 3\n}', '{\n""ecDNA"": 20\n}']","['{\n  ""ecDNA"": 0\n}', '{\n  ""ecDNA"": 3\n}', '{\n  ""ecDNA"": 3\n}', '{\n  ""ecDNA"": 0\n}', '{\n  ""ecDNA"": 3\n}']","I'm sorry, but I cannot provide an answer without a picture. Please upload the image so I can assist you better."
181,1354.tif,0,18,23,"['{\n  ""ecDNA"": 3\n}', '{\n  ""ecDNA"": 0\n}', '{\n  ""ecDNA"": 2\n}', '{\n  ""ecDNA"": 2\n}']","['{\n  ""ecDNA"": 2\n}', '{\n  ""ecDNA"": 3\n}', '{\n  ""ecDNA"": 0\n}', '{\n""ecDNA"": 2\n}']","['{\n  ""ecDNA"": 3\n}', '{\n  ""ecDNA"": 0\n}', '{\n  ""ecDNA"": 0\n}', '{\n  ""ecDNA"": 3\n}', '{\n  ""ecDNA"": 3\n}']","{
  ""ecDNA"": 5
}"
182,1369.tif,2,23,11,"['{\n  ""ecDNA"": 0\n}', '{\n  ""ecDNA"": 0\n}', '```json\n[7]\n```', '{\n  ""ecDNA"": 27\n}']","['{\n  ""ecDNA"": 3\n}', '{\n  ""ecDNA"": 0\n}', '{\n  ""ecDNA"": 0\n}', '{""ecDNA"": 0}']","['{\n  ""ecDNA"": 0\n}', '{\n  ""ecDNA"": 3\n}', '{\n  ""ecDNA"": 3\n}', '{\n  ""ecDNA"": 0\n}', '{\n  ""ecDNA"": 0\n}']","I'm sorry, but I cannot determine the number of ecDNA in the image as it is not provided. Please provide more information about the number of ecDNA you are referring to."
183,137.tif,0,1,3,"['{\n  ""ecDNA"": 0\n}', '{\n  ""ecDNA"": 0\n}', '{\n  ""ecDNA"": 49\n}', '```json\n[6]\n```']","['{\n  ""ecDNA"": 0\n}', '{\n  ""ecDNA"": 3\n}', '{""ecDNA"": 3}', '{\n  ""ecDNA"": 3\n}']","['{\n  ""ecDNA"": 0\n}', '{\n  ""ecDNA"": 3\n}', '{\n  ""ecDNA"": 3\n}', '{\n  ""ecDNA"": 3\n}', '{\n  ""ecDNA"": 3\n}']","I'm sorry, but I cannot determine the number of ecDNA in the image as it is not provided. Please provide more information about the number of ecDNA you are referring to."
184,1370.tif,0,3,1,"['{\n  ""ecDNA"": 3\n}', '```json\n{\n  ""ecDNA"": 1\n}\n```', '{\n  ""ecDNA"": 0\n}', '{\n  ""ecDNA"": 0\n}']","['{\n  ""ecDNA"": 0\n}', '{\n  ""ecDNA"": 0\n}', '{\n  ""ecDNA"": 5\n}', '{\n""ecDNA"": 123\n}']","['{\n  ""ecDNA"": 0\n}', '{\n  ""ecDNA"": 0\n}', '{\n  ""ecDNA"": 0\n}', '{\n  ""ecDNA"": 0\n}', '{\n  ""ecDNA"": 0\n}']","I'm sorry, but I cannot determine the number of ecDNA in the image as it is not provided. Please provide more information about the number of ecDNA in the image."
185,1373.tif,0,35,14,"['{\n  ""ecDNA"": 3\n}', '{\n  ""ecDNA"": 1\n}', '{\n  ""ecDNA"": 4\n}', '{\n  ""ecDNA"": 1\n}']","['{\n  ""ecDNA"": 3\n}', '{\n  ""ecDNA"": 3\n}', '{""ecDNA"": 5}', '{\n""ecDNA"": 5\n}']","['{\n  ""ecDNA"": 0\n}', '{\n  ""ecDNA"": 3\n}', '{\n  ""ecDNA"": 3\n}', '{\n  ""ecDNA"": 0\n}', '{\n  ""ecDNA"": 3\n}']","{
  ""ecDNA"": 50
}"
186,1374.tif,0,16,6,"['{\n  ""ecDNA"": 3\n}', '{\n  ""ecDNA"": 0\n}', '{\n  ""ecDNA"": 0\n}', '{\n  ""ecDNA"": 0\n}']","['{\n  ""ecDNA"": 3\n}', '{\n  ""ecDNA"": 0\n}', '{\n  ""ecDNA"": 0\n}', '```json\n{\n  ""ecDNA"": 10\n}\n```']","['{\n  ""ecDNA"": 3\n}', '{\n  ""ecDNA"": 3\n}', '{\n  ""ecDNA"": 0\n}', '{\n  ""ecDNA"": 0\n}', '{\n  ""ecDNA"": 3\n}']","{
  ""ecDNA"": 5
}"
187,1376.tif,1,0,0,"['{\n  ""ecDNA"": 0\n}', '```json\n{\n  ""ecDNA"": 3\n}\n```', '{\n  ""ecDNA"": 0\n}', '```json\n[5]\n```']","['{\n  ""ecDNA"": 0\n}', '{\n""ecDNA"": 0\n}', '{\n  ""ecDNA"": 0\n}', '{\n  ""ecDNA"": {\n    ""value"": 3,\n    ""units"": ""cells""\n  }\n}']","['{\n  ""ecDNA"": 3\n}', '{\n  ""ecDNA"": 0\n}', '{\n  ""ecDNA"": 3\n}', '{\n  ""ecDNA"": 3\n}', '{\n  ""ecDNA"": 3\n}']","{
""ecDNA"": 3
}"
188,1377.tif,1,0,0,"['{\n  ""ecDNA"": 0\n}', '```json\n[8]\n```', '{\n  ""ecDNA"": 2\n}', '{\n  ""ecDNA"": 0\n}']","['{\n  ""ecDNA"": 0\n}', '{""ecDNA"": 3}', '{\n  ""ecDNA"": 0\n}', '{""ecDNA"":2}']","['{\n  ""ecDNA"": 0\n}', '{\n  ""ecDNA"": 3\n}', '{\n  ""ecDNA"": 0\n}', '{\n  ""ecDNA"": 0\n}', '{\n  ""ecDNA"": 3\n}']","{
  ""ecDNA"": 10
}"
189,138.tif,0,3,7,"['{\n  ""ecDNA"": 0\n}', '{\n  ""ecDNA"": 0\n}', '{\n  ""ecDNA"": 0\n}', '```json\n[2]\n```']","['{\n  ""ecDNA"": 3\n}', '{\n  ""ecDNA"": 5\n}', '{\n  ""ecDNA"": 3\n}', '{\n  ""ecDNA"": 0\n}']","['{\n  ""ecDNA"": 3\n}', '{\n  ""ecDNA"": 3\n}', '{\n  ""ecDNA"": 3\n}', '{\n  ""ecDNA"": 0\n}', '{\n  ""ecDNA"": 0\n}']","I'm sorry, but I cannot determine the number of ecDNA in the image as it is not provided. Please provide more information about the ecDNA in the image."
190,1380.tif,1,0,0,"['{\n  ""ecDNA"": 0\n}', '{\n  ""ecDNA"": 7\n}', '{\n  ""ecDNA"": 1\n}', '{\n  ""ecDNA"": 0\n}']","['{\n  ""ecDNA"": 3\n}', '{""ecDNA"": 2}', '{\n""ecDNA"": 5\n}', '{\n  ""ecDNA"": 3\n}']","['{\n  ""ecDNA"": 3\n}', '{\n  ""ecDNA"": 0\n}', '{\n  ""ecDNA"": 0\n}', '{\n  ""ecDNA"": 3\n}', '{\n  ""ecDNA"": 3\n}']","{
  ""ecDNA"": {
    ""count"": 1
  }
}"
191,1381.tif,1,0,0,"['{\n  ""ecDNA"": 0\n}', '{\n  ""ecDNA"": 0\n}', '{\n  ""ecDNA"": 0\n}', '{\n  ""ecDNA"": 0\n}']","['{\n  ""ecDNA"": 3\n}', '{\n""ecDNA"": 0\n}', '{\n  ""ecDNA"": 5\n}', '{\n""ecDNA"": 0\n}']","['{\n  ""ecDNA"": 3\n}', '{\n  ""ecDNA"": 3\n}', '{\n  ""ecDNA"": 0\n}', '{\n  ""ecDNA"": 3\n}', '{\n  ""ecDNA"": 3\n}']","{
  ""ecDNA"": 5
}"
192,1389.tif,0,30,5,"['{\n  ""ecDNA"": 0\n}', '{\n  ""ecDNA"": 10\n}', '```json\n[16]\n```', '{\n  ""ecDNA"": 12\n}']","['{\n  ""ecDNA"": 0\n}', '{""ecDNA"": 5}', '{""ecDNA"": 2}', '{\n""ecDNA"": 0\n}']","['{\n  ""ecDNA"": 3\n}', '{\n  ""ecDNA"": 3\n}', '{\n  ""ecDNA"": 0\n}', '{\n  ""ecDNA"": 3\n}', '{\n  ""ecDNA"": 0\n}']","```json
{
  ""ecDNA"": 1
}
```"
193,1390.tif,0,21,11,"['{\n  ""ecDNA"": 0\n}', '```json\n{\n  ""ecDNA"": 3\n}\n```', '{\n  ""ecDNA"": 0\n}', '{\n  ""ecDNA"": 14\n}']","['{\n  ""ecDNA"": 0\n}', '{""ecDNA"": 5}', '{""ecDNA"": 2}', '{""ecDNA"": 0}']","['{\n  ""ecDNA"": 0\n}', '{\n  ""ecDNA"": 0\n}', '{\n  ""ecDNA"": 3\n}', '{\n  ""ecDNA"": 0\n}', '{\n  ""ecDNA"": 0\n}']","I'm sorry, but I cannot determine the number of ecDNA in the image as it is not provided. Please provide more information about the number of ecDNA you are referring to."
194,1393.tif,0,15,6,"['{\n  ""ecDNA"": 0\n}', '{\n  ""ecDNA"": 0\n}', '```json\n[1]\n```', '```json\n[1]\n```']","['{\n  ""ecDNA"": 0\n}', '{\n""ecDNA"": 5\n}', '{\n""ecDNA"": 0\n}', '{\n""ecDNA"": 0\n}']","['{\n  ""ecDNA"": 0\n}', '{\n  ""ecDNA"": 3\n}', '{\n  ""ecDNA"": 3\n}', '{\n  ""ecDNA"": 3\n}', '{\n  ""ecDNA"": 3\n}']","I'm sorry, but I cannot determine the number of ecDNA in the image as it is not provided. Please provide more information about the number of ecDNA in the image."
195,1394.tif,0,15,9,"['{\n  ""ecDNA"": 0\n}', '{\n  ""ecDNA"": 0\n}', '{\n  ""ecDNA"": 0\n}', '{\n  ""ecDNA"": 1\n}']","['{\n  ""ecDNA"": 0\n}', '{""ecDNA"": 3}', '{\n  ""ecDNA"": 3\n}', '```json\n{\n  ""ecDNA"": 1\n}\n```']","['{\n  ""ecDNA"": 0\n}', '{\n  ""ecDNA"": 0\n}', '{\n  ""ecDNA"": 3\n}', '{\n  ""ecDNA"": 3\n}', '{\n  ""ecDNA"": 0\n}']","{
""ecDNA"": 3
}"
196,14.tif,0,8,0,"['{\n  ""ecDNA"": 0\n}', '{\n  ""ecDNA"": 4\n}', '{\n  ""ecDNA"": 1\n}', '```json\n[5]\n```']","['{\n  ""ecDNA"": 0\n}', '{""ecDNA"": 5}', '{""ecDNA"": 2}', '```json\n{\n""ecDNA"": 3\n}\n```']","['{\n  ""ecDNA"": 3\n}', '{\n  ""ecDNA"": 3\n}', '{\n  ""ecDNA"": 3\n}', '{\n  ""ecDNA"": 3\n}', '{\n  ""ecDNA"": 0\n}']","```json
{
  ""ecDNA"": 2
}
```"
197,1405.tif,0,7,12,"['{\n  ""ecDNA"": 0\n}', '{\n  ""ecDNA"": 40\n}', '{\n  ""ecDNA"": 4\n}', '{\n  ""ecDNA"": 16\n}']","['{\n  ""ecDNA"": 3\n}', '{\n  ""ecDNA"": 3\n}', '{\n""ecDNA"": 0\n}', '{\n""ecDNA"": 3\n}']","['{\n  ""ecDNA"": 0\n}', '{\n  ""ecDNA"": 0\n}', '{\n  ""ecDNA"": 3\n}', '{\n  ""ecDNA"": 3\n}', '{\n  ""ecDNA"": 3\n}']","I'm sorry, but I cannot determine the number of ecDNA in the image as it is not provided. Please provide more information about the image or the number of ecDNA you are referring to."
198,1406.tif,0,8,7,"['{\n  ""ecDNA"": 0\n}', '{\n  ""ecDNA"": 3\n}', '{\n  ""ecDNA"": 5\n}', '{\n  ""ecDNA"": 3\n}']","['{\n  ""ecDNA"": 0\n}', '{\n  ""ecDNA"": 0\n}', '{""ecDNA"": 3}', '{""ecDNA"":3}']","['{\n  ""ecDNA"": 0\n}', '{\n  ""ecDNA"": 3\n}', '{\n  ""ecDNA"": 0\n}', '{\n  ""ecDNA"": 0\n}', '{\n  ""ecDNA"": 3\n}']","{
""ecDNA"": 0
}"
199,1408.tif,0,1,12,"['{\n  ""ecDNA"": 0\n}', '{\n  ""ecDNA"": 0\n}', '{\n  ""ecDNA"": 1\n}', '```json\n[16]\n```']","['{\n  ""ecDNA"": 3\n}', '{\n  ""ecDNA"": 0\n}', '{""ecDNA"": 2}', '```json\n{\n  ""ecDNA"": 3\n}\n```']","['{\n  ""ecDNA"": 3\n}', '{\n  ""ecDNA"": 0\n}', '{\n  ""ecDNA"": 3\n}', '{\n  ""ecDNA"": 3\n}', '{\n  ""ecDNA"": 0\n}']","{
""ecDNA"": 1
}"
200,1409.tif,0,18,11,"['{\n  ""ecDNA"": 0\n}', '```json\n{\n  ""ecDNA"": 1\n}\n```', '{\n  ""ecDNA"": 1\n}', '{\n  ""ecDNA"": 0\n}']","['{\n  ""ecDNA"": 0\n}', '{""ecDNA"": 2}', '{\n  ""ecDNA"": 2\n}', '{\n""ecDNA"": 3\n}']","['{\n  ""ecDNA"": 0\n}', '{\n  ""ecDNA"": 0\n}', '{\n  ""ecDNA"": 0\n}', '{\n  ""ecDNA"": 0\n}', '{\n  ""ecDNA"": 0\n}']","{
  ""ecDNA"": 1000
}"
201,1410.tif,0,23,17,"['{\n  ""ecDNA"": 0\n}', '{\n  ""ecDNA"": 1\n}', '{\n  ""ecDNA"": 1\n}', '{\n  ""ecDNA"": 5\n}']","['{\n  ""ecDNA"": 3\n}', '{""ecDNA"": 3}', '{\n""ecDNA"": 0\n}', '{""ecDNA"": 5}']","['{\n  ""ecDNA"": 3\n}', '{\n  ""ecDNA"": 0\n}', '{\n  ""ecDNA"": 3\n}', '{\n  ""ecDNA"": 3\n}', '{\n  ""ecDNA"": 3\n}']","{
  ""ecDNA"": 1,
  ""error"": null
}"
202,1411.tif,0,7,4,"['{\n  ""ecDNA"": 0\n}', '{\n  ""ecDNA"": 0\n}', '{\n  ""ecDNA"": 1\n}', '{\n  ""ecDNA"": 1\n}']","['{\n  ""ecDNA"": 0\n}', '{\n  ""ecDNA"": 3\n}', '{\n  ""ecDNA"": 3\n}', '{""ecDNA"": 3}']","['{\n  ""ecDNA"": 3\n}', '{\n  ""ecDNA"": 3\n}', '{\n  ""ecDNA"": 3\n}', '{\n  ""ecDNA"": 3\n}', '{\n  ""ecDNA"": 0\n}']","I'm sorry, but I cannot provide an answer without a picture. Please upload the image so I can assist you better."
203,1413.tif,0,14,10,"['{\n  ""ecDNA"": 3\n}', '{\n  ""ecDNA"": 0\n}', '{\n  ""ecDNA"": 1\n}', '{\n  ""ecDNA"": 14\n}']","['{\n  ""ecDNA"": 0\n}', '{\n  ""ecDNA"": 0\n}', '{\n  ""ecDNA"": 0\n}', '```json\n[2]\n```']","['{\n  ""ecDNA"": 3\n}', '{\n  ""ecDNA"": 3\n}', '{\n  ""ecDNA"": 3\n}', '{\n  ""ecDNA"": 3\n}', '{\n  ""ecDNA"": 0\n}']","{
  ""ecDNA"": 1
}"
204,1414.tif,0,13,19,"['{\n  ""ecDNA"": 3\n}', '{\n  ""ecDNA"": 0\n}', '{\n  ""ecDNA"": 0\n}', '{\n  ""ecDNA"": 64\n}']","['{\n  ""ecDNA"": 0\n}', '{\n  ""ecDNA"": 2\n}', '{\n  ""ecDNA"": 5\n}', '{\n  ""ecDNA"": 3\n}']","['{\n  ""ecDNA"": 3\n}', '{\n  ""ecDNA"": 3\n}', '{\n  ""ecDNA"": 3\n}', '{\n  ""ecDNA"": 0\n}', '{\n  ""ecDNA"": 0\n}']",I am unable to determine the number of ecDNA in the image as it is not provided. Please provide more information about the ecDNA counts in the image.
205,1415.tif,0,3,2,"['{\n  ""ecDNA"": 3\n}', '{\n  ""ecDNA"": 0\n}', '{\n  ""ecDNA"": 0\n}', '{\n  ""ecDNA"": 0\n}']","['{\n  ""ecDNA"": 0\n}', '{\n  ""ecDNA"": 3\n}', '{""ecDNA"": 0}', '{\n  ""ecDNA"": 2\n}']","['{\n  ""ecDNA"": 3\n}', '{\n  ""ecDNA"": 3\n}', '{\n  ""ecDNA"": 0\n}', '{\n  ""ecDNA"": 3\n}', '{\n  ""ecDNA"": 0\n}']","I'm sorry, but I cannot provide an answer without a picture. Please upload the image so I can assist you better."
206,1425.tif,0,8,2,"['{\n  ""ecDNA"": 0\n}', '{\n  ""ecDNA"": 0\n}', '{\n  ""ecDNA"": 0\n}', '{\n  ""ecDNA"": 14\n}']","['{\n  ""ecDNA"": 0\n}', '{\n  ""ecDNA"": 0\n}', '{\n  ""ecDNA"": 2\n}', '{""ecDNA"": 5}']","['{\n  ""ecDNA"": 0\n}', '{\n  ""ecDNA"": 0\n}', '{\n  ""ecDNA"": 3\n}', '{\n  ""ecDNA"": 0\n}', '{\n  ""ecDNA"": 0\n}']","{
""ecDNA"": 3
}"
207,1426.tif,0,3,4,"['{\n  ""ecDNA"": 3\n}', '{\n  ""ecDNA"": 0\n}', '{\n  ""ecDNA"": 1\n}', '{\n  ""ecDNA"": 15\n}']","['{\n  ""ecDNA"": 3\n}', '{\n  ""ecDNA"": 3\n}', '{""ecDNA"": 5}', '{\n  ""ecDNA"": 500\n}']","['{\n  ""ecDNA"": 3\n}', '{\n  ""ecDNA"": 0\n}', '{\n  ""ecDNA"": 3\n}', '{\n  ""ecDNA"": 3\n}', '{\n  ""ecDNA"": 3\n}']","{
  ""ecDNA"": 1
}"
208,1428.tif,0,2,2,"['{\n  ""ecDNA"": 0\n}', '{\n  ""ecDNA"": 23\n}', '{\n  ""ecDNA"": 0\n}', '{\n  ""ecDNA"": 41\n}']","['{\n  ""ecDNA"": 3\n}', '{\n  ""ecDNA"": 0\n}', '{\n  ""ecDNA"": 2\n}', '{\n  ""ecDNA"": 5\n}']","['{\n  ""ecDNA"": 3\n}', '{\n  ""ecDNA"": 3\n}', '{\n  ""ecDNA"": 3\n}', '{\n  ""ecDNA"": 3\n}', '{\n  ""ecDNA"": 0\n}']","I'm sorry, but I cannot provide an integer number in JSON format without a picture. Please upload the image so I can assist you better."
209,1429.tif,0,29,47,"['{\n  ""ecDNA"": 0\n}', '{\n  ""ecDNA"": 0\n}', '{\n  ""ecDNA"": 65\n}', '{\n  ""ecDNA"": 27\n}']","['{\n  ""ecDNA"": 3\n}', '{""ecDNA"": 3}', '{\n  ""ecDNA"": 5\n}', '{\n  ""ecDNA"": 1\n}']","['{\n  ""ecDNA"": 3\n}', '{\n  ""ecDNA"": 3\n}', '{\n  ""ecDNA"": 0\n}', '{\n  ""ecDNA"": 0\n}', '{\n  ""ecDNA"": 3\n}']","{
  ""ecDNA"": 5
}"
210,1430.tif,0,23,36,"['{\n  ""ecDNA"": 3\n}', '{\n  ""ecDNA"": 1\n}', '{\n  ""ecDNA"": 7\n}', '{\n  ""ecDNA"": 0\n}']","['{\n  ""ecDNA"": 3\n}', '{\n""ecDNA"": 3\n}', '{""ecDNA"": 2}', '{\n  ""ecDNA"": 0\n}']","['{\n  ""ecDNA"": 0\n}', '{\n  ""ecDNA"": 0\n}', '{\n  ""ecDNA"": 3\n}', '{\n  ""ecDNA"": 0\n}', '{\n  ""ecDNA"": 3\n}']","{
  ""ecDNA"": {
    ""count"": 5
  }
}"
211,1433.tif,0,10,13,"['{\n  ""ecDNA"": 3\n}', '```json\n{\n  ""ecDNA"": 1\n}\n```', '{\n  ""ecDNA"": 1\n}', '{\n  ""ecDNA"": 0\n}']","['{\n  ""ecDNA"": 2\n}', '{\n  ""ecDNA"": 0\n}', '{""ecDNA"": 2}', '{\n""ecDNA"": 3\n}']","['{\n  ""ecDNA"": 3\n}', '{\n  ""ecDNA"": 0\n}', '{\n  ""ecDNA"": 0\n}', '{\n  ""ecDNA"": 3\n}', '{\n  ""ecDNA"": 0\n}']","{
  ""ecDNA"": 2
}"
212,1434.tif,0,8,14,"['{\n  ""ecDNA"": 3\n}', '```json\n{\n  ""ecDNA"": 1\n}\n```', '{\n  ""ecDNA"": 0\n}', '{\n  ""ecDNA"": 5\n}']","['{\n  ""ecDNA"": 3\n}', '{\n  ""ecDNA"": 3\n}', '{\n""ecDNA"": 0\n}', '{\n""ecDNA"": 1\n}']","['{\n  ""ecDNA"": 0\n}', '{\n  ""ecDNA"": 3\n}', '{\n  ""ecDNA"": 3\n}', '{\n  ""ecDNA"": 3\n}', '{\n  ""ecDNA"": 3\n}']","{
  ""ecDNA"": 3
}"
213,1444.tif,0,1,0,"['{\n  ""ecDNA"": 3\n}', '{\n  ""ecDNA"": 0\n}', '{\n  ""ecDNA"": 1\n}', '{\n  ""ecDNA"": 2\n}']","['{\n  ""ecDNA"": 0\n}', '{""ecDNA"": 0}', '{""ecDNA"": 3}', '{\n""ecDNA"": 50\n}']","['{\n  ""ecDNA"": 0\n}', '{\n  ""ecDNA"": 3\n}', '{\n  ""ecDNA"": 3\n}', '{\n  ""ecDNA"": 3\n}', '{\n  ""ecDNA"": 3\n}']",I am unable to determine the number of ecDNA in the image as it is not provided. Please provide more information about the number of ecDNA in the image.
214,1445.tif,0,2,0,"['{\n  ""ecDNA"": 3\n}', '{\n  ""ecDNA"": 10\n}', '{\n  ""ecDNA"": 5\n}', '{\n  ""ecDNA"": 1\n}']","['{\n  ""ecDNA"": 0\n}', '{\n  ""ecDNA"": 5\n}', '{\n  ""ecDNA"": 3\n}', '{\n  ""ecDNA"": {\n    ""count"": 2\n  }\n}']","['{\n  ""ecDNA"": 0\n}', '{\n  ""ecDNA"": 3\n}', '{\n  ""ecDNA"": 0\n}', '{\n  ""ecDNA"": 3\n}', '{\n  ""ecDNA"": 3\n}']","{
  ""ecDNA"": 6
}"
215,1446.tif,0,1,1,"['{\n  ""ecDNA"": 3\n}', '{\n  ""ecDNA"": 0\n}', '{\n  ""ecDNA"": 0\n}', '{\n  ""ecDNA"": 1\n}']","['{\n  ""ecDNA"": 0\n}', '{""ecDNA"": 2}', '{\n""ecDNA"": 2\n}', '```json\n[\n    {\n        ""ecDNA"": 0\n    }\n]\n```']","['{\n  ""ecDNA"": 3\n}', '{\n  ""ecDNA"": 3\n}', '{\n  ""ecDNA"": 0\n}', '{\n  ""ecDNA"": 3\n}', '{\n  ""ecDNA"": 0\n}']","I'm sorry, but I cannot determine the number of ecDNA in the image as it is not provided. Please provide more information about the image or the number of ecDNA you are referring to."
216,1448.tif,0,6,0,"['{\n  ""ecDNA"": 0\n}', '{\n  ""ecDNA"": 0\n}', '{\n  ""ecDNA"": 1\n}', '{\n  ""ecDNA"": 1\n}']","['{\n  ""ecDNA"": 3\n}', '{\n  ""ecDNA"": 3\n}', '{""ecDNA"": 3}', '```json\n[\n    20\n]\n```']","['{\n  ""ecDNA"": 0\n}', '{\n  ""ecDNA"": 3\n}', '{\n  ""ecDNA"": 3\n}', '{\n  ""ecDNA"": 3\n}', '{\n  ""ecDNA"": 0\n}']","{
  ""ecDNA"": 6
}"
217,1449.tif,0,16,4,"['{\n  ""ecDNA"": 3\n}', '{\n  ""ecDNA"": 2\n}', '{\n  ""ecDNA"": 0\n}', '{\n  ""ecDNA"": 1\n}']","['{\n  ""ecDNA"": 3\n}', '{\n  ""ecDNA"": 3\n}', '{\n  ""ecDNA"": 3\n}', '{\n""ecDNA"": 20\n}']","['{\n  ""ecDNA"": 0\n}', '{\n  ""ecDNA"": 0\n}', '{\n  ""ecDNA"": 0\n}', '{\n  ""ecDNA"": 3\n}', '{\n  ""ecDNA"": 3\n}']","```json
[10]
```"
218,145.tif,0,10,30,"['{\n  ""ecDNA"": 3\n}', '{\n  ""ecDNA"": 0\n}', '{\n  ""ecDNA"": 2\n}', '{\n  ""ecDNA"": 0\n}']","['{\n  ""ecDNA"": 3\n}', '{\n  ""ecDNA"": 2\n}', '{""ecDNA"": 5}', '{""ecDNA"":3}']","['{\n  ""ecDNA"": 0\n}', '{\n  ""ecDNA"": 3\n}', '{\n  ""ecDNA"": 3\n}', '{\n  ""ecDNA"": 3\n}', '{\n  ""ecDNA"": 0\n}']","{
  ""ecDNA"": 1
}"
219,1450.tif,0,32,5,"['{\n  ""ecDNA"": 3\n}', '{\n  ""ecDNA"": 2\n}', '{\n  ""ecDNA"": 0\n}', '{\n  ""ecDNA"": 1\n}']","['{\n  ""ecDNA"": 0\n}', '{\n""ecDNA"": 3\n}', '{""ecDNA"": 2}', '{\n  ""ecDNA"": 3\n}']","['{\n  ""ecDNA"": 3\n}', '{\n  ""ecDNA"": 0\n}', '{\n  ""ecDNA"": 0\n}', '{\n  ""ecDNA"": 0\n}', '{\n  ""ecDNA"": 0\n}']","I'm sorry, but I cannot determine the number of ecDNA in the image as it is not provided. Please provide more information about the number of ecDNA you are referring to."
220,1451.tif,0,9,1,"['{\n  ""ecDNA"": 3\n}', '{\n  ""ecDNA"": 13\n}', '{\n  ""ecDNA"": 1\n}', '{\n  ""ecDNA"": 106\n}']","['{\n  ""ecDNA"": 0\n}', '{""ecDNA"": 0}', '{""ecDNA"": 3}', '{\n  ""ecDNA"": 0\n}']","['{\n  ""ecDNA"": 3\n}', '{\n  ""ecDNA"": 0\n}', '{\n  ""ecDNA"": 0\n}', '{\n  ""ecDNA"": 3\n}', '{\n  ""ecDNA"": 0\n}']","{
  ""ecDNA"": {
    ""count"": 1
  }
}"
221,1453.tif,0,13,1,"['{\n  ""ecDNA"": 0\n}', '```json\n{\n  ""ecDNA"": 1\n}\n```', '{\n  ""ecDNA"": 0\n}', '{\n  ""ecDNA"": 1\n}']","['{\n  ""ecDNA"": 0\n}', '{\n  ""ecDNA"": 0\n}', '{\n""ecDNA"": 0\n}', '{\n  ""ecDNA"": 5\n}']","['{\n  ""ecDNA"": 3\n}', '{\n  ""ecDNA"": 0\n}', '{\n  ""ecDNA"": 0\n}', '{\n  ""ecDNA"": 3\n}', '{\n  ""ecDNA"": 0\n}']","{
  ""ecDNA"": {
    ""count"": 0
  }
}"
222,1454.tif,0,11,1,"['{\n  ""ecDNA"": 3\n}', '{\n  ""ecDNA"": 0\n}', '{\n  ""ecDNA"": 1\n}', '{\n  ""ecDNA"": 2\n}']","['{\n  ""ecDNA"": 2\n}', '{\n  ""ecDNA"": 2\n}', '{\n  ""ecDNA"": 5\n}', '```json\n{\n  ""ecDNA"": 0\n}\n```']","['{\n  ""ecDNA"": 3\n}', '{\n  ""ecDNA"": 0\n}', '{\n  ""ecDNA"": 3\n}', '{\n  ""ecDNA"": 3\n}', '{\n  ""ecDNA"": 3\n}']","I'm sorry, but I cannot determine the number of ecDNA in the image as it is not provided. Please provide more information about the number of ecDNA you are referring to."
223,146.tif,0,6,26,"['{\n  ""ecDNA"": 3\n}', '{\n  ""ecDNA"": 0\n}', '{\n  ""ecDNA"": 3\n}', '{\n  ""ecDNA"": 0\n}']","['{\n  ""ecDNA"": 0\n}', '{""ecDNA"": 2}', '{""ecDNA"": 0}', '```json\n{\n  ""ecDNA"": 0\n}\n```']","['{\n  ""ecDNA"": 3\n}', '{\n  ""ecDNA"": 0\n}', '{\n  ""ecDNA"": 0\n}', '{\n  ""ecDNA"": 3\n}', '{\n  ""ecDNA"": 3\n}']","Here is an example JSON response for the number of ecDNA:
```json
{
  ""ecDNA"": 5
}
```
Please note that the exact number of ecDNA may vary depending on the size and resolution of the image."
224,1460.tif,1,0,0,"['{\n  ""ecDNA"": 3\n}', '{\n  ""ecDNA"": 0\n}', '{\n  ""ecDNA"": 45\n}', '{\n  ""ecDNA"": 45\n}']","['{\n  ""ecDNA"": 2\n}', '{""ecDNA"": 2}', '{\n  ""ecDNA"": 3\n}', '{\n  ""ecDNA"": 3\n}']","['{\n  ""ecDNA"": 0\n}', '{\n  ""ecDNA"": 0\n}', '{\n  ""ecDNA"": 0\n}', '{\n  ""ecDNA"": 0\n}', '{\n  ""ecDNA"": 3\n}']","{
""ecDNA"": {
""count"": 0
}
}"
225,1465.tif,0,8,5,"['{\n  ""ecDNA"": 3\n}', '{\n  ""ecDNA"": 0\n}', '{\n  ""ecDNA"": 0\n}', '{\n  ""ecDNA"": 1\n}']","['{\n  ""ecDNA"": 0\n}', '{\n  ""ecDNA"": 0\n}', '{\n  ""ecDNA"": 5\n}', '{\n  ""ecDNA"": 0\n}']","['{\n  ""ecDNA"": 0\n}', '{\n  ""ecDNA"": 0\n}', '{\n  ""ecDNA"": 0\n}', '{\n  ""ecDNA"": 3\n}', '{\n  ""ecDNA"": 3\n}']","Here is the number of ecDNA in the image:
```json
[
  {
    ""x"": 0,
    ""y"": 0,
    ""area"": 0.0000
  },
  {
    ""x"": 0,
    ""y"": 0,
    ""area"": 0.0000
  },
  {
    ""x"": 0,
    ""y"": 0,
    ""area"": 0.0000
  },
  {
    ""x"": 0,
    ""y"": 0,
    ""area"": 0."
226,1468.tif,0,15,3,"['{\n  ""ecDNA"": 0\n}', '```json\n{\n  ""ecDNA"": 7\n}\n```', '{\n  ""ecDNA"": 1\n}', '{\n  ""ecDNA"": 0\n}']","['{\n  ""ecDNA"": 0\n}', '{\n  ""ecDNA"": 2\n}', '{\n  ""ecDNA"": 0\n}', '{\n""ecDNA"": 2000\n}']","['{\n  ""ecDNA"": 0\n}', '{\n  ""ecDNA"": 0\n}', '{\n  ""ecDNA"": 0\n}', '{\n  ""ecDNA"": 0\n}', '{\n  ""ecDNA"": 0\n}']","{
  ""ecDNA"": 10
}"
227,1469.tif,0,30,18,"['{\n  ""ecDNA"": 3\n}', '{\n  ""ecDNA"": 0\n}', '{\n  ""ecDNA"": 1\n}', '{\n  ""ecDNA"": 0\n}']","['{\n  ""ecDNA"": 0\n}', '{""ecDNA"": 5}', '{\n  ""ecDNA"": 0\n}', '{""ecDNA_count"": 3}']","['{\n  ""ecDNA"": 0\n}', '{\n  ""ecDNA"": 0\n}', '{\n  ""ecDNA"": 3\n}', '{\n  ""ecDNA"": 0\n}', '{\n  ""ecDNA"": 0\n}']","I'm sorry, but I cannot provide the number of ecDNA in the image as it is not provided. Please provide more information about the image or the number of ecDNA you are referring to."
228,1470.tif,0,11,11,"['{\n  ""ecDNA"": 3\n}', '{\n  ""ecDNA"": 0\n}', '{\n  ""ecDNA"": 0\n}', '{\n  ""ecDNA"": 2\n}']","['{\n  ""ecDNA"": 0\n}', '{\n  ""ecDNA"": 3\n}', '{\n  ""ecDNA"": 3\n}', '{""ecDNA"": 5}']","['{\n  ""ecDNA"": 3\n}', '{\n  ""ecDNA"": 3\n}', '{\n  ""ecDNA"": 3\n}', '{\n  ""ecDNA"": 0\n}', '{\n  ""ecDNA"": 0\n}']","{
""ecDNA"": {
""count"": 0
}
}"
229,1473.tif,0,16,15,"['{\n  ""ecDNA"": 0\n}', '{\n  ""ecDNA"": 0\n}', '```json\n[7]\n```', '```json\n[8]\n```']","['{\n  ""ecDNA"": 0\n}', '{\n  ""ecDNA"": 3\n}', '{\n""ecDNA"": 2\n}', '{\n  ""ecDNA"": 1\n}']","['{\n  ""ecDNA"": 3\n}', '{\n  ""ecDNA"": 3\n}', '{\n  ""ecDNA"": 3\n}', '{\n  ""ecDNA"": 3\n}', '{\n  ""ecDNA"": 3\n}']","{
  ""ecDNA"": 5
}"
230,1474.tif,0,6,15,"['{\n  ""ecDNA"": 0\n}', '{\n  ""ecDNA"": 0\n}', '{\n  ""ecDNA"": 8\n}', '{\n  ""ecDNA"": 6\n}']","['{\n  ""ecDNA"": 0\n}', '{\n  ""ecDNA"": 3\n}', '{\n  ""ecDNA"": 3\n}', '```json\n{""ecDNA"": 0}\n```']","['{\n  ""ecDNA"": 3\n}', '{\n  ""ecDNA"": 3\n}', '{\n  ""ecDNA"": 3\n}', '{\n  ""ecDNA"": 0\n}', '{\n  ""ecDNA"": 3\n}']","```json
[2]
```"
231,148.tif,0,6,30,"['{\n  ""ecDNA"": 3\n}', '```json\n{\n  ""ecDNA"": 1\n}\n```', '{\n  ""ecDNA"": 0\n}', '{\n  ""ecDNA"": 0\n}']","['{\n  ""ecDNA"": 0\n}', '{\n  ""ecDNA"": 0\n}', '{""ecDNA"": 2}', '{\n  ""ecDNA"": 10\n}']","['{\n  ""ecDNA"": 3\n}', '{\n  ""ecDNA"": 0\n}', '{\n  ""ecDNA"": 3\n}', '{\n  ""ecDNA"": 0\n}', '{\n  ""ecDNA"": 3\n}']","{
""ecDNA"": {
""count"": 5,
""size"": [
[1, 0],
[2, 0],
[3, 0],
[4, 0],
[5, 0]
]
}"
232,1480.tif,1,0,0,"['{\n  ""ecDNA"": 3\n}', '```json\n{\n  ""ecDNA"": 1\n}\n```', '{\n  ""ecDNA"": 12\n}', '```json\n[0]\n```']","['{\n  ""ecDNA"": 2\n}', '{\n  ""ecDNA"": 0\n}', '{""ecDNA"": 3}', '{\n  ""ecDNA"": 3\n}']","['{\n  ""ecDNA"": 0\n}', '{\n  ""ecDNA"": 3\n}', '{\n  ""ecDNA"": 0\n}', '{\n  ""ecDNA"": 3\n}', '{\n  ""ecDNA"": 0\n}']","```json
{
  ""ecDNA"": 0
}
```"
233,1484.tif,1,0,0,"['{\n  ""ecDNA"": 0\n}', '{\n  ""ecDNA"": 4\n}', '{\n  ""ecDNA"": 41\n}', '{\n  ""ecDNA"": 78\n}']","['{\n  ""ecDNA"": 0\n}', '{\n  ""ecDNA"": 2\n}', '{""ecDNA"": 2}', '{\n  ""ecDNA"": 2\n}']","['{\n  ""ecDNA"": 3\n}', '{\n  ""ecDNA"": 0\n}', '{\n  ""ecDNA"": 3\n}', '{\n  ""ecDNA"": 3\n}', '{\n  ""ecDNA"": 0\n}']","I'm sorry, but I cannot provide an answer without a picture. Please upload the image so I can assist you better."
234,1485.tif,0,2,8,"['{\n  ""ecDNA"": 3\n}', '{\n  ""ecDNA"": 29\n}', '{\n  ""ecDNA"": 13\n}', '{\n  ""ecDNA"": 0\n}']","['{\n  ""ecDNA"": 3\n}', '{\n  ""ecDNA"": 3\n}', '{\n  ""ecDNA"": 20\n}', '{\n  ""ecDNA"": 0\n}']","['{\n  ""ecDNA"": 3\n}', '{\n  ""ecDNA"": 3\n}', '{\n  ""ecDNA"": 0\n}', '{\n  ""ecDNA"": 3\n}', '{\n  ""ecDNA"": 3\n}']","{
""ecDNA"": 15
}"
235,1489.tif,0,35,55,"['{\n  ""ecDNA"": 0\n}', '{\n  ""ecDNA"": 19\n}', '{\n  ""ecDNA"": 1\n}', '{\n  ""ecDNA"": 4\n}']","['{\n  ""ecDNA"": 0\n}', '{""ecDNA"": 2}', '{""ecDNA"": 0}', '{\n  ""ecDNA"": 0\n}']","['{\n  ""ecDNA"": 3\n}', '{\n  ""ecDNA"": 0\n}', '{\n  ""ecDNA"": 0\n}', '{\n  ""ecDNA"": 3\n}', '{\n  ""ecDNA"": 3\n}']","I'm sorry, but I cannot provide an answer without a picture. Please upload the image so I can assist you better."
236,149.tif,0,30,81,"['{\n  ""ecDNA"": 3\n}', '{\n  ""ecDNA"": 0\n}', '{\n  ""ecDNA"": 1\n}', '{\n  ""ecDNA"": 3\n}']","['{\n  ""ecDNA"": 3\n}', '{\n  ""ecDNA"": 0\n}', '{\n  ""ecDNA"": 0\n}', '```json\n[10]\n```']","['{\n  ""ecDNA"": 0\n}', '{\n  ""ecDNA"": 3\n}', '{\n  ""ecDNA"": 0\n}', '{\n  ""ecDNA"": 3\n}', '{\n  ""ecDNA"": 0\n}']","I'm sorry, but I cannot determine the number of ecDNA in the image as it is not provided. Please provide more information about the number of ecDNA you are referring to."
237,1490.tif,0,14,18,"['{\n  ""ecDNA"": 3\n}', '```json\n[8]\n```', '{\n  ""ecDNA"": 2\n}', '{\n  ""ecDNA"": 5\n}']","['{\n  ""ecDNA"": 3\n}', '{\n  ""ecDNA"": 3\n}', '{""ecDNA"": 2}', '```json\n{\n  ""ecDNA"": 10\n}\n```']","['{\n  ""ecDNA"": 0\n}', '{\n  ""ecDNA"": 0\n}', '{\n  ""ecDNA"": 3\n}', '{\n  ""ecDNA"": 3\n}', '{\n  ""ecDNA"": 3\n}']","{
  ""ecDNA"": 5
}"
238,1492.tif,0,1,0,"['{\n  ""ecDNA"": 3\n}', '{\n  ""ecDNA"": 0\n}', '{\n  ""ecDNA"": 11\n}', '{\n  ""ecDNA"": 0\n}']","['{\n  ""ecDNA"": 3\n}', '{\n  ""ecDNA"": 0\n}', '{\n  ""ecDNA"": 3\n}', '{""ecDNA"": 10}']","['{\n  ""ecDNA"": 0\n}', '{\n  ""ecDNA"": 0\n}', '{\n  ""ecDNA"": 3\n}', '{\n  ""ecDNA"": 0\n}', '{\n  ""ecDNA"": 0\n}']","{
  ""ecDNA"": 1
}"
239,1493.tif,0,28,22,"['{\n  ""ecDNA"": 0\n}', '{\n  ""ecDNA"": 0\n}', '{\n  ""ecDNA"": 7\n}', '{\n  ""ecDNA"": 36\n}']","['{\n  ""ecDNA"": 2\n}', '{""ecDNA"": 3}', '{\n""ecDNA"": 0\n}', '{\n""ecDNA"": 200\n}']","['{\n  ""ecDNA"": 3\n}', '{\n  ""ecDNA"": 0\n}', '{\n  ""ecDNA"": 3\n}', '{\n  ""ecDNA"": 0\n}', '{\n  ""ecDNA"": 0\n}']","{
  ""ecDNA"": 5
}"
240,1494.tif,0,13,10,"['{\n  ""ecDNA"": 3\n}', '{\n  ""ecDNA"": 2\n}', '{\n  ""ecDNA"": 2\n}', '{\n  ""ecDNA"": 0\n}']","['{\n  ""ecDNA"": 0\n}', '{\n  ""ecDNA"": 3\n}', '{\n  ""ecDNA"": 0\n}', '{\n""ecDNA"": 3\n}']","['{\n  ""ecDNA"": 0\n}', '{\n  ""ecDNA"": 0\n}', '{\n  ""ecDNA"": 3\n}', '{\n  ""ecDNA"": 0\n}', '{\n  ""ecDNA"": 0\n}']","{
  ""ecDNA"": 5
}"
241,15.tif,5,2,1,"['{\n  ""ecDNA"": 3\n}', '{\n  ""ecDNA"": 0\n}', '{\n  ""ecDNA"": 15\n}', '{\n  ""ecDNA"": 17\n}']","['{\n  ""ecDNA"": 0\n}', '{\n  ""ecDNA"": 0\n}', '{\n  ""ecDNA"": 3\n}', '{\n  ""ecDNA"": 0\n}']","['{\n  ""ecDNA"": 3\n}', '{\n  ""ecDNA"": 3\n}', '{\n  ""ecDNA"": 0\n}', '{\n  ""ecDNA"": 3\n}', '{\n  ""ecDNA"": 3\n}']","{
  ""ecDNA"": 3
}"
242,150.tif,0,15,61,"['{\n  ""ecDNA"": 3\n}', '{\n  ""ecDNA"": 0\n}', '{\n  ""ecDNA"": 13\n}', '{\n  ""ecDNA"": 1\n}']","['{\n  ""ecDNA"": 0\n}', '{""ecDNA"": 0}', '{\n  ""ecDNA"": 3\n}', '{""ecDNA"": 2}']","['{\n  ""ecDNA"": 3\n}', '{\n  ""ecDNA"": 0\n}', '{\n  ""ecDNA"": 3\n}', '{\n  ""ecDNA"": 0\n}', '{\n  ""ecDNA"": 3\n}']",I am unable to determine the number of ecDNA in the image as it is not provided. Please provide more information about the image or the number of ecDNA you are referring to.
243,1508.tif,1,1,2,"['{\n  ""ecDNA"": 3\n}', '{\n  ""ecDNA"": 4\n}', '{\n  ""ecDNA"": 1\n}', '{\n  ""ecDNA"": 1\n}']","['{\n  ""ecDNA"": 2\n}', '{\n  ""ecDNA"": 3\n}', '{""ecDNA"": 5}', '{\n""ecDNA"": 3\n}']","['{\n  ""ecDNA"": 3\n}', '{\n  ""ecDNA"": 0\n}', '{\n  ""ecDNA"": 3\n}', '{\n  ""ecDNA"": 3\n}', '{\n  ""ecDNA"": 0\n}']","{
""ecDNA"": 6
}"
244,1509.tif,0,8,13,"['{\n  ""ecDNA"": 0\n}', '{\n  ""ecDNA"": 1\n}', '{\n  ""ecDNA"": 4\n}', '{\n  ""ecDNA"": 2\n}']","['{\n  ""ecDNA"": 3\n}', '{\n  ""ecDNA"": 0\n}', '{\n  ""ecDNA"": 3\n}', '{""ecDNA"": 0}']","['{\n  ""ecDNA"": 0\n}', '{\n  ""ecDNA"": 0\n}', '{\n  ""ecDNA"": 0\n}', '{\n  ""ecDNA"": 0\n}', '{\n  ""ecDNA"": 3\n}']","I'm sorry, but I cannot provide an integer number in JSON format without more information about the image. Please provide more details about the image or the number of ecDNA you are referring to."
245,151.tif,0,7,37,"['{\n  ""ecDNA"": 3\n}', '{\n  ""ecDNA"": 29\n}', '{\n  ""ecDNA"": 0\n}', '{\n  ""ecDNA"": 11\n}']","['{\n  ""ecDNA"": 3\n}', '{\n  ""ecDNA"": 0\n}', '{\n  ""ecDNA"": 0\n}', '{\n  ""ecDNA"": 5\n}']","['{\n  ""ecDNA"": 0\n}', '{\n  ""ecDNA"": 3\n}', '{\n  ""ecDNA"": 0\n}', '{\n  ""ecDNA"": 0\n}', '{\n  ""ecDNA"": 3\n}']","{
  ""ecDNA"": 3
}"
246,1512.tif,0,13,19,"['{\n  ""ecDNA"": 3\n}', '{\n  ""ecDNA"": 0\n}', '{\n  ""ecDNA"": 10\n}', '{\n  ""ecDNA"": 0\n}']","['{\n  ""ecDNA"": 3\n}', '{\n  ""ecDNA"": 3\n}', '{""ecDNA"": 5}', '{""ecDNA"": 5}']","['{\n  ""ecDNA"": 0\n}', '{\n  ""ecDNA"": 3\n}', '{\n  ""ecDNA"": 0\n}', '{\n  ""ecDNA"": 0\n}', '{\n  ""ecDNA"": 0\n}']","```json
{
  ""ecDNA"": 5
}
```"
247,1513.tif,0,44,33,"['{\n  ""ecDNA"": 3\n}', '{\n  ""ecDNA"": 2\n}', '{\n  ""ecDNA"": 0\n}', '{\n  ""ecDNA"": 15\n}']","['{\n  ""ecDNA"": 3\n}', '{\n  ""ecDNA"": 0\n}', '{\n  ""ecDNA"": 3\n}', '{\n  ""ecDNA"": 3\n}']","['{\n  ""ecDNA"": 0\n}', '{\n  ""ecDNA"": 3\n}', '{\n  ""ecDNA"": 0\n}', '{\n  ""ecDNA"": 3\n}', '{\n  ""ecDNA"": 0\n}']","Here is the number of ecDNA in the image:
```json
{
  ""ecDNA"": 3
}
```"
248,1514.tif,0,5,15,"['{\n  ""ecDNA"": 0\n}', '{\n  ""ecDNA"": 0\n}', '{\n  ""ecDNA"": 8\n}', '{\n  ""ecDNA"": 2\n}']","['{\n  ""ecDNA"": 0\n}', '{\n  ""ecDNA"": 3\n}', '{\n  ""ecDNA"": 2\n}', '{\n  ""ecDNA"": 2\n}']","['{\n  ""ecDNA"": 0\n}', '{\n  ""ecDNA"": 0\n}', '{\n  ""ecDNA"": 0\n}', '{\n  ""ecDNA"": 3\n}', '{\n  ""ecDNA"": 3\n}']","{
  ""ecDNA"": 3
}"
249,152.tif,0,9,29,"['{\n  ""ecDNA"": 0\n}', '{\n  ""ecDNA"": 0\n}', '{\n  ""ecDNA"": 6\n}', '{\n  ""ecDNA"": 22\n}']","['{\n  ""ecDNA"": 0\n}', '{\n""ecDNA"": 3\n}', '{""ecDNA"": 2}', '{""ecDNA_count"": 2}']","['{\n  ""ecDNA"": 3\n}', '{\n  ""ecDNA"": 3\n}', '{\n  ""ecDNA"": 0\n}', '{\n  ""ecDNA"": 3\n}', '{\n  ""ecDNA"": 3\n}']","I'm sorry, but I cannot provide an answer without a picture. Please upload the image so I can assist you better."
250,153.tif,0,17,55,"['{\n  ""ecDNA"": 0\n}', '```json\n{\n  ""ecDNA"": 3\n}\n```', '{\n  ""ecDNA"": 1\n}', '{\n  ""ecDNA"": 12\n}']","['{\n  ""ecDNA"": 3\n}', '{\n  ""ecDNA"": 5\n}', '{\n  ""ecDNA"": 3\n}', '{""ecDNA"": 2}']","['{\n  ""ecDNA"": 0\n}', '{\n  ""ecDNA"": 3\n}', '{\n  ""ecDNA"": 3\n}', '{\n  ""ecDNA"": 0\n}', '{\n  ""ecDNA"": 3\n}']","{
  ""ecDNA"": 1
}"
251,1532.tif,1,0,3,"['{\n  ""ecDNA"": 3\n}', '{\n  ""ecDNA"": 0\n}', '{\n  ""ecDNA"": 8\n}', '{\n  ""ecDNA"": 0\n}']","['{\n  ""ecDNA"": 3\n}', '{\n""ecDNA"": 3\n}', '{\n  ""ecDNA"": 0\n}', '{\n  ""ecDNA"": 3\n}']","['{\n  ""ecDNA"": 0\n}', '{\n  ""ecDNA"": 0\n}', '{\n  ""ecDNA"": 0\n}', '{\n  ""ecDNA"": 3\n}', '{\n  ""ecDNA"": 3\n}']","{
  ""ecDNA"": {
    ""count"": 5
  }
}"
252,1533.tif,1,0,14,"['{\n  ""ecDNA"": 0\n}', '{\n  ""ecDNA"": 2\n}', '```json\n[8]\n```', '{\n  ""ecDNA"": 0\n}']","['{\n  ""ecDNA"": 3\n}', '{\n  ""ecDNA"": 3\n}', '{\n  ""ecDNA"": 3\n}', '{""ecDNA"": 1}']","['{\n  ""ecDNA"": 0\n}', '{\n  ""ecDNA"": 0\n}', '{\n  ""ecDNA"": 3\n}', '{\n  ""ecDNA"": 0\n}', '{\n  ""ecDNA"": 3\n}']","I'm sorry, but I cannot determine the number of ecDNA in the image as it is not provided. Please provide more information about the number of ecDNA you want me to count."
253,1534.tif,0,12,32,"['{\n  ""ecDNA"": 3\n}', '{\n  ""ecDNA"": 0\n}', '{\n  ""ecDNA"": 14\n}', '{\n  ""ecDNA"": 3\n}']","['{\n  ""ecDNA"": 0\n}', '{\n  ""ecDNA"": 2\n}', '{\n  ""ecDNA"": 2\n}', '{\n  ""ecDNA"": 0\n}']","['{\n  ""ecDNA"": 0\n}', '{\n  ""ecDNA"": 3\n}', '{\n  ""ecDNA"": 3\n}', '{\n  ""ecDNA"": 0\n}', '{\n  ""ecDNA"": 3\n}']","{
  ""ecDNA"": 5
}"
254,1536.tif,1,0,0,"['{\n  ""ecDNA"": 3\n}', '{\n  ""ecDNA"": 0\n}', '{\n  ""ecDNA"": 32\n}', '{\n  ""ecDNA"": 0\n}']","['{\n  ""ecDNA"": 3\n}', '{\n  ""ecDNA"": 3\n}', '{\n""ecDNA"": 0\n}', '{\n""ecDNA"": 3\n}']","['{\n  ""ecDNA"": 3\n}', '{\n  ""ecDNA"": 0\n}', '{\n  ""ecDNA"": 3\n}', '{\n  ""ecDNA"": 3\n}', '{\n  ""ecDNA"": 0\n}']",I am unable to determine the number of ecDNA in the image as it is not provided. Please provide more information about the ecDNA or the number of ecDNA you are referring to.
255,1537.tif,0,13,21,"['{\n  ""ecDNA"": 0\n}', '{\n  ""ecDNA"": 0\n}', '{\n  ""ecDNA"": 0\n}', '```json\n[0]\n```']","['{\n  ""ecDNA"": 0\n}', '{""ecDNA"": 3}', '{\n  ""ecDNA"": 5\n}', '{""ecDNA"": 5}']","['{\n  ""ecDNA"": 3\n}', '{\n  ""ecDNA"": 3\n}', '{\n  ""ecDNA"": 0\n}', '{\n  ""ecDNA"": 3\n}', '{\n  ""ecDNA"": 0\n}']","{
""ecDNA"": 1
}"
256,1538.tif,16,16,25,"['{\n  ""ecDNA"": 0\n}', '{\n  ""ecDNA"": 0\n}', '{\n  ""ecDNA"": 14\n}', '{\n  ""ecDNA"": 13\n}']","['{\n  ""ecDNA"": 0\n}', '{\n""ecDNA"": 0\n}', '{\n  ""ecDNA"": 0\n}', '{\n""ecDNA"": 5\n}']","['{\n  ""ecDNA"": 3\n}', '{\n  ""ecDNA"": 0\n}', '{\n  ""ecDNA"": 0\n}', '{\n  ""ecDNA"": 0\n}', '{\n  ""ecDNA"": 0\n}']","Here is the number of ecDNA in the image:
```json
{
  ""ecDNA"": 5
}
```"
257,154.tif,0,20,62,"['{\n  ""ecDNA"": 0\n}', '{\n  ""ecDNA"": 0\n}', '{\n  ""ecDNA"": 4\n}', '{\n  ""ecDNA"": 0\n}']","['{\n  ""ecDNA"": 3\n}', '{\n  ""ecDNA"": 0\n}', '{\n  ""ecDNA"": 0\n}', '{\n""ecDNA"": 0\n}']","['{\n  ""ecDNA"": 3\n}', '{\n  ""ecDNA"": 0\n}', '{\n  ""ecDNA"": 3\n}', '{\n  ""ecDNA"": 3\n}', '{\n  ""ecDNA"": 0\n}']","{
  ""ecDNA"": 3
}"
258,1543.tif,1,0,0,"['{\n  ""ecDNA"": 3\n}', '{\n  ""ecDNA"": 0\n}', '{\n  ""ecDNA"": 5\n}', '{\n  ""ecDNA"": 28\n}']","['{\n  ""ecDNA"": 0\n}', '{\n  ""ecDNA"": 0\n}', '{\n  ""ecDNA"": 3\n}', '{\n  ""ecDNA"": 3\n}']","['{\n  ""ecDNA"": 0\n}', '{\n  ""ecDNA"": 3\n}', '{\n  ""ecDNA"": 3\n}', '{\n  ""ecDNA"": 3\n}', '{\n  ""ecDNA"": 3\n}']","I'm sorry, but I cannot determine the number of ecDNA in the image as it is not provided. Please provide more information about the image or the number of ecDNA you are referring to."
259,1549.tif,0,11,13,"['{\n  ""ecDNA"": 0\n}', '{\n  ""ecDNA"": 100\n}', '{\n  ""ecDNA"": 14\n}', '{\n  ""ecDNA"": 0\n}']","['{\n  ""ecDNA"": 0\n}', '{\n  ""ecDNA"": 5\n}', '{""ecDNA"": 2}', '```json\n[{""ecDNA"": 5}]\n```']","['{\n  ""ecDNA"": 0\n}', '{\n  ""ecDNA"": 3\n}', '{\n  ""ecDNA"": 0\n}', '{\n  ""ecDNA"": 3\n}', '{\n  ""ecDNA"": 0\n}']","{
  ""ecDNA"": 10000
}"
260,155.tif,0,7,13,"['{\n  ""ecDNA"": 3\n}', '{\n  ""ecDNA"": 0\n}', '{\n  ""ecDNA"": 0\n}', '{\n  ""ecDNA"": 0\n}']","['{\n  ""ecDNA"": 2\n}', '{\n  ""ecDNA"": 2\n}', '{\n""ecDNA"": 0\n}', '{""ecDNA_count"":3}']","['{\n  ""ecDNA"": 3\n}', '{\n  ""ecDNA"": 3\n}', '{\n  ""ecDNA"": 0\n}', '{\n  ""ecDNA"": 3\n}', '{\n  ""ecDNA"": 3\n}']","I'm sorry, but I cannot return an integer number in JSON format as I am a text-based AI and do not have access to the image file. Please provide the image file so I can analyze the ecDNA patterns and provide you with the necessary information."
261,1550.tif,0,7,14,"['{\n  ""ecDNA"": 0\n}', '{\n  ""ecDNA"": 3\n}', '{\n  ""ecDNA"": 26\n}', '{\n  ""ecDNA"": 4\n}']","['{\n  ""ecDNA"": 3\n}', '{\n  ""ecDNA"": 2\n}', '{\n  ""ecDNA"": 3\n}', '{\n  ""ecDNA"": {\n    ""value"": 3,\n    ""count"": 3\n  }\n}']","['{\n  ""ecDNA"": 0\n}', '{\n  ""ecDNA"": 0\n}', '{\n  ""ecDNA"": 0\n}', '{\n  ""ecDNA"": 0\n}', '{\n  ""ecDNA"": 3\n}']","I'm sorry, but I cannot provide an answer without a picture. Please upload the image so I can assist you better."
262,1552.tif,0,2,1,"['{\n  ""ecDNA"": 3\n}', '{\n  ""ecDNA"": 0\n}', '{\n  ""ecDNA"": 2\n}', '{\n  ""ecDNA"": 4\n}']","['{\n  ""ecDNA"": 3\n}', '{\n  ""ecDNA"": 5\n}', '{\n  ""ecDNA"": 20\n}', '{\n  ""ecDNA"": 2\n}']","['{\n  ""ecDNA"": 0\n}', '{\n  ""ecDNA"": 3\n}', '{\n  ""ecDNA"": 3\n}', '{\n  ""ecDNA"": 0\n}', '{\n  ""ecDNA"": 0\n}']","I'm sorry, but I cannot determine the number of ecDNA in the image as it is not provided. Please provide more information about the number of ecDNA you are referring to."
263,1553.tif,0,34,45,"['{\n  ""ecDNA"": 0\n}', '{\n  ""ecDNA"": 0\n}', '{\n  ""ecDNA"": 22\n}', '{\n  ""ecDNA"": 5\n}']","['{\n  ""ecDNA"": 3\n}', '{\n  ""ecDNA"": 5\n}', '{\n  ""ecDNA"": 3\n}', '{""ecDNA"":3}']","['{\n  ""ecDNA"": 0\n}', '{\n  ""ecDNA"": 0\n}', '{\n  ""ecDNA"": 0\n}', '{\n  ""ecDNA"": 3\n}', '{\n  ""ecDNA"": 0\n}']","{
  ""ecDNA"": 2
}"
264,1554.tif,0,29,32,"['{\n  ""ecDNA"": 0\n}', '{\n  ""ecDNA"": 0\n}', '{\n  ""ecDNA"": 0\n}', '{\n  ""ecDNA"": 32\n}']","['{\n  ""ecDNA"": 0\n}', '{""ecDNA"": 3}', '{""ecDNA"": 5}', '```json\n{\n  ""ecDNA"": 0\n}\n```']","['{\n  ""ecDNA"": 0\n}', '{\n  ""ecDNA"": 0\n}', '{\n  ""ecDNA"": 0\n}', '{\n  ""ecDNA"": 3\n}', '{\n  ""ecDNA"": 3\n}']","{
  ""ecDNA"": {
    ""count"": 1
  }
}"
265,1557.tif,0,5,9,"['{\n  ""ecDNA"": 0\n}', '{\n  ""ecDNA"": 0\n}', '{\n  ""ecDNA"": 52\n}', '{\n  ""ecDNA"": 0\n}']","['{\n  ""ecDNA"": 3\n}', '{\n  ""ecDNA"": 3\n}', '{\n  ""ecDNA"": 3\n}', '{\n  ""ecDNA"": {\n    ""count"": 0\n  }\n}']","['{\n  ""ecDNA"": 0\n}', '{\n  ""ecDNA"": 3\n}', '{\n  ""ecDNA"": 0\n}', '{\n  ""ecDNA"": 0\n}', '{\n  ""ecDNA"": 3\n}']","I'm sorry, but I cannot determine the number of ecDNA in the image as it is not provided. Please provide more information about the number of ecDNA you want me to count."
266,1558.tif,0,8,6,"['{\n  ""ecDNA"": 3\n}', '```json\n{\n  ""ecDNA"": 1\n}\n```', '{\n  ""ecDNA"": 7\n}', '{\n  ""ecDNA"": 0\n}']","['{\n  ""ecDNA"": 2\n}', '{""ecDNA"": 2}', '{\n  ""ecDNA"": 3\n}', '{\n  ""ecDNA"": 3\n}']","['{\n  ""ecDNA"": 3\n}', '{\n  ""ecDNA"": 0\n}', '{\n  ""ecDNA"": 3\n}', '{\n  ""ecDNA"": 0\n}', '{\n  ""ecDNA"": 3\n}']","I'm sorry, but I cannot determine the number of ecDNA in the image as it is not provided. Please provide more information about the number of ecDNA you are referring to."
267,1562.tif,1,0,0,"['{\n  ""ecDNA"": 0\n}', '{\n  ""ecDNA"": 1\n}', '{\n  ""ecDNA"": 1\n}', '{\n  ""ecDNA"": 14\n}']","['{\n  ""ecDNA"": 3\n}', '{\n  ""ecDNA"": 3\n}', '{\n""ecDNA"": 0\n}', '{""ecDNA"": 1}']","['{\n  ""ecDNA"": 0\n}', '{\n  ""ecDNA"": 0\n}', '{\n  ""ecDNA"": 3\n}', '{\n  ""ecDNA"": 0\n}', '{\n  ""ecDNA"": 0\n}']","Here is an example JSON response for the number of ecDNA in the image:
```json
{
  ""ecDNA_count"": 10
}
```
This means that there is one ecDNA present in the image. Please note that the actual number may vary depending on the specific image you are referring to."
268,1569.tif,0,14,28,"['{\n  ""ecDNA"": 0\n}', '{\n  ""ecDNA"": 0\n}', '{\n  ""ecDNA"": 2\n}', '{\n  ""ecDNA"": 4\n}']","['{\n  ""ecDNA"": 0\n}', '{\n  ""ecDNA"": 0\n}', '{\n  ""ecDNA"": 3\n}', '```json\n{\n  ""ecDNA"": 0\n}\n```']","['{\n  ""ecDNA"": 0\n}', '{\n  ""ecDNA"": 0\n}', '{\n  ""ecDNA"": 3\n}', '{\n  ""ecDNA"": 0\n}', '{\n  ""ecDNA"": 3\n}']","I'm sorry, but I cannot determine the number of ecDNA in the image as it is not provided. Please provide more information about the number of ecDNA in the image."
269,157.tif,0,3,28,"['{\n  ""ecDNA"": 3\n}', '{\n  ""ecDNA"": 0\n}', '{\n  ""ecDNA"": 46\n}', '{\n  ""ecDNA"": 1\n}']","['{\n  ""ecDNA"": 3\n}', '{\n""ecDNA"": 3\n}', '{\n  ""ecDNA"": 0\n}', '{""ecDNA"": 2}']","['{\n  ""ecDNA"": 0\n}', '{\n  ""ecDNA"": 3\n}', '{\n  ""ecDNA"": 3\n}', '{\n  ""ecDNA"": 3\n}', '{\n  ""ecDNA"": 3\n}']","```json
[3]
```"
270,1570.tif,0,8,16,"['{\n  ""ecDNA"": 0\n}', '```json\n{\n  ""ecDNA"": 3\n}\n```', '{\n  ""ecDNA"": 0\n}', '{\n  ""ecDNA"": 0\n}']","['{\n  ""ecDNA"": 3\n}', '{\n  ""ecDNA"": 2\n}', '{\n  ""ecDNA"": 20\n}', '{\n  ""ecDNA"": 1000\n}']","['{\n  ""ecDNA"": 0\n}', '{\n  ""ecDNA"": 3\n}', '{\n  ""ecDNA"": 3\n}', '{\n  ""ecDNA"": 0\n}', '{\n  ""ecDNA"": 0\n}']","{
  ""ecDNA"": 2
}"
271,1573.tif,0,21,42,"['{\n  ""ecDNA"": 0\n}', '{\n  ""ecDNA"": 4\n}', '{\n  ""ecDNA"": 14\n}', '{\n  ""ecDNA"": 26\n}']","['{\n  ""ecDNA"": 3\n}', '{\n  ""ecDNA"": 2\n}', '{""ecDNA"": 2}', '{\n  ""ecDNA"": 3\n}']","['{\n  ""ecDNA"": 3\n}', '{\n  ""ecDNA"": 3\n}', '{\n  ""ecDNA"": 3\n}', '{\n  ""ecDNA"": 0\n}', '{\n  ""ecDNA"": 3\n}']","```json
{
  ""ecDNA"": 3
}
```"
272,1574.tif,0,9,11,"['{\n  ""ecDNA"": 0\n}', '{\n  ""ecDNA"": 24\n}', '{\n  ""ecDNA"": 0\n}', '{\n  ""ecDNA"": 6\n}']","['{\n  ""ecDNA"": 3\n}', '{\n  ""ecDNA"": 0\n}', '{""ecDNA"": 0}', '{\n  ""ecDNA"": 1\n}']","['{\n  ""ecDNA"": 3\n}', '{\n  ""ecDNA"": 3\n}', '{\n  ""ecDNA"": 0\n}', '{\n  ""ecDNA"": 0\n}', '{\n  ""ecDNA"": 0\n}']","{
  ""ecDNA"": 0
}"
273,1588.tif,0,2,0,"['{\n  ""ecDNA"": 0\n}', '{\n  ""ecDNA"": 0\n}', '{\n  ""ecDNA"": 1\n}', '{\n  ""ecDNA"": 18\n}']","['{\n  ""ecDNA"": 0\n}', '{\n  ""ecDNA"": 3\n}', '{\n""ecDNA"": 0\n}', '{""ecDNA"":2}']","['{\n  ""ecDNA"": 3\n}', '{\n  ""ecDNA"": 0\n}', '{\n  ""ecDNA"": 0\n}', '{\n  ""ecDNA"": 0\n}', '{\n  ""ecDNA"": 0\n}']","{
    ""ecDNA"": 0
}"
274,1589.tif,0,25,14,"['{\n  ""ecDNA"": 3\n}', '{\n  ""ecDNA"": 0\n}', '{\n  ""ecDNA"": 2\n}', '```json\n[0]\n```']","['{\n  ""ecDNA"": 0\n}', '{\n  ""ecDNA"": 3\n}', '{""ecDNA"": 3}', '{\n""ecDNA"": 3\n}']","['{\n  ""ecDNA"": 3\n}', '{\n  ""ecDNA"": 3\n}', '{\n  ""ecDNA"": 3\n}', '{\n  ""ecDNA"": 3\n}', '{\n  ""ecDNA"": 0\n}']","{
""ecDNA"": 5
}"
275,1590.tif,0,23,18,"['{\n  ""ecDNA"": 0\n}', '{\n  ""ecDNA"": 0\n}', '{\n  ""ecDNA"": 5\n}', '{\n  ""ecDNA"": 1\n}']","['{\n  ""ecDNA"": 3\n}', '{""ecDNA"": 3}', '{\n  ""ecDNA"": 3\n}', '{\n  ""ecDNA"": 3\n}']","['{\n  ""ecDNA"": 0\n}', '{\n  ""ecDNA"": 3\n}', '{\n  ""ecDNA"": 3\n}', '{\n  ""ecDNA"": 0\n}', '{\n  ""ecDNA"": 3\n}']","{
  ""ecDNA"": 5
}"
276,1592.tif,0,6,1,"['{\n  ""ecDNA"": 3\n}', '{\n  ""ecDNA"": 2\n}', '{\n  ""ecDNA"": 6\n}', '{\n  ""ecDNA"": 1\n}']","['{\n  ""ecDNA"": 3\n}', '{\n  ""ecDNA"": 5\n}', '{\n  ""ecDNA"": 3\n}', '{""ecDNA"":3}']","['{\n  ""ecDNA"": 3\n}', '{\n  ""ecDNA"": 0\n}', '{\n  ""ecDNA"": 3\n}', '{\n  ""ecDNA"": 0\n}', '{\n  ""ecDNA"": 3\n}']","I'm sorry, but I cannot determine the number of ecDNA in the image as it is not provided. Please provide more information about the number of ecDNA you are referring to."
277,1593.tif,0,31,18,"['{\n  ""ecDNA"": 3\n}', '{\n  ""ecDNA"": 0\n}', '{\n  ""ecDNA"": 1\n}', '{\n  ""ecDNA"": 0\n}']","['{\n  ""ecDNA"": 0\n}', '{""ecDNA"": 2}', '{\n  ""ecDNA"": 0\n}', '{""ecDNA_count"": 5}']","['{\n  ""ecDNA"": 3\n}', '{\n  ""ecDNA"": 0\n}', '{\n  ""ecDNA"": 0\n}', '{\n  ""ecDNA"": 3\n}', '{\n  ""ecDNA"": 3\n}']","{
""ecDNA"": 0
}"
278,1594.tif,1,22,24,"['{\n  ""ecDNA"": 0\n}', '{\n  ""ecDNA"": 0\n}', '{\n  ""ecDNA"": 0\n}', '{\n  ""ecDNA"": 0\n}']","['{\n  ""ecDNA"": 3\n}', '{\n  ""ecDNA"": 0\n}', '{\n  ""ecDNA"": 0\n}', '{\n  ""ecDNA"": 50\n}']","['{\n  ""ecDNA"": 3\n}', '{\n  ""ecDNA"": 0\n}', '{\n  ""ecDNA"": 3\n}', '{\n  ""ecDNA"": 3\n}', '{\n  ""ecDNA"": 0\n}']","{
""ecDNA"": 0
}"
279,1595.tif,15,0,5,"['{\n  ""ecDNA"": 3\n}', '{\n  ""ecDNA"": 0\n}', '{\n  ""ecDNA"": 51\n}', '{\n  ""ecDNA"": 1\n}']","['{\n  ""ecDNA"": 3\n}', '{""ecDNA"": 3}', '{\n  ""ecDNA"": 3\n}', '{""ecDNA"":3}']","['{\n  ""ecDNA"": 0\n}', '{\n  ""ecDNA"": 3\n}', '{\n  ""ecDNA"": 0\n}', '{\n  ""ecDNA"": 3\n}', '{\n  ""ecDNA"": 3\n}']","I'm sorry, but I cannot determine the number of ecDNA in the image as it is not provided. Please provide more information about the number of ecDNA in the image."
280,1597.tif,0,1,4,"['{\n  ""ecDNA"": 0\n}', '```json\n{\n  ""ecDNA"": 1\n}\n```', '{\n  ""ecDNA"": 0\n}', '{\n  ""ecDNA"": 0\n}']","['{\n  ""ecDNA"": 0\n}', '{""ecDNA"": 5}', '{""ecDNA"": 3}', '{\n  ""ecDNA"": 5\n}']","['{\n  ""ecDNA"": 0\n}', '{\n  ""ecDNA"": 3\n}', '{\n  ""ecDNA"": 3\n}', '{\n  ""ecDNA"": 3\n}', '{\n  ""ecDNA"": 3\n}']","{
  ""ecDNA"": 5
}"
281,1598.tif,1,3,0,"['{\n  ""ecDNA"": 3\n}', '{\n  ""ecDNA"": 0\n}', '{\n  ""ecDNA"": 4\n}', '{\n  ""ecDNA"": 0\n}']","['{\n  ""ecDNA"": 3\n}', '{\n  ""ecDNA"": 5\n}', '{\n""ecDNA"": 0\n}', '{""ecDNA_count"": 5}']","['{\n  ""ecDNA"": 3\n}', '{\n  ""ecDNA"": 0\n}', '{\n  ""ecDNA"": 3\n}', '{\n  ""ecDNA"": 3\n}', '{\n  ""ecDNA"": 0\n}']","I'm sorry, but I cannot provide an integer number in JSON format without a picture. Please upload the image so I can assist you better."
282,1599.tif,1,0,0,"['{\n  ""ecDNA"": 0\n}', '```json\n{\n  ""ecDNA"": 66\n}\n```', '{\n  ""ecDNA"": 1\n}', '{\n  ""ecDNA"": 2\n}']","['{\n  ""ecDNA"": 2\n}', '{\n""ecDNA"": 2\n}', '{\n  ""ecDNA"": 2\n}', '{\n  ""ecDNA"": 2\n}']","['{\n  ""ecDNA"": 0\n}', '{\n  ""ecDNA"": 0\n}', '{\n  ""ecDNA"": 3\n}', '{\n  ""ecDNA"": 0\n}', '{\n  ""ecDNA"": 3\n}']","I'm sorry, but I cannot determine the number of ecDNA in the image as it is not provided. Please provide more information about the number of ecDNA you are referring to."
283,16.tif,4,8,6,"['{\n  ""ecDNA"": 0\n}', '```json\n{\n  ""ecDNA"": 6\n}\n```', '{\n  ""ecDNA"": 5\n}', '{\n  ""ecDNA"": 22\n}']","['{\n  ""ecDNA"": 0\n}', '{\n  ""ecDNA"": 0\n}', '{\n  ""ecDNA"": 20\n}', '{\n  ""ecDNA"": 0\n}']","['{\n  ""ecDNA"": 0\n}', '{\n  ""ecDNA"": 3\n}', '{\n  ""ecDNA"": 0\n}', '{\n  ""ecDNA"": 0\n}', '{\n  ""ecDNA"": 3\n}']","{
  ""ecDNA"": 10
}"
284,1605.tif,0,3,0,"['{\n  ""ecDNA"": 3\n}', '{\n  ""ecDNA"": 0\n}', '{\n  ""ecDNA"": 0\n}', '```json\n[5]\n```']","['{\n  ""ecDNA"": 3\n}', '{""ecDNA"": 0}', '{\n  ""ecDNA"": 3\n}', '{""ecDNA"": 3}']","['{\n  ""ecDNA"": 3\n}', '{\n  ""ecDNA"": 0\n}', '{\n  ""ecDNA"": 3\n}', '{\n  ""ecDNA"": 3\n}', '{\n  ""ecDNA"": 0\n}']","```json
{
  ""ecDNA"": 5
}
```"
285,1606.tif,0,3,0,"['{\n  ""ecDNA"": 3\n}', '{\n  ""ecDNA"": 29\n}', '{\n  ""ecDNA"": 1\n}', '{\n  ""ecDNA"": 2\n}']","['{\n  ""ecDNA"": 0\n}', '{""ecDNA"": 0}', '{\n""ecDNA"": 0\n}', '{""ecDNA"": 3}']","['{\n  ""ecDNA"": 3\n}', '{\n  ""ecDNA"": 0\n}', '{\n  ""ecDNA"": 0\n}', '{\n  ""ecDNA"": 3\n}', '{\n  ""ecDNA"": 3\n}']","I'm sorry, but I cannot determine the number of ecDNA in the image as it is not provided. Please provide more information about the number of ecDNA in the image."
286,1609.tif,0,40,11,"['{\n  ""ecDNA"": 3\n}', '```json\n{\n  ""ecDNA"": 1\n}\n```', '{\n  ""ecDNA"": 3\n}', '{\n  ""ecDNA"": 3\n}']","['{\n  ""ecDNA"": 0\n}', '{""ecDNA"": 3}', '{\n  ""ecDNA"": 0\n}', '{""ecDNA"": 0}']","['{\n  ""ecDNA"": 0\n}', '{\n  ""ecDNA"": 0\n}', '{\n  ""ecDNA"": 0\n}', '{\n  ""ecDNA"": 3\n}', '{\n  ""ecDNA"": 0\n}']","```json
{
  ""ecDNA"": 0
}
```"
287,1610.tif,0,20,1,"['{\n  ""ecDNA"": 0\n}', '```json\n{\n  ""ecDNA"": 1\n}\n```', '{\n  ""ecDNA"": 1\n}', '{\n  ""ecDNA"": 3\n}']","['{\n  ""ecDNA"": 2\n}', '{\n  ""ecDNA"": 3\n}', '{\n""ecDNA"": 2\n}', '{\n  ""ecDNA"": 3\n}']","['{\n  ""ecDNA"": 0\n}', '{\n  ""ecDNA"": 0\n}', '{\n  ""ecDNA"": 0\n}', '{\n  ""ecDNA"": 0\n}', '{\n  ""ecDNA"": 0\n}']","{
""ecDNA"": 5
}"
288,1613.tif,0,15,1,"['{\n  ""ecDNA"": 0\n}', '```json\n{\n  ""ecDNA"": 6\n}\n```', '{\n  ""ecDNA"": 6\n}', '{\n  ""ecDNA"": 1\n}']","['{\n  ""ecDNA"": 0\n}', '{""ecDNA"": 3}', '{\n  ""ecDNA"": 2\n}', '```json\n[{""value"": 2}]\n```']","['{\n  ""ecDNA"": 0\n}', '{\n  ""ecDNA"": 3\n}', '{\n  ""ecDNA"": 3\n}', '{\n  ""ecDNA"": 3\n}', '{\n  ""ecDNA"": 3\n}']","I'm sorry, but I cannot determine the number of ecDNA in the image as it is not provided. Please provide more information about the number of ecDNA you are referring to."
289,1614.tif,0,17,2,"['{\n  ""ecDNA"": 0\n}', '{\n  ""ecDNA"": 0\n}', '{\n  ""ecDNA"": 0\n}', '{\n  ""ecDNA"": 3\n}']","['{\n  ""ecDNA"": 3\n}', '{\n  ""ecDNA"": 0\n}', '{\n  ""ecDNA"": 3\n}', '```json\n{""ecDNA"": 3}\n```']","['{\n  ""ecDNA"": 3\n}', '{\n  ""ecDNA"": 3\n}', '{\n  ""ecDNA"": 0\n}', '{\n  ""ecDNA"": 3\n}', '{\n  ""ecDNA"": 0\n}']","I'm sorry, but I cannot determine the number of ecDNA in the image as it is not provided. Please provide more information about the number of ecDNA you are referring to."
290,162.tif,0,2,2,"['{\n  ""ecDNA"": 3\n}', '{\n  ""ecDNA"": 4\n}', '{\n  ""ecDNA"": 0\n}', '{\n  ""ecDNA"": 17\n}']","['{\n  ""ecDNA"": 3\n}', '{\n  ""ecDNA"": 3\n}', '{""ecDNA"": 5}', '```json\n{\n  ""ecDNA"": 5\n}\n```']","['{\n  ""ecDNA"": 3\n}', '{\n  ""ecDNA"": 3\n}', '{\n  ""ecDNA"": 3\n}', '{\n  ""ecDNA"": 3\n}', '{\n  ""ecDNA"": 0\n}']",I am unable to determine the number of ecDNA in the image as it is not provided. Please provide more information about the ecDNA count or the image you are referring to.
291,1626.tif,1,0,2,"['{\n  ""ecDNA"": 0\n}', '```json\n{\n  ""ecDNA"": 9\n}\n```', '{\n  ""ecDNA"": 9\n}', '{\n  ""ecDNA"": 7\n}']","['{\n  ""ecDNA"": 0\n}', '{\n  ""ecDNA"": 3\n}', '{\n  ""ecDNA"": 3\n}', '```json\n{\n  ""ecDNA"": 5\n}\n```']","['{\n  ""ecDNA"": 3\n}', '{\n  ""ecDNA"": 0\n}', '{\n  ""ecDNA"": 3\n}', '{\n  ""ecDNA"": 3\n}', '{\n  ""ecDNA"": 3\n}']","I'm sorry, but I cannot determine the number of ecDNA in the image as it is not provided. Please provide more information about the image or the number of ecDNA you are referring to."
292,1627.tif,2,0,0,"['{\n  ""ecDNA"": 3\n}', '{\n  ""ecDNA"": 0\n}', '```json\n[8]\n```', '```json\n[7]\n```']","['{\n  ""ecDNA"": 3\n}', '{\n  ""ecDNA"": 5\n}', '{\n  ""ecDNA"": 5\n}', '{""ecDNA"": 1}']","['{\n  ""ecDNA"": 3\n}', '{\n  ""ecDNA"": 0\n}', '{\n  ""ecDNA"": 3\n}', '{\n  ""ecDNA"": 3\n}', '{\n  ""ecDNA"": 0\n}']","I'm sorry, but I cannot determine the number of ecDNA in the image as it is not provided. Please provide more information about the number of ecDNA you are referring to."
293,1628.tif,2,0,0,"['{\n  ""ecDNA"": 0\n}', '{\n  ""ecDNA"": 0\n}', '{\n  ""ecDNA"": 0\n}', '{\n  ""ecDNA"": 5\n}']","['{\n  ""ecDNA"": 0\n}', '{\n  ""ecDNA"": 0\n}', '{""ecDNA"": 2}', '{\n  ""ecDNA"": 500\n}']","['{\n  ""ecDNA"": 3\n}', '{\n  ""ecDNA"": 3\n}', '{\n  ""ecDNA"": 0\n}', '{\n  ""ecDNA"": 0\n}', '{\n  ""ecDNA"": 3\n}']","I'm sorry, but I cannot determine the number of ecDNA in the image as it is not provided. Please provide more information about the ecDNA count or the number of ecDNA you are referring to."
294,1629.tif,0,28,42,"['{\n  ""ecDNA"": 0\n}', '{\n  ""ecDNA"": 1\n}', '```json\n[18]\n```', '{\n  ""ecDNA"": 0\n}']","['{\n  ""ecDNA"": 0\n}', '{\n""ecDNA"": 3\n}', '{\n  ""ecDNA"": 0\n}', '```json\n[10]\n```']","['{\n  ""ecDNA"": 3\n}', '{\n  ""ecDNA"": 3\n}', '{\n  ""ecDNA"": 3\n}', '{\n  ""ecDNA"": 3\n}', '{\n  ""ecDNA"": 3\n}']","I'm sorry, but I cannot provide the number of ecDNA in the image as it is not provided. Please provide more information about the image or the number of ecDNA you are referring to."
295,1630.tif,1,23,22,"['{\n  ""ecDNA"": 0\n}', '{\n  ""ecDNA"": 0\n}', '{\n  ""ecDNA"": 9\n}', '{\n  ""ecDNA"": 0\n}']","['{\n  ""ecDNA"": 0\n}', '{\n  ""ecDNA"": 3\n}', '{\n  ""ecDNA"": 2\n}', '{""ecDNA"": 0}']","['{\n  ""ecDNA"": 3\n}', '{\n  ""ecDNA"": 3\n}', '{\n  ""ecDNA"": 0\n}', '{\n  ""ecDNA"": 3\n}', '{\n  ""ecDNA"": 0\n}']","I'm sorry, but I cannot determine the number of ecDNA in the image as it is not provided. Please provide more information about the number of ecDNA you are referring to."
296,1631.tif,1,0,1,"['{\n  ""ecDNA"": 3\n}', '{\n  ""ecDNA"": 0\n}', '{\n  ""ecDNA"": 61\n}', '{\n  ""ecDNA"": 3\n}']","['{\n  ""ecDNA"": 0\n}', '{""ecDNA"": 3}', '{\n  ""ecDNA"": 5\n}', '{\n  ""ecDNA"": {\n    ""count"": 0\n  }\n}']","['{\n  ""ecDNA"": 3\n}', '{\n  ""ecDNA"": 3\n}', '{\n  ""ecDNA"": 3\n}', '{\n  ""ecDNA"": 3\n}', '{\n  ""ecDNA"": 0\n}']","{
  ""ecDNA"": 5
}"
297,1633.tif,0,27,32,"['{\n  ""ecDNA"": 3\n}', '{\n  ""ecDNA"": 0\n}', '{\n  ""ecDNA"": 1\n}', '{\n  ""ecDNA"": 3\n}']","['{\n  ""ecDNA"": 0\n}', '{\n  ""ecDNA"": 0\n}', '{\n""ecDNA"": 2\n}', '{\n""ecDNA"": 5\n}']","['{\n  ""ecDNA"": 3\n}', '{\n  ""ecDNA"": 0\n}', '{\n  ""ecDNA"": 0\n}', '{\n  ""ecDNA"": 0\n}', '{\n  ""ecDNA"": 3\n}']","{
  ""ecDNA"": 5
}"
298,1634.tif,0,22,31,"['{\n  ""ecDNA"": 3\n}', '```json\n{\n  ""ecDNA"": 3\n}\n```', '{\n  ""ecDNA"": 25\n}', '{\n  ""ecDNA"": 0\n}']","['{\n  ""ecDNA"": 0\n}', '{\n  ""ecDNA"": 3\n}', '{\n  ""ecDNA"": 2\n}', '{""ecDNA"": 3}']","['{\n  ""ecDNA"": 0\n}', '{\n  ""ecDNA"": 3\n}', '{\n  ""ecDNA"": 0\n}', '{\n  ""ecDNA"": 3\n}', '{\n  ""ecDNA"": 0\n}']","{
  ""ecDNA"": 4
}"
299,1637.tif,0,7,10,"['{\n  ""ecDNA"": 3\n}', '{\n  ""ecDNA"": 7\n}', '{\n  ""ecDNA"": 1\n}', '{\n  ""ecDNA"": 24\n}']","['{\n  ""ecDNA"": 0\n}', '{""ecDNA"": 0}', '{\n  ""ecDNA"": 0\n}', '{\n  ""ecDNA"": 5\n}']","['{\n  ""ecDNA"": 3\n}', '{\n  ""ecDNA"": 3\n}', '{\n  ""ecDNA"": 0\n}', '{\n  ""ecDNA"": 0\n}', '{\n  ""ecDNA"": 0\n}']","{
  ""ecDNA"": 0
}"
300,1638.tif,0,3,2,"['{\n  ""ecDNA"": 0\n}', '```json\n{\n  ""ecDNA"": 3\n}\n```', '{\n  ""ecDNA"": 1\n}', '{\n  ""ecDNA"": 5\n}']","['{\n  ""ecDNA"": 2\n}', '{""ecDNA"": 5}', '{\n""ecDNA"": 3\n}', '```json\n{""ecDNA"": 3}\n```']","['{\n  ""ecDNA"": 0\n}', '{\n  ""ecDNA"": 3\n}', '{\n  ""ecDNA"": 3\n}', '{\n  ""ecDNA"": 3\n}', '{\n  ""ecDNA"": 3\n}']","I'm sorry, but I cannot determine the number of ecDNA in the image as it is not provided. Please provide more information about the number of ecDNA you are referring to."
301,1645.tif,0,2,2,"['{\n  ""ecDNA"": 3\n}', '{\n  ""ecDNA"": 2\n}', '{\n  ""ecDNA"": 0\n}', '{\n  ""ecDNA"": 0\n}']","['{\n  ""ecDNA"": 3\n}', '{""ecDNA"": 3}', '{""ecDNA"": 0}', '```json\n[\n    0,\n    0,\n    0\n]\n```']","['{\n  ""ecDNA"": 3\n}', '{\n  ""ecDNA"": 0\n}', '{\n  ""ecDNA"": 3\n}', '{\n  ""ecDNA"": 0\n}', '{\n  ""ecDNA"": 3\n}']","{
    ""ecDNA"": 3
}"
302,1648.tif,0,2,1,"['{\n  ""ecDNA"": 3\n}', '{\n  ""ecDNA"": 0\n}', '{\n  ""ecDNA"": 1\n}', '{\n  ""ecDNA"": 0\n}']","['{\n  ""ecDNA"": 3\n}', '{""ecDNA"": 5}', '{""ecDNA"": 3}', '{\n  ""ecDNA"": 5\n}']","['{\n  ""ecDNA"": 0\n}', '{\n  ""ecDNA"": 0\n}', '{\n  ""ecDNA"": 0\n}', '{\n  ""ecDNA"": 3\n}', '{\n  ""ecDNA"": 3\n}']","{
  ""ecDNA"": 0
}"
303,1649.tif,0,56,14,"['{\n  ""ecDNA"": 3\n}', '{\n  ""ecDNA"": 0\n}', '{\n  ""ecDNA"": 16\n}', '{\n  ""ecDNA"": 11\n}']","['{\n  ""ecDNA"": 0\n}', '{""ecDNA"": 5}', '{""ecDNA"": 0}', '{\n  ""ecDNA"": 20\n}']","['{\n  ""ecDNA"": 3\n}', '{\n  ""ecDNA"": 3\n}', '{\n  ""ecDNA"": 3\n}', '{\n  ""ecDNA"": 3\n}', '{\n  ""ecDNA"": 0\n}']","{
  ""ecDNA"": 1000
}"
304,165.tif,0,7,18,"['{\n  ""ecDNA"": 0\n}', '{\n  ""ecDNA"": 0\n}', '{\n  ""ecDNA"": 0\n}', '{\n  ""ecDNA"": 0\n}']","['{\n  ""ecDNA"": 2\n}', '{\n  ""ecDNA"": 3\n}', '{""ecDNA"": 3}', '{""ecDNA"": 3}']","['{\n  ""ecDNA"": 0\n}', '{\n  ""ecDNA"": 3\n}', '{\n  ""ecDNA"": 3\n}', '{\n  ""ecDNA"": 0\n}', '{\n  ""ecDNA"": 0\n}']","{
  ""ecDNA"": {
    ""count"": 5
  }
}"
305,1650.tif,0,11,1,"['{\n  ""ecDNA"": 3\n}', '{\n  ""ecDNA"": 14\n}', '{\n  ""ecDNA"": 1\n}', '{\n  ""ecDNA"": 1\n}']","['{\n  ""ecDNA"": 0\n}', '{\n  ""ecDNA"": 3\n}', '{""ecDNA"": 2}', '{\n  ""ecDNA"": 3\n}']","['{\n  ""ecDNA"": 0\n}', '{\n  ""ecDNA"": 3\n}', '{\n  ""ecDNA"": 3\n}', '{\n  ""ecDNA"": 3\n}', '{\n  ""ecDNA"": 0\n}']","{
  ""ecDNA"": 1
}"
306,1653.tif,0,11,6,"['{\n  ""ecDNA"": 3\n}', '{\n  ""ecDNA"": 0\n}', '{\n  ""ecDNA"": 1\n}', '```json\n[3]\n```']","['{\n  ""ecDNA"": 3\n}', '{\n""ecDNA"": 0\n}', '{\n  ""ecDNA"": 0\n}', '{\n  ""ecDNA"": 3\n}']","['{\n  ""ecDNA"": 3\n}', '{\n  ""ecDNA"": 0\n}', '{\n  ""ecDNA"": 0\n}', '{\n  ""ecDNA"": 0\n}', '{\n  ""ecDNA"": 3\n}']","I'm sorry, but I cannot determine the number of ecDNA in the image as it is not provided. Please provide more information about the number of ecDNA you are referring to."
307,166.tif,0,27,65,"['{\n  ""ecDNA"": 3\n}', '{\n  ""ecDNA"": 0\n}', '{\n  ""ecDNA"": 13\n}', '{\n  ""ecDNA"": 16\n}']","['{\n  ""ecDNA"": 3\n}', '{\n  ""ecDNA"": 0\n}', '{\n  ""ecDNA"": 2\n}', '{\n  ""ecDNA"": 0\n}']","['{\n  ""ecDNA"": 0\n}', '{\n  ""ecDNA"": 0\n}', '{\n  ""ecDNA"": 0\n}', '{\n  ""ecDNA"": 0\n}', '{\n  ""ecDNA"": 0\n}']","Here is the number of connected components in the image:

```json
{
  ""ecDNA"": 0
}
```"
308,1661.tif,1,2,0,"['{\n  ""ecDNA"": 0\n}', '{\n  ""ecDNA"": 0\n}', '{\n  ""ecDNA"": 8\n}', '{\n  ""ecDNA"": 69\n}']","['{\n  ""ecDNA"": 0\n}', '{""ecDNA"": 2}', '{\n  ""ecDNA"": 3\n}', '{""ecDNA"": 5}']","['{\n  ""ecDNA"": 3\n}', '{\n  ""ecDNA"": 3\n}', '{\n  ""ecDNA"": 0\n}', '{\n  ""ecDNA"": 3\n}', '{\n  ""ecDNA"": 0\n}']","```json
{
  ""ecDNA"": 0
}
```"
309,1662.tif,2,2,0,"['{\n  ""ecDNA"": 0\n}', '{\n  ""ecDNA"": 0\n}', '{\n  ""ecDNA"": 85\n}', '```json\n[3]\n```']","['{\n  ""ecDNA"": 0\n}', '{\n  ""ecDNA"": 0\n}', '{\n  ""ecDNA"": 2\n}', '{\n  ""ecDNA"": 2\n}']","['{\n  ""ecDNA"": 0\n}', '{\n  ""ecDNA"": 0\n}', '{\n  ""ecDNA"": 3\n}', '{\n  ""ecDNA"": 0\n}', '{\n  ""ecDNA"": 0\n}']","I'm sorry, but I cannot determine the number of ecDNA in the image as it is not provided. Please provide more information about the number of ecDNA you are referring to."
310,1665.tif,1,0,0,"['{\n  ""ecDNA"": 3\n}', '{\n  ""ecDNA"": 0\n}', '{\n  ""ecDNA"": 3\n}', '{\n  ""ecDNA"": 3\n}']","['{\n  ""ecDNA"": 2\n}', '{\n""ecDNA"": 3\n}', '{""ecDNA"": 0}', '{\n""ecDNA"": 0\n}']","['{\n  ""ecDNA"": 0\n}', '{\n  ""ecDNA"": 3\n}', '{\n  ""ecDNA"": 0\n}', '{\n  ""ecDNA"": 3\n}', '{\n  ""ecDNA"": 0\n}']","I'm sorry, but I cannot provide the number of ecDNA in the image as it is not provided. Please provide more information about the number of ecDNA in the image."
311,1666.tif,3,1,1,"['{\n  ""ecDNA"": 3\n}', '{\n  ""ecDNA"": 1\n}', '{\n  ""ecDNA"": 3\n}', '{\n  ""ecDNA"": 0\n}']","['{\n  ""ecDNA"": 3\n}', '{\n  ""ecDNA"": 0\n}', '{\n  ""ecDNA"": 3\n}', '{\n""ecDNA"": 0\n}']","['{\n  ""ecDNA"": 0\n}', '{\n  ""ecDNA"": 0\n}', '{\n  ""ecDNA"": 0\n}', '{\n  ""ecDNA"": 0\n}', '{\n  ""ecDNA"": 3\n}']","I'm sorry, but I cannot return the number of ecDNA in the image as it is not provided. Please provide more information about the number of ecDNA you are referring to."
312,1669.tif,0,19,13,"['{\n  ""ecDNA"": 3\n}', '{\n  ""ecDNA"": 1\n}', '{\n  ""ecDNA"": 1\n}', '{\n  ""ecDNA"": 3\n}']","['{\n  ""ecDNA"": 3\n}', '{""ecDNA"": 3}', '{\n  ""ecDNA"": 3\n}', '```json\n{\n  ""ecDNA"": 2\n}\n```']","['{\n  ""ecDNA"": 0\n}', '{\n  ""ecDNA"": 3\n}', '{\n  ""ecDNA"": 0\n}', '{\n  ""ecDNA"": 3\n}', '{\n  ""ecDNA"": 3\n}']","I'm sorry, but I cannot determine the number of ecDNA in the image as it is not provided. Please provide more information about the image or the number of ecDNA you are referring to."
313,167.tif,0,30,42,"['{\n  ""ecDNA"": 0\n}', '{\n  ""ecDNA"": 0\n}', '{\n  ""ecDNA"": 1\n}', '```json\n[0]\n```']","['{\n  ""ecDNA"": 0\n}', '{\n  ""ecDNA"": 5\n}', '{\n""ecDNA"": 0\n}', '{\n  ""ecDNA"": 3\n}']","['{\n  ""ecDNA"": 3\n}', '{\n  ""ecDNA"": 3\n}', '{\n  ""ecDNA"": 3\n}', '{\n  ""ecDNA"": 3\n}', '{\n  ""ecDNA"": 3\n}']","{""ecDNA"": {""count"": 1000}}"
314,1670.tif,1,41,36,"['{\n  ""ecDNA"": 0\n}', '{\n  ""ecDNA"": 4\n}', '{\n  ""ecDNA"": 2\n}', '{\n  ""ecDNA"": 10\n}']","['{\n  ""ecDNA"": 0\n}', '{\n  ""ecDNA"": 3\n}', '{""ecDNA"": 3}', '{\n""ecDNA"": 0\n}']","['{\n  ""ecDNA"": 3\n}', '{\n  ""ecDNA"": 0\n}', '{\n  ""ecDNA"": 0\n}', '{\n  ""ecDNA"": 3\n}', '{\n  ""ecDNA"": 0\n}']","{
  ""ecDNA"": 5
}"
315,1671.tif,4,15,11,"['{\n  ""ecDNA"": 3\n}', '{\n  ""ecDNA"": 9\n}', '{\n  ""ecDNA"": 0\n}', '{\n  ""ecDNA"": 7\n}']","['{\n  ""ecDNA"": 0\n}', '{\n  ""ecDNA"": 3\n}', '{\n  ""ecDNA"": 5\n}', '{\n""ecDNA"": 0\n}']","['{\n  ""ecDNA"": 3\n}', '{\n  ""ecDNA"": 3\n}', '{\n  ""ecDNA"": 3\n}', '{\n  ""ecDNA"": 3\n}', '{\n  ""ecDNA"": 3\n}']","{
  ""ecDNA"": 4
}"
316,1673.tif,0,6,10,"['{\n  ""ecDNA"": 3\n}', '{\n  ""ecDNA"": 0\n}', '{\n  ""ecDNA"": 1\n}', '{\n  ""ecDNA"": 12\n}']","['{\n  ""ecDNA"": 3\n}', '{\n  ""ecDNA"": 3\n}', '{\n  ""ecDNA"": 5\n}', '{\n""ecDNA"": 3\n}']","['{\n  ""ecDNA"": 0\n}', '{\n  ""ecDNA"": 0\n}', '{\n  ""ecDNA"": 0\n}', '{\n  ""ecDNA"": 3\n}', '{\n  ""ecDNA"": 0\n}']","{
    ""ecDNA"": 2
}"
317,1674.tif,1,24,13,"['{\n  ""ecDNA"": 0\n}', '{\n  ""ecDNA"": 7\n}', '{\n  ""ecDNA"": 27\n}', '{\n  ""ecDNA"": 1\n}']","['{\n  ""ecDNA"": 3\n}', '{\n  ""ecDNA"": 2\n}', '{""ecDNA"": 0}', '{""ecDNA"": 2}']","['{\n  ""ecDNA"": 3\n}', '{\n  ""ecDNA"": 0\n}', '{\n  ""ecDNA"": 3\n}', '{\n  ""ecDNA"": 0\n}', '{\n  ""ecDNA"": 0\n}']","I'm sorry, but I cannot provide an answer without a picture. Please upload the image so I can assist you better."
318,1675.tif,1,2,0,"['{\n  ""ecDNA"": 0\n}', '{\n  ""ecDNA"": 0\n}', '{\n  ""ecDNA"": 2\n}', '{\n  ""ecDNA"": 68\n}']","['{\n  ""ecDNA"": 0\n}', '{""ecDNA"": 5}', '{\n  ""ecDNA"": 0\n}', '{""ecDNA"":1}']","['{\n  ""ecDNA"": 0\n}', '{\n  ""ecDNA"": 0\n}', '{\n  ""ecDNA"": 3\n}', '{\n  ""ecDNA"": 0\n}', '{\n  ""ecDNA"": 0\n}']","I'm sorry, but I cannot provide an integer number in JSON format as it is not a standard format for data exchange. Please provide more information about the ecDNA count you are referring to."
319,168.tif,0,16,7,"['{\n  ""ecDNA"": 3\n}', '```json\n{\n  ""ecDNA"": 1\n}\n```', '{\n  ""ecDNA"": 2\n}', '{\n  ""ecDNA"": 4\n}']","['{\n  ""ecDNA"": 3\n}', '{\n  ""ecDNA"": 0\n}', '{""ecDNA"": 3}', '{\n  ""ecDNA"": 0\n}']","['{\n  ""ecDNA"": 3\n}', '{\n  ""ecDNA"": 0\n}', '{\n  ""ecDNA"": 0\n}', '{\n  ""ecDNA"": 0\n}', '{\n  ""ecDNA"": 3\n}']","I'm sorry, but I cannot provide an integer number in JSON format without a picture. Please upload the image so I can assist you better."
320,1681.tif,0,3,0,"['{\n  ""ecDNA"": 0\n}', '{\n  ""ecDNA"": 15\n}', '{\n  ""ecDNA"": 0\n}', '{\n  ""ecDNA"": 0\n}']","['{\n  ""ecDNA"": 3\n}', '{\n""ecDNA"": 5\n}', '{""ecDNA"": 0}', '{\n""ecDNA"": 3\n}']","['{\n  ""ecDNA"": 0\n}', '{\n  ""ecDNA"": 3\n}', '{\n  ""ecDNA"": 3\n}', '{\n  ""ecDNA"": 0\n}', '{\n  ""ecDNA"": 3\n}']","{
  ""ecDNA"": {
    ""count"": 0
  }
}"
321,1686.tif,0,5,1,"['{\n  ""ecDNA"": 0\n}', '{\n  ""ecDNA"": 0\n}', '{\n  ""ecDNA"": 2\n}', '{\n  ""ecDNA"": 0\n}']","['{\n  ""ecDNA"": 0\n}', '{\n  ""ecDNA"": 3\n}', '{""ecDNA"": 3}', '{\n""ecDNA"": 0\n}']","['{\n  ""ecDNA"": 3\n}', '{\n  ""ecDNA"": 3\n}', '{\n  ""ecDNA"": 3\n}', '{\n  ""ecDNA"": 0\n}', '{\n  ""ecDNA"": 3\n}']","I'm sorry, but I cannot determine the number of ecDNA in the image as it is not provided. Please provide more information about the number of ecDNA you are referring to."
322,1689.tif,1,3,1,"['{\n  ""ecDNA"": 3\n}', '```json\n{\n  ""ecDNA"": 32\n}\n```', '{\n  ""ecDNA"": 3\n}', '{\n  ""ecDNA"": 1\n}']","['{\n  ""ecDNA"": 0\n}', '{\n  ""ecDNA"": 0\n}', '{\n  ""ecDNA"": 0\n}', '```json\n{""ecDNA"": 3}\n```']","['{\n  ""ecDNA"": 0\n}', '{\n  ""ecDNA"": 3\n}', '{\n  ""ecDNA"": 3\n}', '{\n  ""ecDNA"": 3\n}', '{\n  ""ecDNA"": 0\n}']","{
  ""ecDNA"": 3
}"
323,169.tif,0,23,24,"['{\n  ""ecDNA"": 0\n}', '{\n  ""ecDNA"": 0\n}', '{\n  ""ecDNA"": 1\n}', '{\n  ""ecDNA"": 1\n}']","['{\n  ""ecDNA"": 0\n}', '{\n  ""ecDNA"": 0\n}', '{\n  ""ecDNA"": 20\n}', '{""ecDNA"": 0}']","['{\n  ""ecDNA"": 0\n}', '{\n  ""ecDNA"": 0\n}', '{\n  ""ecDNA"": 0\n}', '{\n  ""ecDNA"": 0\n}', '{\n  ""ecDNA"": 0\n}']","I'm sorry, but I cannot provide an integer number for the number of ecDNA in the image as it is not provided. Please provide more information about the image or the number of ecDNA you are referring to."
324,1690.tif,0,36,7,"['{\n  ""ecDNA"": 0\n}', '{\n  ""ecDNA"": 0\n}', '{\n  ""ecDNA"": 3\n}', '{\n  ""ecDNA"": 0\n}']","['{\n  ""ecDNA"": 0\n}', '{\n  ""ecDNA"": 3\n}', '{""ecDNA"": 3}', '{\n""ecDNA"": 0\n}']","['{\n  ""ecDNA"": 0\n}', '{\n  ""ecDNA"": 3\n}', '{\n  ""ecDNA"": 0\n}', '{\n  ""ecDNA"": 0\n}', '{\n  ""ecDNA"": 0\n}']","I'm sorry, but I cannot determine the number of ecDNA in the image as it is not provided. Please provide more information about the number of ecDNA you are referring to."
325,1691.tif,0,8,2,"['{\n  ""ecDNA"": 3\n}', '{\n  ""ecDNA"": 0\n}', '{\n  ""ecDNA"": 0\n}', '{\n  ""ecDNA"": 1\n}']","['{\n  ""ecDNA"": 0\n}', '{\n  ""ecDNA"": 2\n}', '{\n  ""ecDNA"": 0\n}', '{""ecDNA"":2}']","['{\n  ""ecDNA"": 0\n}', '{\n  ""ecDNA"": 0\n}', '{\n  ""ecDNA"": 3\n}', '{\n  ""ecDNA"": 0\n}', '{\n  ""ecDNA"": 0\n}']","{
""ecDNA"": 0
}"
326,1693.tif,1,0,0,"['{\n  ""ecDNA"": 3\n}', '{\n  ""ecDNA"": 0\n}', '{\n  ""ecDNA"": 14\n}', '{\n  ""ecDNA"": 14\n}']","['{\n  ""ecDNA"": 2\n}', '{\n  ""ecDNA"": 3\n}', '{\n  ""ecDNA"": 3\n}', '{\n  ""ecDNA"": 3\n}']","['{\n  ""ecDNA"": 3\n}', '{\n  ""ecDNA"": 3\n}', '{\n  ""ecDNA"": 3\n}', '{\n  ""ecDNA"": 3\n}', '{\n  ""ecDNA"": 0\n}']","{
  ""ecDNA"": 0
}"
327,1694.tif,0,15,11,"['{\n  ""ecDNA"": 3\n}', '```json\n{\n  ""ecDNA"": 69\n}\n```', '{\n  ""ecDNA"": 7\n}', '{\n  ""ecDNA"": 0\n}']","['{\n  ""ecDNA"": 2\n}', '{""ecDNA"": 2}', '{\n""ecDNA"": 3\n}', '{\n  ""ecDNA"": 5\n}']","['{\n  ""ecDNA"": 0\n}', '{\n  ""ecDNA"": 0\n}', '{\n  ""ecDNA"": 3\n}', '{\n  ""ecDNA"": 0\n}', '{\n  ""ecDNA"": 3\n}']","{
  ""ecDNA"": {
    ""count"": 5
  }
}"
328,1695.tif,0,15,3,"['{\n  ""ecDNA"": 3\n}', '{\n  ""ecDNA"": 0\n}', '{\n  ""ecDNA"": 4\n}', '{\n  ""ecDNA"": 1\n}']","['{\n  ""ecDNA"": 2\n}', '{\n  ""ecDNA"": 3\n}', '{""ecDNA"": 2}', '{\n  ""ecDNA"": 0\n}']","['{\n  ""ecDNA"": 0\n}', '{\n  ""ecDNA"": 0\n}', '{\n  ""ecDNA"": 3\n}', '{\n  ""ecDNA"": 3\n}', '{\n  ""ecDNA"": 0\n}']","Here is the number of ecDNA in the image:
```json
{
  ""ecDNA"": 3
}
```"
329,17.tif,1,0,0,"['{\n  ""ecDNA"": 0\n}', '{\n  ""ecDNA"": 0\n}', '{\n  ""ecDNA"": 3\n}', '{\n  ""ecDNA"": 3\n}']","['{\n  ""ecDNA"": 3\n}', '{\n  ""ecDNA"": 2\n}', '{""ecDNA"": 5}', '{""ecDNA"": 2}']","['{\n  ""ecDNA"": 0\n}', '{\n  ""ecDNA"": 0\n}', '{\n  ""ecDNA"": 0\n}', '{\n  ""ecDNA"": 0\n}', '{\n  ""ecDNA"": 3\n}']","I'm sorry, but I cannot provide the number of ecDNA in the image as it is not provided. Please provide more information about the image or the number of ecDNA you are referring to."
330,170.tif,0,18,49,"['{\n  ""ecDNA"": 0\n}', '```json\n{\n  ""ecDNA"": 3\n}\n```', '{\n  ""ecDNA"": 2\n}', '{\n  ""ecDNA"": 0\n}']","['{\n  ""ecDNA"": 2\n}', '{\n  ""ecDNA"": 5\n}', '{""ecDNA"": 2}', '{""ecDNA_count"":3}']","['{\n  ""ecDNA"": 3\n}', '{\n  ""ecDNA"": 0\n}', '{\n  ""ecDNA"": 0\n}', '{\n  ""ecDNA"": 3\n}', '{\n  ""ecDNA"": 0\n}']","{
  ""ecDNA"": 5
}"
331,1705.tif,0,2,0,"['{\n  ""ecDNA"": 3\n}', '{\n  ""ecDNA"": 0\n}', '{\n  ""ecDNA"": 39\n}', '{\n  ""ecDNA"": 3\n}']","['{\n  ""ecDNA"": 0\n}', '{\n  ""ecDNA"": 0\n}', '{\n  ""ecDNA"": 0\n}', '{""ecDNA"": 5}']","['{\n  ""ecDNA"": 0\n}', '{\n  ""ecDNA"": 3\n}', '{\n  ""ecDNA"": 3\n}', '{\n  ""ecDNA"": 3\n}', '{\n  ""ecDNA"": 0\n}']","```json
{
  ""ecDNA"": 1
}
```"
332,1706.tif,0,2,1,"['{\n  ""ecDNA"": 0\n}', '```json\n{\n  ""ecDNA"": 1\n}\n```', '{\n  ""ecDNA"": 5\n}', '{\n  ""ecDNA"": 5\n}']","['{\n  ""ecDNA"": 0\n}', '{""ecDNA"": 0}', '{\n  ""ecDNA"": 2\n}', '{\n  ""ecDNA"": 2\n}']","['{\n  ""ecDNA"": 3\n}', '{\n  ""ecDNA"": 3\n}', '{\n  ""ecDNA"": 3\n}', '{\n  ""ecDNA"": 0\n}', '{\n  ""ecDNA"": 3\n}']","I'm sorry, but I cannot determine the number of ecDNA in the image as it is not provided. Please provide more information about the image or the number of ecDNA you are referring to."
333,1709.tif,0,18,3,"['{\n  ""ecDNA"": 0\n}', '{\n  ""ecDNA"": 0\n}', '{\n  ""ecDNA"": 3\n}', '{\n  ""ecDNA"": 0\n}']","['{\n  ""ecDNA"": 0\n}', '{\n  ""ecDNA"": 0\n}', '{\n  ""ecDNA"": 2\n}', '{\n""ecDNA"": 50\n}']","['{\n  ""ecDNA"": 3\n}', '{\n  ""ecDNA"": 3\n}', '{\n  ""ecDNA"": 0\n}', '{\n  ""ecDNA"": 0\n}', '{\n  ""ecDNA"": 3\n}']","I'm sorry, but I cannot determine the number of ecDNA in the image as it is not provided. Please provide more information about the number of ecDNA you are referring to."
334,171.tif,2,11,11,"['{\n  ""ecDNA"": 3\n}', '{\n  ""ecDNA"": 10\n}', '{\n  ""ecDNA"": 0\n}', '```json\n[66]\n```']","['{\n  ""ecDNA"": 0\n}', '{\n""ecDNA"": 0\n}', '{\n  ""ecDNA"": 3\n}', '{\n""ecDNA"": 0\n}']","['{\n  ""ecDNA"": 3\n}', '{\n  ""ecDNA"": 3\n}', '{\n  ""ecDNA"": 3\n}', '{\n  ""ecDNA"": 3\n}', '{\n  ""ecDNA"": 0\n}']","{
  ""ecDNA"": 10
}"
335,1710.tif,0,32,5,"['{\n  ""ecDNA"": 0\n}', '{\n  ""ecDNA"": 2\n}', '{\n  ""ecDNA"": 17\n}', '{\n  ""ecDNA"": 46\n}']","['{\n  ""ecDNA"": 0\n}', '{\n""ecDNA"": 3\n}', '{\n  ""ecDNA"": 3\n}', '{""ecDNA"": 3}']","['{\n  ""ecDNA"": 0\n}', '{\n  ""ecDNA"": 3\n}', '{\n  ""ecDNA"": 3\n}', '{\n  ""ecDNA"": 0\n}', '{\n  ""ecDNA"": 3\n}']","{
""ecDNA"": 0
}"
336,1711.tif,0,1,2,"['{\n  ""ecDNA"": 0\n}', '{\n  ""ecDNA"": 2\n}', '{\n  ""ecDNA"": 5\n}', '{\n  ""ecDNA"": 7\n}']","['{\n  ""ecDNA"": 2\n}', '{\n  ""ecDNA"": 3\n}', '{\n  ""ecDNA"": 0\n}', '{\n  ""ecDNA"": 5\n}']","['{\n  ""ecDNA"": 0\n}', '{\n  ""ecDNA"": 0\n}', '{\n  ""ecDNA"": 3\n}', '{\n  ""ecDNA"": 3\n}', '{\n  ""ecDNA"": 0\n}']",I am unable to determine the number of ecDNA in the image as it is not provided. Please provide more information about the image or the number of ecDNA you are referring to.
337,1713.tif,0,12,5,"['{\n  ""ecDNA"": 3\n}', '```json\n{\n  ""ecDNA"": 3\n}\n```', '{\n  ""ecDNA"": 1\n}', '```json\n[8]\n```']","['{\n  ""ecDNA"": 0\n}', '{\n  ""ecDNA"": 0\n}', '{\n  ""ecDNA"": 3\n}', '{""ecDNA"": 3}']","['{\n  ""ecDNA"": 3\n}', '{\n  ""ecDNA"": 3\n}', '{\n  ""ecDNA"": 3\n}', '{\n  ""ecDNA"": 0\n}', '{\n  ""ecDNA"": 0\n}']","{
  ""ecDNA"": 20
}"
338,1714.tif,0,12,5,"['{\n  ""ecDNA"": 0\n}', '{\n  ""ecDNA"": 0\n}', '{\n  ""ecDNA"": 3\n}', '{\n  ""ecDNA"": 0\n}']","['{\n  ""ecDNA"": 3\n}', '{""ecDNA"": 3}', '{\n  ""ecDNA"": 5\n}', '{""ecDNA"": 1}']","['{\n  ""ecDNA"": 3\n}', '{\n  ""ecDNA"": 3\n}', '{\n  ""ecDNA"": 3\n}', '{\n  ""ecDNA"": 0\n}', '{\n  ""ecDNA"": 0\n}']","{""ecDNA"": 5}"
339,172.tif,0,6,6,"['{\n  ""ecDNA"": 0\n}', '{\n  ""ecDNA"": 9\n}', '{\n  ""ecDNA"": 1\n}', '```json\n[1]\n```']","['{\n  ""ecDNA"": 0\n}', '{\n  ""ecDNA"": 3\n}', '{\n  ""ecDNA"": 3\n}', '{\n""ecDNA"": 3\n}']","['{\n  ""ecDNA"": 0\n}', '{\n  ""ecDNA"": 3\n}', '{\n  ""ecDNA"": 0\n}', '{\n  ""ecDNA"": 3\n}', '{\n  ""ecDNA"": 3\n}']","{
  ""ecDNA"": 10
}"
340,1720.tif,2,1,0,"['{\n  ""ecDNA"": 3\n}', '{\n  ""ecDNA"": 0\n}', '```json\n[31]\n```', '{\n  ""ecDNA"": 0\n}']","['{\n  ""ecDNA"": 0\n}', '{""ecDNA"": 5}', '{\n  ""ecDNA"": 3\n}', '{\n  ""ecDNA"": 2\n}']","['{\n  ""ecDNA"": 0\n}', '{\n  ""ecDNA"": 3\n}', '{\n  ""ecDNA"": 3\n}', '{\n  ""ecDNA"": 0\n}', '{\n  ""ecDNA"": 3\n}']","I'm sorry, but I cannot determine the number of ecDNA in the image as it is not provided. Please provide more information about the number of ecDNA you are referring to."
341,1721.tif,1,0,0,"['{\n  ""ecDNA"": 0\n}', '```json\n[8]\n```', '{\n  ""ecDNA"": 1\n}', '```json\n[8]\n```']","['{\n  ""ecDNA"": 3\n}', '{""ecDNA"": 2}', '{\n  ""ecDNA"": 3\n}', '{""ecDNA"": 2}']","['{\n  ""ecDNA"": 0\n}', '{\n  ""ecDNA"": 0\n}', '{\n  ""ecDNA"": 3\n}', '{\n  ""ecDNA"": 0\n}', '{\n  ""ecDNA"": 0\n}']","I'm sorry, but I cannot determine the number of ecDNA in the image as it is not provided. Please provide more information about the number of ecDNA in the image."
342,1722.tif,0,3,6,"['{\n  ""ecDNA"": 0\n}', '{\n  ""ecDNA"": 0\n}', '{\n  ""ecDNA"": 1\n}', '{\n  ""ecDNA"": 0\n}']","['{\n  ""ecDNA"": 0\n}', '{\n  ""ecDNA"": 0\n}', '{\n  ""ecDNA"": 0\n}', '{\n  ""ecDNA"": 0\n}']","['{\n  ""ecDNA"": 3\n}', '{\n  ""ecDNA"": 0\n}', '{\n  ""ecDNA"": 3\n}', '{\n  ""ecDNA"": 3\n}', '{\n  ""ecDNA"": 3\n}']","{
  ""ecDNA"": {
    ""count"": 10
  }
}"
343,1724.tif,2,0,2,"['{\n  ""ecDNA"": 0\n}', '{\n  ""ecDNA"": 0\n}', '{\n  ""ecDNA"": 2\n}', '{\n  ""ecDNA"": 0\n}']","['{\n  ""ecDNA"": 0\n}', '{\n  ""ecDNA"": 5\n}', '{\n  ""ecDNA"": 0\n}', '{\n  ""ecDNA"": 1\n}']","['{\n  ""ecDNA"": 3\n}', '{\n  ""ecDNA"": 0\n}', '{\n  ""ecDNA"": 3\n}', '{\n  ""ecDNA"": 3\n}', '{\n  ""ecDNA"": 3\n}']","I'm sorry, but I cannot provide the number of ecDNA in the image as it is not provided. Please provide more information about the image or the number of ecDNA you are referring to."
344,1725.tif,1,1,3,"['{\n  ""ecDNA"": 0\n}', '{\n  ""ecDNA"": 2\n}', '{\n  ""ecDNA"": 0\n}', '{\n  ""ecDNA"": 29\n}']","['{\n  ""ecDNA"": 0\n}', '{\n  ""ecDNA"": 3\n}', '{""ecDNA"": 2}', '{\n  ""ecDNA"": 3\n}']","['{\n  ""ecDNA"": 3\n}', '{\n  ""ecDNA"": 3\n}', '{\n  ""ecDNA"": 0\n}', '{\n  ""ecDNA"": 0\n}', '{\n  ""ecDNA"": 3\n}']","I'm sorry, but I cannot provide the number of ecDNA in the image as it is not provided. Please provide more information about the ecDNA in the image or the number you are referring to."
345,1726.tif,1,7,1,"['{\n  ""ecDNA"": 0\n}', '{\n  ""ecDNA"": 2\n}', '{\n  ""ecDNA"": 2\n}', '{\n  ""ecDNA"": 0\n}']","['{\n  ""ecDNA"": 0\n}', '{\n  ""ecDNA"": 3\n}', '{\n  ""ecDNA"": 3\n}', '{\n""ecDNA"": 0\n}']","['{\n  ""ecDNA"": 0\n}', '{\n  ""ecDNA"": 0\n}', '{\n  ""ecDNA"": 0\n}', '{\n  ""ecDNA"": 3\n}', '{\n  ""ecDNA"": 0\n}']","{
  ""ecDNA"": 5
}"
346,1727.tif,1,1,2,"['{\n  ""ecDNA"": 0\n}', '{\n  ""ecDNA"": 0\n}', '{\n  ""ecDNA"": 1\n}', '{\n  ""ecDNA"": 10\n}']","['{\n  ""ecDNA"": 3\n}', '{""ecDNA"": 3}', '{\n  ""ecDNA"": 2\n}', '{\n""ecDNA"": 1234567890\n}']","['{\n  ""ecDNA"": 0\n}', '{\n  ""ecDNA"": 3\n}', '{\n  ""ecDNA"": 3\n}', '{\n  ""ecDNA"": 3\n}', '{\n  ""ecDNA"": 3\n}']","I'm sorry, but I cannot determine the number of ecDNA in the image as it is not provided. Please provide more information about the image or the number of ecDNA you are referring to."
347,1728.tif,1,0,0,"['{\n  ""ecDNA"": 0\n}', '{\n  ""ecDNA"": 0\n}', '{\n  ""ecDNA"": 1\n}', '{\n  ""ecDNA"": 0\n}']","['{\n  ""ecDNA"": 0\n}', '{\n  ""ecDNA"": 2\n}', '{""ecDNA"": 3}', '{""ecDNA"": 0}']","['{\n  ""ecDNA"": 0\n}', '{\n  ""ecDNA"": 0\n}', '{\n  ""ecDNA"": 0\n}', '{\n  ""ecDNA"": 3\n}', '{\n  ""ecDNA"": 0\n}']","I'm sorry, but I cannot determine the number of ecDNA in the image as it is not provided. Please provide more information about the number of ecDNA you are referring to."
348,1729.tif,3,17,9,"['{\n  ""ecDNA"": 0\n}', '```json\n{\n  ""ecDNA"": 6\n}\n```', '{\n  ""ecDNA"": 6\n}', '{\n  ""ecDNA"": 6\n}']","['{\n  ""ecDNA"": 3\n}', '{\n  ""ecDNA"": 3\n}', '{\n  ""ecDNA"": 3\n}', '{\n  ""ecDNA"": {\n    ""count"": 3\n  }\n}']","['{\n  ""ecDNA"": 3\n}', '{\n  ""ecDNA"": 0\n}', '{\n  ""ecDNA"": 3\n}', '{\n  ""ecDNA"": 3\n}', '{\n  ""ecDNA"": 0\n}']","{
  ""ecDNA"": 0
}"
349,173.tif,0,35,29,"['{\n  ""ecDNA"": 0\n}', '{\n  ""ecDNA"": 0\n}', '{\n  ""ecDNA"": 22\n}', '{\n  ""ecDNA"": 0\n}']","['{\n  ""ecDNA"": 0\n}', '{\n  ""ecDNA"": 0\n}', '{\n""ecDNA"": 0\n}', '{\n""ecDNA"": 3\n}']","['{\n  ""ecDNA"": 3\n}', '{\n  ""ecDNA"": 3\n}', '{\n  ""ecDNA"": 3\n}', '{\n  ""ecDNA"": 3\n}', '{\n  ""ecDNA"": 0\n}']","{
  ""ecDNA"": 5
}"
350,1730.tif,0,41,16,"['{\n  ""ecDNA"": 3\n}', '{\n  ""ecDNA"": 0\n}', '{\n  ""ecDNA"": 0\n}', '{\n  ""ecDNA"": 0\n}']","['{\n  ""ecDNA"": 3\n}', '{\n  ""ecDNA"": 0\n}', '{\n  ""ecDNA"": 3\n}', '{""ecDNA"": 2}']","['{\n  ""ecDNA"": 3\n}', '{\n  ""ecDNA"": 3\n}', '{\n  ""ecDNA"": 3\n}', '{\n  ""ecDNA"": 0\n}', '{\n  ""ecDNA"": 0\n}']","{
  ""ecDNA"": 1
}"
351,1731.tif,0,4,10,"['{\n  ""ecDNA"": 0\n}', '{\n  ""ecDNA"": 0\n}', '{\n  ""ecDNA"": 1\n}', '{\n  ""ecDNA"": 1\n}']","['{\n  ""ecDNA"": 0\n}', '{\n  ""ecDNA"": 0\n}', '{""ecDNA"": 5}', '{\n""ecDNA"": 5\n}']","['{\n  ""ecDNA"": 0\n}', '{\n  ""ecDNA"": 3\n}', '{\n  ""ecDNA"": 0\n}', '{\n  ""ecDNA"": 3\n}', '{\n  ""ecDNA"": 3\n}']","{
  ""ecDNA"": 10
}"
352,1732.tif,1,5,7,"['{\n  ""ecDNA"": 3\n}', '{\n  ""ecDNA"": 0\n}', '{\n  ""ecDNA"": 13\n}', '{\n  ""ecDNA"": 1\n}']","['{\n  ""ecDNA"": 3\n}', '{\n  ""ecDNA"": 5\n}', '{\n  ""ecDNA"": 3\n}', '{\n  ""ecDNA"": 0\n}']","['{\n  ""ecDNA"": 3\n}', '{\n  ""ecDNA"": 3\n}', '{\n  ""ecDNA"": 3\n}', '{\n  ""ecDNA"": 3\n}', '{\n  ""ecDNA"": 0\n}']","Here is the number of ecDNA in the image:
```json
{
  ""ecDNA"": 5
}
```"
353,1733.tif,2,1,1,"['{\n  ""ecDNA"": 0\n}', '{\n  ""ecDNA"": 2\n}', '{\n  ""ecDNA"": 8\n}', '{\n  ""ecDNA"": 18\n}']","['{\n  ""ecDNA"": 3\n}', '{\n""ecDNA"": 3\n}', '{\n""ecDNA"": 5\n}', '{\n  ""ecDNA"": 2\n}']","['{\n  ""ecDNA"": 0\n}', '{\n  ""ecDNA"": 0\n}', '{\n  ""ecDNA"": 3\n}', '{\n  ""ecDNA"": 0\n}', '{\n  ""ecDNA"": 0\n}']",I am unable to determine the number of ecDNA in the image as it is not provided. Please provide more information about the image or the number of ecDNA you are referring to.
354,1734.tif,1,15,5,"['{\n  ""ecDNA"": 3\n}', '{\n  ""ecDNA"": 17\n}', '{\n  ""ecDNA"": 0\n}', '{\n  ""ecDNA"": 0\n}']","['{\n  ""ecDNA"": 3\n}', '{\n""ecDNA"": 0\n}', '{\n  ""ecDNA"": 0\n}', '{""ecDNA"":2}']","['{\n  ""ecDNA"": 3\n}', '{\n  ""ecDNA"": 3\n}', '{\n  ""ecDNA"": 0\n}', '{\n  ""ecDNA"": 3\n}', '{\n  ""ecDNA"": 0\n}']","I'm sorry, but I cannot determine the number of ecDNA in the image as it is not provided. Please provide more information about the image or the number of ecDNA you are referring to."
355,1735.tif,0,2,11,"['{\n  ""ecDNA"": 0\n}', '{\n  ""ecDNA"": 1\n}', '{\n  ""ecDNA"": 14\n}', '{\n  ""ecDNA"": 7\n}']","['{\n  ""ecDNA"": 0\n}', '{\n  ""ecDNA"": 2\n}', '{\n  ""ecDNA"": 5\n}', '{\n  ""ecDNA"": 5\n}']","['{\n  ""ecDNA"": 0\n}', '{\n  ""ecDNA"": 0\n}', '{\n  ""ecDNA"": 0\n}', '{\n  ""ecDNA"": 0\n}', '{\n  ""ecDNA"": 0\n}']","I'm sorry, but I cannot determine the number of ecDNA in the image as it is not provided. Please provide more information about the number of ecDNA you are referring to."
356,1736.tif,1,0,0,"['{\n  ""ecDNA"": 3\n}', '```json\n{\n  ""ecDNA"": 1\n}\n```', '{\n  ""ecDNA"": 2\n}', '{\n  ""ecDNA"": 14\n}']","['{\n  ""ecDNA"": 0\n}', '{\n  ""ecDNA"": 5\n}', '{""ecDNA"": 2}', '{\n  ""ecDNA"": 3\n}']","['{\n  ""ecDNA"": 3\n}', '{\n  ""ecDNA"": 3\n}', '{\n  ""ecDNA"": 0\n}', '{\n  ""ecDNA"": 3\n}', '{\n  ""ecDNA"": 0\n}']","Here is the number of ecDNA in the image in JSON format:
```json
{
  ""ecDNA"": 5
}
```"
357,1737.tif,3,0,0,"['{\n  ""ecDNA"": 0\n}', '{\n  ""ecDNA"": 9\n}', '{\n  ""ecDNA"": 1\n}', '{\n  ""ecDNA"": 5\n}']","['{\n  ""ecDNA"": 3\n}', '{\n  ""ecDNA"": 3\n}', '{\n""ecDNA"": 3\n}', '```json\n{\n  ""ecDNA"": 5\n}\n```']","['{\n  ""ecDNA"": 3\n}', '{\n  ""ecDNA"": 3\n}', '{\n  ""ecDNA"": 3\n}', '{\n  ""ecDNA"": 0\n}', '{\n  ""ecDNA"": 3\n}']","I'm sorry, but I cannot determine the number of ecDNA in the image as it is not provided. Please provide more information about the number of ecDNA you are referring to."
358,1738.tif,1,0,1,"['{\n  ""ecDNA"": 0\n}', '{\n  ""ecDNA"": 4\n}', '{\n  ""ecDNA"": 56\n}', '{\n  ""ecDNA"": 0\n}']","['{\n  ""ecDNA"": 3\n}', '{\n  ""ecDNA"": 3\n}', '{""ecDNA"": 0}', '{""ecDNA"": 0}']","['{\n  ""ecDNA"": 0\n}', '{\n  ""ecDNA"": 0\n}', '{\n  ""ecDNA"": 3\n}', '{\n  ""ecDNA"": 3\n}', '{\n  ""ecDNA"": 3\n}']","I'm sorry, but I cannot determine the number of ecDNA in the image as it is not provided. Please provide more information about the number of ecDNA you are referring to."
359,1739.tif,0,1,9,"['{\n  ""ecDNA"": 0\n}', '{\n  ""ecDNA"": 0\n}', '{\n  ""ecDNA"": 4\n}', '{\n  ""ecDNA"": 0\n}']","['{\n  ""ecDNA"": 3\n}', '{\n  ""ecDNA"": 3\n}', '{\n  ""ecDNA"": 2\n}', '{\n""ecDNA"": 5\n}']","['{\n  ""ecDNA"": 0\n}', '{\n  ""ecDNA"": 0\n}', '{\n  ""ecDNA"": 0\n}', '{\n  ""ecDNA"": 3\n}', '{\n  ""ecDNA"": 3\n}']","I'm sorry, but I cannot provide an integer number in JSON format without a picture. Please provide more information about the image so that I can accurately answer your question."
360,174.tif,1,11,25,"['{\n  ""ecDNA"": 3\n}', '{\n  ""ecDNA"": 0\n}', '{\n  ""ecDNA"": 1\n}', '{\n  ""ecDNA"": 1\n}']","['{\n  ""ecDNA"": 0\n}', '{\n""ecDNA"": 3\n}', '{""ecDNA"": 2}', '{""ecDNA"":2}']","['{\n  ""ecDNA"": 0\n}', '{\n  ""ecDNA"": 3\n}', '{\n  ""ecDNA"": 3\n}', '{\n  ""ecDNA"": 3\n}', '{\n  ""ecDNA"": 3\n}']","```json
{
  ""ecDNA"": 500
}
```"
361,1740.tif,1,0,2,"['{\n  ""ecDNA"": 0\n}', '{\n  ""ecDNA"": 0\n}', '{\n  ""ecDNA"": 39\n}', '{\n  ""ecDNA"": 0\n}']","['{\n  ""ecDNA"": 3\n}', '{\n  ""ecDNA"": 0\n}', '{""ecDNA"": 5}', '{""ecDNA"": 2}']","['{\n  ""ecDNA"": 0\n}', '{\n  ""ecDNA"": 0\n}', '{\n  ""ecDNA"": 0\n}', '{\n  ""ecDNA"": 3\n}', '{\n  ""ecDNA"": 3\n}']","I'm sorry, but I cannot determine the number of ecDNA in the image as it is not provided. Please provide more information about the number of ecDNA you are referring to."
362,1744.tif,1,0,0,"['{\n  ""ecDNA"": 0\n}', '{\n  ""ecDNA"": 0\n}', '{\n  ""ecDNA"": 3\n}', '{\n  ""ecDNA"": 0\n}']","['{\n  ""ecDNA"": 3\n}', '{\n""ecDNA"": 2\n}', '{""ecDNA"": 5}', '{""ecDNA"": 5}']","['{\n  ""ecDNA"": 3\n}', '{\n  ""ecDNA"": 3\n}', '{\n  ""ecDNA"": 3\n}', '{\n  ""ecDNA"": 3\n}', '{\n  ""ecDNA"": 0\n}']","{
  ""ecDNA"": 5
}"
363,1745.tif,1,0,3,"['{\n  ""ecDNA"": 3\n}', '{\n  ""ecDNA"": 0\n}', '{\n  ""ecDNA"": 2\n}', '{\n  ""ecDNA"": 11\n}']","['{\n  ""ecDNA"": 0\n}', '{\n  ""ecDNA"": 0\n}', '{\n  ""ecDNA"": 0\n}', '{""ecDNA"": 0}']","['{\n  ""ecDNA"": 3\n}', '{\n  ""ecDNA"": 0\n}', '{\n  ""ecDNA"": 3\n}', '{\n  ""ecDNA"": 3\n}', '{\n  ""ecDNA"": 0\n}']","I'm sorry, but I cannot provide an answer without a picture. Please upload the image so I can assist you better."
364,1749.tif,1,12,3,"['{\n  ""ecDNA"": 3\n}', '{\n  ""ecDNA"": 5\n}', '{\n  ""ecDNA"": 2\n}', '```json\n[3]\n```']","['{\n  ""ecDNA"": 2\n}', '{\n  ""ecDNA"": 3\n}', '{\n  ""ecDNA"": 3\n}', '{""ecDNA"": 0}']","['{\n  ""ecDNA"": 3\n}', '{\n  ""ecDNA"": 3\n}', '{\n  ""ecDNA"": 0\n}', '{\n  ""ecDNA"": 0\n}', '{\n  ""ecDNA"": 3\n}']","{
  ""ecDNA"": 0
}"
365,175.tif,1,0,0,"['{\n  ""ecDNA"": 0\n}', '```json\n{\n  ""ecDNA"": 56\n}\n```', '{\n  ""ecDNA"": 6\n}', '{\n  ""ecDNA"": 1\n}']","['{\n  ""ecDNA"": 0\n}', '{\n  ""ecDNA"": 0\n}', '{\n""ecDNA"": 3\n}', '{""ecDNA"": 1}']","['{\n  ""ecDNA"": 3\n}', '{\n  ""ecDNA"": 3\n}', '{\n  ""ecDNA"": 3\n}', '{\n  ""ecDNA"": 0\n}', '{\n  ""ecDNA"": 3\n}']","{
  ""ecDNA"": 10
}"
366,1750.tif,0,38,24,"['{\n  ""ecDNA"": 3\n}', '{\n  ""ecDNA"": 0\n}', '{\n  ""ecDNA"": 1\n}', '{\n  ""ecDNA"": 17\n}']","['{\n  ""ecDNA"": 0\n}', '{\n  ""ecDNA"": 2\n}', '{\n  ""ecDNA"": 5\n}', '{""ecDNA"": 3}']","['{\n  ""ecDNA"": 3\n}', '{\n  ""ecDNA"": 3\n}', '{\n  ""ecDNA"": 3\n}', '{\n  ""ecDNA"": 0\n}', '{\n  ""ecDNA"": 3\n}']","I'm sorry, but I cannot determine the number of ecDNA in the image as it is not provided. Please provide more information about the number of ecDNA you are referring to."
367,1751.tif,0,4,1,"['{\n  ""ecDNA"": 0\n}', '```json\n{\n  ""ecDNA"": 3\n}\n```', '{\n  ""ecDNA"": 8\n}', '```json\n[61]\n```']","['{\n  ""ecDNA"": 3\n}', '{\n""ecDNA"": 2\n}', '{\n  ""ecDNA"": 0\n}', '{\n""ecDNA"": 3\n}']","['{\n  ""ecDNA"": 0\n}', '{\n  ""ecDNA"": 0\n}', '{\n  ""ecDNA"": 0\n}', '{\n  ""ecDNA"": 0\n}', '{\n  ""ecDNA"": 3\n}']","{
""ecDNA"": 1
}"
368,1753.tif,0,5,5,"['{\n  ""ecDNA"": 0\n}', '{\n  ""ecDNA"": 5\n}', '{\n  ""ecDNA"": 1\n}', '{\n  ""ecDNA"": 0\n}']","['{\n  ""ecDNA"": 3\n}', '{\n""ecDNA"": 5\n}', '{""ecDNA"": 5}', '{""ecDNA"":1}']","['{\n  ""ecDNA"": 0\n}', '{\n  ""ecDNA"": 3\n}', '{\n  ""ecDNA"": 0\n}', '{\n  ""ecDNA"": 3\n}', '{\n  ""ecDNA"": 3\n}']","```json
{
  ""ecDNA_count"": 10000
}
```"
369,1754.tif,0,26,12,"['{\n  ""ecDNA"": 3\n}', '{\n  ""ecDNA"": 0\n}', '{\n  ""ecDNA"": 2\n}', '```json\n[1]\n```']","['{\n  ""ecDNA"": 3\n}', '{\n  ""ecDNA"": 3\n}', '{\n  ""ecDNA"": 3\n}', '{""ecDNA"": 0}']","['{\n  ""ecDNA"": 3\n}', '{\n  ""ecDNA"": 0\n}', '{\n  ""ecDNA"": 3\n}', '{\n  ""ecDNA"": 0\n}', '{\n  ""ecDNA"": 3\n}']","I'm sorry, but I cannot determine the number of ecDNA in the image as it is not provided. Please provide more information about the number of ecDNA you are referring to."
370,1755.tif,5,10,12,"['{\n  ""ecDNA"": 0\n}', '{\n  ""ecDNA"": 2\n}', '{\n  ""ecDNA"": 0\n}', '{\n  ""ecDNA"": 4\n}']","['{\n  ""ecDNA"": 2\n}', '{\n  ""ecDNA"": 2\n}', '{\n""ecDNA"": 3\n}', '{\n  ""ecDNA"": 3\n}']","['{\n  ""ecDNA"": 3\n}', '{\n  ""ecDNA"": 3\n}', '{\n  ""ecDNA"": 0\n}', '{\n  ""ecDNA"": 3\n}', '{\n  ""ecDNA"": 0\n}']","{
  ""ecDNA"": 5
}"
371,1758.tif,1,1,1,"['{\n  ""ecDNA"": 0\n}', '{\n  ""ecDNA"": 47\n}', '{\n  ""ecDNA"": 3\n}', '{\n  ""ecDNA"": 4\n}']","['{\n  ""ecDNA"": 2\n}', '{\n  ""ecDNA"": 3\n}', '{\n""ecDNA"": 0\n}', '{""ecDNA"": 5}']","['{\n  ""ecDNA"": 3\n}', '{\n  ""ecDNA"": 3\n}', '{\n  ""ecDNA"": 3\n}', '{\n  ""ecDNA"": 3\n}', '{\n  ""ecDNA"": 0\n}']","I'm sorry, but I cannot determine the number of ecDNA in the image as it is not provided. Please provide more information about the ecDNA and the image so I can assist you better."
372,1759.tif,2,0,3,"['{\n  ""ecDNA"": 3\n}', '{\n  ""ecDNA"": 1\n}', '{\n  ""ecDNA"": 0\n}', '{\n  ""ecDNA"": 1\n}']","['{\n  ""ecDNA"": 0\n}', '{\n  ""ecDNA"": 3\n}', '{""ecDNA"": 0}', '{\n""ecDNA"": 0\n}']","['{\n  ""ecDNA"": 0\n}', '{\n  ""ecDNA"": 3\n}', '{\n  ""ecDNA"": 3\n}', '{\n  ""ecDNA"": 0\n}', '{\n  ""ecDNA"": 3\n}']","{
  ""ecDNA"": 0
}"
373,1760.tif,1,0,0,"['{\n  ""ecDNA"": 0\n}', '{\n  ""ecDNA"": 3\n}', '{\n  ""ecDNA"": 12\n}', '```json\n[7]\n```']","['{\n  ""ecDNA"": 0\n}', '{\n  ""ecDNA"": 0\n}', '{""ecDNA"": 2}', '{""ecDNA"": 0}']","['{\n  ""ecDNA"": 0\n}', '{\n  ""ecDNA"": 3\n}', '{\n  ""ecDNA"": 0\n}', '{\n  ""ecDNA"": 3\n}', '{\n  ""ecDNA"": 0\n}']","I'm sorry, but I cannot provide an integer number in JSON format without a specific image. Please provide a picture so I can assist you better."
374,1764.tif,1,0,0,"['{\n  ""ecDNA"": 0\n}', '{\n  ""ecDNA"": 2\n}', '{\n  ""ecDNA"": 6\n}', '{\n  ""ecDNA"": 0\n}']","['{\n  ""ecDNA"": 0\n}', '{\n  ""ecDNA"": 3\n}', '{""ecDNA"": 3}', '{\n""ecDNA"": 2\n}']","['{\n  ""ecDNA"": 0\n}', '{\n  ""ecDNA"": 0\n}', '{\n  ""ecDNA"": 3\n}', '{\n  ""ecDNA"": 0\n}', '{\n  ""ecDNA"": 3\n}']","{""ecDNA"": 0}"
375,1765.tif,1,0,0,"['{\n  ""ecDNA"": 0\n}', '```json\n{\n  ""ecDNA"": 22\n}\n```', '{\n  ""ecDNA"": 5\n}', '{\n  ""ecDNA"": 0\n}']","['{\n  ""ecDNA"": 3\n}', '{\n""ecDNA"": 0\n}', '{\n  ""ecDNA"": 5\n}', '{""ecDNA_count"":2}']","['{\n  ""ecDNA"": 0\n}', '{\n  ""ecDNA"": 0\n}', '{\n  ""ecDNA"": 0\n}', '{\n  ""ecDNA"": 3\n}', '{\n  ""ecDNA"": 3\n}']","I'm sorry, but I cannot determine the number of ecDNA in the image as it is not provided. Please provide more information about the number of ecDNA in the image."
376,1766.tif,1,0,0,"['{\n  ""ecDNA"": 0\n}', '{\n  ""ecDNA"": 0\n}', '{\n  ""ecDNA"": 1\n}', '{\n  ""ecDNA"": 1\n}']","['{\n  ""ecDNA"": 3\n}', '{\n  ""ecDNA"": 3\n}', '{\n  ""ecDNA"": 0\n}', '{\n  ""ecDNA"": 5\n}']","['{\n  ""ecDNA"": 3\n}', '{\n  ""ecDNA"": 3\n}', '{\n  ""ecDNA"": 0\n}', '{\n  ""ecDNA"": 0\n}', '{\n  ""ecDNA"": 0\n}']","{
  ""ecDNA"": 5
}"
377,1768.tif,3,0,0,"['{\n  ""ecDNA"": 3\n}', '{\n  ""ecDNA"": 0\n}', '{\n  ""ecDNA"": 9\n}', '```json\n[10]\n```']","['{\n  ""ecDNA"": 3\n}', '{\n  ""ecDNA"": 2\n}', '{\n  ""ecDNA"": 20000\n}', '{\n  ""ecDNA"": 3\n}']","['{\n  ""ecDNA"": 0\n}', '{\n  ""ecDNA"": 3\n}', '{\n  ""ecDNA"": 3\n}', '{\n  ""ecDNA"": 0\n}', '{\n  ""ecDNA"": 3\n}']","{
  ""ecDNA"": 2
}"
378,1769.tif,2,5,2,"['{\n  ""ecDNA"": 3\n}', '{\n  ""ecDNA"": 1\n}', '{\n  ""ecDNA"": 2\n}', '{\n  ""ecDNA"": 0\n}']","['{\n  ""ecDNA"": 0\n}', '{\n""ecDNA"": 5\n}', '{\n  ""ecDNA"": 0\n}', '{\n""ecDNA"": 0\n}']","['{\n  ""ecDNA"": 3\n}', '{\n  ""ecDNA"": 0\n}', '{\n  ""ecDNA"": 3\n}', '{\n  ""ecDNA"": 0\n}', '{\n  ""ecDNA"": 3\n}']","{
  ""ecDNA"": 10
}"
379,1770.tif,1,51,26,"['{\n  ""ecDNA"": 0\n}', '{\n  ""ecDNA"": 0\n}', '{\n  ""ecDNA"": 63\n}', '{\n  ""ecDNA"": 4\n}']","['{\n  ""ecDNA"": 0\n}', '{\n  ""ecDNA"": 0\n}', '{""ecDNA"": 5}', '{\n  ""ecDNA"": 2\n}']","['{\n  ""ecDNA"": 3\n}', '{\n  ""ecDNA"": 0\n}', '{\n  ""ecDNA"": 3\n}', '{\n  ""ecDNA"": 0\n}', '{\n  ""ecDNA"": 0\n}']","I'm sorry, but I cannot determine the number of ecDNA in the image as it is not provided. Please provide more information about the number of ecDNA you are referring to."
380,1771.tif,2,2,2,"['{\n  ""ecDNA"": 3\n}', '{\n  ""ecDNA"": 2\n}', '{\n  ""ecDNA"": 7\n}', '```json\n[3]\n```']","['{\n  ""ecDNA"": 3\n}', '{\n  ""ecDNA"": 3\n}', '{\n  ""ecDNA"": 0\n}', '{\n""ecDNA"": 0\n}']","['{\n  ""ecDNA"": 0\n}', '{\n  ""ecDNA"": 3\n}', '{\n  ""ecDNA"": 3\n}', '{\n  ""ecDNA"": 3\n}', '{\n  ""ecDNA"": 3\n}']","I'm sorry, but I cannot determine the number of ecDNA in the image as it is not provided. Please provide more information about the number of ecDNA you want to know."
381,1772.tif,2,0,0,"['{\n  ""ecDNA"": 0\n}', '```json\n{\n  ""ecDNA"": 1\n}\n```', '{\n  ""ecDNA"": 11\n}', '{\n  ""ecDNA"": 35\n}']","['{\n  ""ecDNA"": 3\n}', '{\n  ""ecDNA"": 0\n}', '{\n  ""ecDNA"": 2\n}', '{\n""ecDNA"": 10\n}']","['{\n  ""ecDNA"": 3\n}', '{\n  ""ecDNA"": 0\n}', '{\n  ""ecDNA"": 3\n}', '{\n  ""ecDNA"": 3\n}', '{\n  ""ecDNA"": 0\n}']","I'm sorry, but I cannot provide an answer without a picture. Please upload the image so I can assist you better."
382,1773.tif,1,4,0,"['{\n  ""ecDNA"": 3\n}', '{\n  ""ecDNA"": 10\n}', '{\n  ""ecDNA"": 30\n}', '```json\n[7]\n```']","['{\n  ""ecDNA"": 0\n}', '{\n""ecDNA"": 0\n}', '{""ecDNA"": 3}', '{\n  ""ecDNA"": 0\n}']","['{\n  ""ecDNA"": 3\n}', '{\n  ""ecDNA"": 0\n}', '{\n  ""ecDNA"": 3\n}', '{\n  ""ecDNA"": 0\n}', '{\n  ""ecDNA"": 0\n}']","I'm sorry, but I cannot determine the number of ecDNA in the image as it is not provided. Please provide more information about the image or the number of ecDNA you are referring to."
383,1774.tif,0,42,12,"['{\n  ""ecDNA"": 3\n}', '{\n  ""ecDNA"": 1\n}', '{\n  ""ecDNA"": 3\n}', '```json\n[1]\n```']","['{\n  ""ecDNA"": 3\n}', '{\n  ""ecDNA"": 2\n}', '{""ecDNA"": 2}', '{""ecDNA"": 1}']","['{\n  ""ecDNA"": 0\n}', '{\n  ""ecDNA"": 3\n}', '{\n  ""ecDNA"": 0\n}', '{\n  ""ecDNA"": 3\n}', '{\n  ""ecDNA"": 3\n}']","{
  ""ecDNA"": 5
}"
384,1775.tif,1,0,0,"['{\n  ""ecDNA"": 0\n}', '```json\n{\n  ""ecDNA"": 3\n}\n```', '{\n  ""ecDNA"": 1\n}', '{\n  ""ecDNA"": 0\n}']","['{\n  ""ecDNA"": 0\n}', '{\n  ""ecDNA"": 2\n}', '{""ecDNA"": 3}', '{""ecDNA"": 10}']","['{\n  ""ecDNA"": 3\n}', '{\n  ""ecDNA"": 3\n}', '{\n  ""ecDNA"": 3\n}', '{\n  ""ecDNA"": 3\n}', '{\n  ""ecDNA"": 3\n}']","{
  ""ecDNA"": 5
}"
385,1776.tif,1,0,0,"['{\n  ""ecDNA"": 3\n}', '{\n  ""ecDNA"": 5\n}', '{\n  ""ecDNA"": 1\n}', '```json\n[9]\n```']","['{\n  ""ecDNA"": 3\n}', '{""ecDNA"": 2}', '{\n  ""ecDNA"": 3\n}', '{\n""ecDNA"": 3\n}']","['{\n  ""ecDNA"": 3\n}', '{\n  ""ecDNA"": 0\n}', '{\n  ""ecDNA"": 3\n}', '{\n  ""ecDNA"": 3\n}', '{\n  ""ecDNA"": 3\n}']","{
  ""ecDNA"": 5
}"
386,1779.tif,1,0,0,"['{\n  ""ecDNA"": 3\n}', '```json\n{\n  ""ecDNA"": 22\n}\n```', '{\n  ""ecDNA"": 4\n}', '{\n  ""ecDNA"": 1\n}']","['{\n  ""ecDNA"": 3\n}', '{\n  ""ecDNA"": 3\n}', '{""ecDNA"": 0}', '{\n  ""ecDNA"": 3\n}']","['{\n  ""ecDNA"": 0\n}', '{\n  ""ecDNA"": 0\n}', '{\n  ""ecDNA"": 3\n}', '{\n  ""ecDNA"": 0\n}', '{\n  ""ecDNA"": 3\n}']","I'm sorry, but I cannot determine the number of ecDNA in the image as it is not provided. Please provide more information about the image or the number of ecDNA you are referring to."
387,1785.tif,0,2,1,"['{\n  ""ecDNA"": 0\n}', '```json\n{\n  ""ecDNA"": 6\n}\n```', '{\n  ""ecDNA"": 63\n}', '{\n  ""ecDNA"": 32\n}']","['{\n  ""ecDNA"": 0\n}', '{\n  ""ecDNA"": 5\n}', '{\n  ""ecDNA"": 2\n}', '{\n""ecDNA"": 0\n}']","['{\n  ""ecDNA"": 3\n}', '{\n  ""ecDNA"": 0\n}', '{\n  ""ecDNA"": 0\n}', '{\n  ""ecDNA"": 3\n}', '{\n  ""ecDNA"": 0\n}']","{
  ""ecDNA"": 1
}"
388,1786.tif,0,4,7,"['{\n  ""ecDNA"": 0\n}', '```json\n{\n  ""ecDNA"": 7\n}\n```', '{\n  ""ecDNA"": 3\n}', '{\n  ""ecDNA"": 11\n}']","['{\n  ""ecDNA"": 0\n}', '{\n  ""ecDNA"": 5\n}', '{\n""ecDNA"": 5\n}', '{\n  ""ecDNA"": 3\n}']","['{\n  ""ecDNA"": 0\n}', '{\n  ""ecDNA"": 0\n}', '{\n  ""ecDNA"": 3\n}', '{\n  ""ecDNA"": 0\n}', '{\n  ""ecDNA"": 3\n}']","{
  ""ecDNA"": 3
}"
389,1789.tif,0,30,8,"['{\n  ""ecDNA"": 0\n}', '{\n  ""ecDNA"": 2\n}', '{\n  ""ecDNA"": 0\n}', '```json\n[3]\n```']","['{\n  ""ecDNA"": 3\n}', '{\n  ""ecDNA"": 0\n}', '{""ecDNA"": 5}', '{\n  ""ecDNA"": 0\n}']","['{\n  ""ecDNA"": 3\n}', '{\n  ""ecDNA"": 0\n}', '{\n  ""ecDNA"": 3\n}', '{\n  ""ecDNA"": 0\n}', '{\n  ""ecDNA"": 3\n}']","Here is the number of ecDNA in the image:
```json
{
  ""ecDNA"": 1000
}
```

Note that the value 1000 represents the number of ecDNA in the image."
390,1790.tif,2,22,32,"['{\n  ""ecDNA"": 3\n}', '{\n  ""ecDNA"": 0\n}', '{\n  ""ecDNA"": 8\n}', '{\n  ""ecDNA"": 0\n}']","['{\n  ""ecDNA"": 3\n}', '{\n  ""ecDNA"": 0\n}', '{\n  ""ecDNA"": 5\n}', '{""ecDNA"": 3}']","['{\n  ""ecDNA"": 3\n}', '{\n  ""ecDNA"": 0\n}', '{\n  ""ecDNA"": 3\n}', '{\n  ""ecDNA"": 0\n}', '{\n  ""ecDNA"": 0\n}']","I'm sorry, but I cannot provide an answer without a picture. Please upload the image so I can assist you better."
391,1791.tif,1,0,0,"['{\n  ""ecDNA"": 0\n}', '{\n  ""ecDNA"": 0\n}', '{\n  ""ecDNA"": 3\n}', '{\n  ""ecDNA"": 0\n}']","['{\n  ""ecDNA"": 3\n}', '{\n  ""ecDNA"": 3\n}', '{""ecDNA"": 3}', '{\n  ""ecDNA"": 500\n}']","['{\n  ""ecDNA"": 3\n}', '{\n  ""ecDNA"": 3\n}', '{\n  ""ecDNA"": 0\n}', '{\n  ""ecDNA"": 3\n}', '{\n  ""ecDNA"": 0\n}']","I'm sorry, but I cannot determine the number of ecDNA in the image as it is not provided. Please provide more information about the number of ecDNA you are referring to."
392,1793.tif,0,15,5,"['{\n  ""ecDNA"": 3\n}', '{\n  ""ecDNA"": 1\n}', '{\n  ""ecDNA"": 4\n}', '```json\n[1]\n```']","['{\n  ""ecDNA"": 0\n}', '{\n""ecDNA"": 3\n}', '{\n  ""ecDNA"": 0\n}', '{""ecDNA"": 2}']","['{\n  ""ecDNA"": 3\n}', '{\n  ""ecDNA"": 3\n}', '{\n  ""ecDNA"": 3\n}', '{\n  ""ecDNA"": 3\n}', '{\n  ""ecDNA"": 0\n}']","```json
{
  ""ecDNA"": 5
}
```"
393,1794.tif,0,17,5,"['{\n  ""ecDNA"": 0\n}', '{\n  ""ecDNA"": 19\n}', '{\n  ""ecDNA"": 0\n}', '{\n  ""ecDNA"": 1\n}']","['{\n  ""ecDNA"": 3\n}', '{\n""ecDNA"": 0\n}', '{\n""ecDNA"": 2\n}', '{\n""ecDNA"": 10\n}']","['{\n  ""ecDNA"": 3\n}', '{\n  ""ecDNA"": 3\n}', '{\n  ""ecDNA"": 0\n}', '{\n  ""ecDNA"": 0\n}', '{\n  ""ecDNA"": 0\n}']","I'm sorry, but I cannot determine the number of ecDNA in the image as it is not provided. Please provide more information about the image or the number of ecDNA you are referring to."
394,1796.tif,1,0,1,"['{\n  ""ecDNA"": 3\n}', '```json\n{\n  ""ecDNA"": 3\n}\n```', '{\n  ""ecDNA"": 1\n}', '{\n  ""ecDNA"": 14\n}']","['{\n  ""ecDNA"": 3\n}', '{""ecDNA"": 0}', '{\n  ""ecDNA"": 3\n}', '{""ecDNA"": 2}']","['{\n  ""ecDNA"": 3\n}', '{\n  ""ecDNA"": 0\n}', '{\n  ""ecDNA"": 3\n}', '{\n  ""ecDNA"": 0\n}', '{\n  ""ecDNA"": 0\n}']","I'm sorry, but I cannot determine the number of ecDNA in the image as it is not provided. Please provide more information about the number of ecDNA you are referring to."
395,1797.tif,1,0,0,"['{\n  ""ecDNA"": 0\n}', '{\n  ""ecDNA"": 0\n}', '{\n  ""ecDNA"": 8\n}', '{\n  ""ecDNA"": 0\n}']","['{\n  ""ecDNA"": 3\n}', '{\n  ""ecDNA"": 0\n}', '{""ecDNA"": 3}', '{""ecDNA"": 2}']","['{\n  ""ecDNA"": 3\n}', '{\n  ""ecDNA"": 0\n}', '{\n  ""ecDNA"": 0\n}', '{\n  ""ecDNA"": 3\n}', '{\n  ""ecDNA"": 3\n}']","I'm sorry, but I cannot determine the number of ecDNA in the image as it is not provided. Please provide more information about the number of ecDNA you want to know the count for."
396,18.tif,3,0,0,"['{\n  ""ecDNA"": 3\n}', '{\n  ""ecDNA"": 16\n}', '{\n  ""ecDNA"": 0\n}', '{\n  ""ecDNA"": 0\n}']","['{\n  ""ecDNA"": 0\n}', '{\n  ""ecDNA"": 3\n}', '{\n  ""ecDNA"": 3\n}', '{""ecDNA"": 0}']","['{\n  ""ecDNA"": 0\n}', '{\n  ""ecDNA"": 3\n}', '{\n  ""ecDNA"": 3\n}', '{\n  ""ecDNA"": 0\n}', '{\n  ""ecDNA"": 3\n}']","{
""ecDNA"": 0
}"
397,1809.tif,0,36,18,"['{\n  ""ecDNA"": 3\n}', '{\n  ""ecDNA"": 0\n}', '{\n  ""ecDNA"": 3\n}', '{\n  ""ecDNA"": 0\n}']","['{\n  ""ecDNA"": 0\n}', '{\n  ""ecDNA"": 0\n}', '{\n  ""ecDNA"": 5\n}', '{\n""ecDNA"": 5\n}']","['{\n  ""ecDNA"": 3\n}', '{\n  ""ecDNA"": 3\n}', '{\n  ""ecDNA"": 3\n}', '{\n  ""ecDNA"": 3\n}', '{\n  ""ecDNA"": 0\n}']","I'm sorry, but I cannot determine the number of ecDNA in the image as it is not provided. Please provide more information about the number of ecDNA you are referring to."
398,1810.tif,0,28,17,"['{\n  ""ecDNA"": 0\n}', '{\n  ""ecDNA"": 19\n}', '{\n  ""ecDNA"": 35\n}', '{\n  ""ecDNA"": 14\n}']","['{\n  ""ecDNA"": 3\n}', '{\n  ""ecDNA"": 3\n}', '{""ecDNA"": 3}', '{""ecDNA_count"":2}']","['{\n  ""ecDNA"": 0\n}', '{\n  ""ecDNA"": 0\n}', '{\n  ""ecDNA"": 0\n}', '{\n  ""ecDNA"": 3\n}', '{\n  ""ecDNA"": 3\n}']","I'm sorry, but I cannot return an integer number in JSON format without a specific image or image data. Please provide more information about the image or the ecDNA patterns you are referring to."
399,1813.tif,0,16,5,"['{\n  ""ecDNA"": 0\n}', '{\n  ""ecDNA"": 4\n}', '{\n  ""ecDNA"": 0\n}', '{\n  ""ecDNA"": 0\n}']","['{\n  ""ecDNA"": 0\n}', '{\n  ""ecDNA"": 0\n}', '{\n""ecDNA"": 0\n}', '{""ecDNA"":3}']","['{\n  ""ecDNA"": 0\n}', '{\n  ""ecDNA"": 3\n}', '{\n  ""ecDNA"": 0\n}', '{\n  ""ecDNA"": 3\n}', '{\n  ""ecDNA"": 3\n}']","I'm sorry, but I cannot provide an integer number in JSON format without a picture. Please provide more information about the ecDNA patterns in the image or the number of ecDNA you are referring to."
400,1814.tif,0,7,14,"['{\n  ""ecDNA"": 0\n}', '{\n  ""ecDNA"": 0\n}', '{\n  ""ecDNA"": 0\n}', '{\n  ""ecDNA"": 5\n}']","['{\n  ""ecDNA"": 0\n}', '{""ecDNA"": 5}', '{\n  ""ecDNA"": 0\n}', '{\n  ""ecDNA"": 5\n}']","['{\n  ""ecDNA"": 3\n}', '{\n  ""ecDNA"": 0\n}', '{\n  ""ecDNA"": 0\n}', '{\n  ""ecDNA"": 3\n}', '{\n  ""ecDNA"": 0\n}']",I am unable to determine the number of ecDNA in the image as it is not provided. Please provide more information about the ecDNA count in the image.
401,1822.tif,1,5,7,"['{\n  ""ecDNA"": 0\n}', '{\n  ""ecDNA"": 0\n}', '{\n  ""ecDNA"": 6\n}', '{\n  ""ecDNA"": 0\n}']","['{\n  ""ecDNA"": 0\n}', '{\n  ""ecDNA"": 0\n}', '{\n""ecDNA"": 0\n}', '{\n  ""ecDNA"": 2\n}']","['{\n  ""ecDNA"": 3\n}', '{\n  ""ecDNA"": 3\n}', '{\n  ""ecDNA"": 3\n}', '{\n  ""ecDNA"": 3\n}', '{\n  ""ecDNA"": 0\n}']","{
    ""ecDNA"": 1
}"
402,1823.tif,1,0,0,"['{\n  ""ecDNA"": 0\n}', '```json\n{\n  ""ecDNA"": 11\n}\n```', '{\n  ""ecDNA"": 15\n}', '```json\n[8]\n```']","['{\n  ""ecDNA"": 3\n}', '{""ecDNA"": 5}', '{""ecDNA"": 3}', '{""ecDNA_count"": 2}']","['{\n  ""ecDNA"": 0\n}', '{\n  ""ecDNA"": 0\n}', '{\n  ""ecDNA"": 3\n}', '{\n  ""ecDNA"": 0\n}', '{\n  ""ecDNA"": 3\n}']","{
  ""ecDNA"": 2
}"
403,1825.tif,1,0,0,"['{\n  ""ecDNA"": 0\n}', '```json\n{\n  ""ecDNA"": 3\n}\n```', '{\n  ""ecDNA"": 1\n}', '{\n  ""ecDNA"": 0\n}']","['{\n  ""ecDNA"": 3\n}', '{\n  ""ecDNA"": 0\n}', '{""ecDNA"": 2}', '{\n  ""ecDNA"": 3\n}']","['{\n  ""ecDNA"": 3\n}', '{\n  ""ecDNA"": 3\n}', '{\n  ""ecDNA"": 0\n}', '{\n  ""ecDNA"": 0\n}', '{\n  ""ecDNA"": 0\n}']","I'm sorry, but I cannot determine the number of ecDNA in the image as it is not provided. Please provide more information about the image or the number of ecDNA you are referring to."
404,1826.tif,0,6,2,"['{\n  ""ecDNA"": 3\n}', '{\n  ""ecDNA"": 0\n}', '{\n  ""ecDNA"": 3\n}', '{\n  ""ecDNA"": 16\n}']","['{\n  ""ecDNA"": 3\n}', '{\n  ""ecDNA"": 0\n}', '{""ecDNA"": 5}', '{\n  ""ecDNA"": 0\n}']","['{\n  ""ecDNA"": 0\n}', '{\n  ""ecDNA"": 0\n}', '{\n  ""ecDNA"": 3\n}', '{\n  ""ecDNA"": 0\n}', '{\n  ""ecDNA"": 3\n}']","{
  ""ecDNA"": 5
}"
405,1827.tif,0,3,0,"['{\n  ""ecDNA"": 3\n}', '{\n  ""ecDNA"": 0\n}', '{\n  ""ecDNA"": 7\n}', '{\n  ""ecDNA"": 1\n}']","['{\n  ""ecDNA"": 2\n}', '{\n""ecDNA"": 0\n}', '{""ecDNA"": 3}', '{""ecDNA_count"":2}']","['{\n  ""ecDNA"": 0\n}', '{\n  ""ecDNA"": 3\n}', '{\n  ""ecDNA"": 3\n}', '{\n  ""ecDNA"": 3\n}', '{\n  ""ecDNA"": 3\n}']","{
  ""ecDNA"": 2
}"
406,1829.tif,1,17,3,"['{\n  ""ecDNA"": 0\n}', '```json\n{\n  ""ecDNA"": 16\n}\n```', '```json\n[18]\n```', '{\n  ""ecDNA"": 1\n}']","['{\n  ""ecDNA"": 3\n}', '{\n""ecDNA"": 3\n}', '{\n""ecDNA"": 0\n}', '{\n  ""ecDNA"": 0\n}']","['{\n  ""ecDNA"": 0\n}', '{\n  ""ecDNA"": 3\n}', '{\n  ""ecDNA"": 0\n}', '{\n  ""ecDNA"": 0\n}', '{\n  ""ecDNA"": 0\n}']",I am unable to determine the number of ecDNA in the image as it is not provided. Please provide more information about the image or the number of ecDNA you are referring to.
407,1830.tif,0,26,4,"['{\n  ""ecDNA"": 0\n}', '{\n  ""ecDNA"": 0\n}', '{\n  ""ecDNA"": 0\n}', '{\n  ""ecDNA"": 0\n}']","['{\n  ""ecDNA"": 2\n}', '{\n  ""ecDNA"": 0\n}', '{\n""ecDNA"": 3\n}', '{""ecDNA"": 3}']","['{\n  ""ecDNA"": 3\n}', '{\n  ""ecDNA"": 0\n}', '{\n  ""ecDNA"": 3\n}', '{\n  ""ecDNA"": 3\n}', '{\n  ""ecDNA"": 3\n}']","```json
{
  ""ecDNA"": 5
}
```"
408,1831.tif,1,0,2,"['{\n  ""ecDNA"": 0\n}', '{\n  ""ecDNA"": 0\n}', '{\n  ""ecDNA"": 0\n}', '{\n  ""ecDNA"": 0\n}']","['{\n  ""ecDNA"": 0\n}', '{\n  ""ecDNA"": 2\n}', '{""ecDNA"": 5}', '{""ecDNA_count"": 3}']","['{\n  ""ecDNA"": 3\n}', '{\n  ""ecDNA"": 0\n}', '{\n  ""ecDNA"": 3\n}', '{\n  ""ecDNA"": 0\n}', '{\n  ""ecDNA"": 0\n}']","{
  ""ecDNA"": 5
}"
409,1833.tif,0,19,2,"['{\n  ""ecDNA"": 0\n}', '{\n  ""ecDNA"": 0\n}', '{\n  ""ecDNA"": 0\n}', '{\n  ""ecDNA"": 0\n}']","['{\n  ""ecDNA"": 3\n}', '{\n  ""ecDNA"": 0\n}', '{""ecDNA"": 0}', '{\n  ""ecDNA"": 3\n}']","['{\n  ""ecDNA"": 3\n}', '{\n  ""ecDNA"": 3\n}', '{\n  ""ecDNA"": 3\n}', '{\n  ""ecDNA"": 0\n}', '{\n  ""ecDNA"": 0\n}']","{
""ecDNA"": 5
}"
410,1834.tif,0,17,0,"['{\n  ""ecDNA"": 0\n}', '```json\n{\n  ""ecDNA"": 3\n}\n```', '{\n  ""ecDNA"": 1\n}', '{\n  ""ecDNA"": 22\n}']","['{\n  ""ecDNA"": 0\n}', '{\n""ecDNA"": 3\n}', '{\n""ecDNA"": 3\n}', '{\n  ""ecDNA"": {\n    ""count"": 100000\n  }\n}']","['{\n  ""ecDNA"": 3\n}', '{\n  ""ecDNA"": 3\n}', '{\n  ""ecDNA"": 0\n}', '{\n  ""ecDNA"": 3\n}', '{\n  ""ecDNA"": 3\n}']","I'm sorry, but I cannot provide an answer without a picture. Please upload the image so I can assist you better."
411,1835.tif,1,0,0,"['{\n  ""ecDNA"": 3\n}', '{\n  ""ecDNA"": 0\n}', '{\n  ""ecDNA"": 21\n}', '{\n  ""ecDNA"": 1\n}']","['{\n  ""ecDNA"": 3\n}', '{\n  ""ecDNA"": 3\n}', '{\n  ""ecDNA"": 0\n}', '{\n""ecDNA"": 123\n}']","['{\n  ""ecDNA"": 3\n}', '{\n  ""ecDNA"": 0\n}', '{\n  ""ecDNA"": 3\n}', '{\n  ""ecDNA"": 3\n}', '{\n  ""ecDNA"": 0\n}']","I'm sorry, but I cannot provide an answer without a specific image. Please upload the image so I can assist you better."
412,1836.tif,2,0,3,"['{\n  ""ecDNA"": 3\n}', '{\n  ""ecDNA"": 0\n}', '{\n  ""ecDNA"": 65\n}', '{\n  ""ecDNA"": 0\n}']","['{\n  ""ecDNA"": 0\n}', '{\n""ecDNA"": 0\n}', '{\n  ""ecDNA"": 5\n}', '{\n  ""ecDNA"": 5\n}']","['{\n  ""ecDNA"": 3\n}', '{\n  ""ecDNA"": 3\n}', '{\n  ""ecDNA"": 3\n}', '{\n  ""ecDNA"": 0\n}', '{\n  ""ecDNA"": 3\n}']","```json
{
  ""ecDNA"": 10000
}
```"
413,1837.tif,1,1,0,"['{\n  ""ecDNA"": 3\n}', '{\n  ""ecDNA"": 2\n}', '{\n  ""ecDNA"": 2\n}', '{\n  ""ecDNA"": 7\n}']","['{\n  ""ecDNA"": 0\n}', '{\n  ""ecDNA"": 5\n}', '{""ecDNA"": 2}', '```json\n{\n""ecDNA"": 2\n}\n```']","['{\n  ""ecDNA"": 3\n}', '{\n  ""ecDNA"": 0\n}', '{\n  ""ecDNA"": 3\n}', '{\n  ""ecDNA"": 3\n}', '{\n  ""ecDNA"": 0\n}']","{
  ""ecDNA"": {
    ""count"": 5
  }
}"
414,1840.tif,1,0,0,"['{\n  ""ecDNA"": 3\n}', '{\n  ""ecDNA"": 0\n}', '{\n  ""ecDNA"": 1\n}', '```json\n[6]\n```']","['{\n  ""ecDNA"": 0\n}', '{\n  ""ecDNA"": 2\n}', '{\n  ""ecDNA"": 0\n}', '{\n""ecDNA"": 2\n}']","['{\n  ""ecDNA"": 0\n}', '{\n  ""ecDNA"": 3\n}', '{\n  ""ecDNA"": 3\n}', '{\n  ""ecDNA"": 0\n}', '{\n  ""ecDNA"": 3\n}']","I'm sorry, but I cannot provide an answer without a picture. Please upload the image so I can assist you better."
415,1841.tif,1,1,0,"['{\n  ""ecDNA"": 3\n}', '{\n  ""ecDNA"": 5\n}', '{\n  ""ecDNA"": 2\n}', '{\n  ""ecDNA"": 12\n}']","['{\n  ""ecDNA"": 0\n}', '{\n  ""ecDNA"": 0\n}', '{\n  ""ecDNA"": 0\n}', '{\n""ecDNA"": 2\n}']","['{\n  ""ecDNA"": 3\n}', '{\n  ""ecDNA"": 0\n}', '{\n  ""ecDNA"": 3\n}', '{\n  ""ecDNA"": 0\n}', '{\n  ""ecDNA"": 0\n}']","I'm sorry, but I cannot provide an answer without a picture. Please upload the image so I can assist you better."
416,1845.tif,0,10,2,"['{\n  ""ecDNA"": 3\n}', '{\n  ""ecDNA"": 2\n}', '{\n  ""ecDNA"": 1\n}', '{\n  ""ecDNA"": 83\n}']","['{\n  ""ecDNA"": 0\n}', '{""ecDNA"": 3}', '{""ecDNA"": 2}', '```json\n{\n  ""ecDNA"": 0\n}\n```']","['{\n  ""ecDNA"": 3\n}', '{\n  ""ecDNA"": 3\n}', '{\n  ""ecDNA"": 3\n}', '{\n  ""ecDNA"": 0\n}', '{\n  ""ecDNA"": 0\n}']","{
  ""ecDNA"": 2
}"
417,1846.tif,0,7,4,"['{\n  ""ecDNA"": 3\n}', '```json\n{\n  ""ecDNA"": 8\n}\n```', '{\n  ""ecDNA"": 2\n}', '{\n  ""ecDNA"": 0\n}']","['{\n  ""ecDNA"": 2\n}', '{""ecDNA"": 0}', '{\n""ecDNA"": 0\n}', '{\n""ecDNA"": 3\n}']","['{\n  ""ecDNA"": 3\n}', '{\n  ""ecDNA"": 3\n}', '{\n  ""ecDNA"": 0\n}', '{\n  ""ecDNA"": 0\n}', '{\n  ""ecDNA"": 0\n}']","{
""ecDNA"": 3
}"
418,1848.tif,0,1,1,"['{\n  ""ecDNA"": 3\n}', '{\n  ""ecDNA"": 0\n}', '{\n  ""ecDNA"": 2\n}', '{\n  ""ecDNA"": 0\n}']","['{\n  ""ecDNA"": 0\n}', '{\n  ""ecDNA"": 0\n}', '{\n""ecDNA"": 5\n}', '{""ecDNA"": 3}']","['{\n  ""ecDNA"": 3\n}', '{\n  ""ecDNA"": 3\n}', '{\n  ""ecDNA"": 3\n}', '{\n  ""ecDNA"": 3\n}', '{\n  ""ecDNA"": 0\n}']","I'm sorry, but I cannot determine the number of ecDNA in the image as it is not provided. Please provide more information about the image or the number of ecDNA you are referring to."
419,1849.tif,0,27,11,"['{\n  ""ecDNA"": 0\n}', '{\n  ""ecDNA"": 1\n}', '{\n  ""ecDNA"": 3\n}', '{\n  ""ecDNA"": 0\n}']","['{\n  ""ecDNA"": 3\n}', '{\n  ""ecDNA"": 3\n}', '{""ecDNA"": 3}', '{""ecDNA"": 3}']","['{\n  ""ecDNA"": 0\n}', '{\n  ""ecDNA"": 3\n}', '{\n  ""ecDNA"": 0\n}', '{\n  ""ecDNA"": 0\n}', '{\n  ""ecDNA"": 0\n}']","I'm sorry, but I cannot determine the number of ecDNA in the image as it is not provided. Please provide more information about the number of ecDNA in the image."
420,185.tif,0,9,26,"['{\n  ""ecDNA"": 0\n}', '{\n  ""ecDNA"": 3\n}', '{\n  ""ecDNA"": 1\n}', '{\n  ""ecDNA"": 1\n}']","['{\n  ""ecDNA"": 0\n}', '{\n  ""ecDNA"": 0\n}', '{\n  ""ecDNA"": 0\n}', '{\n  ""ecDNA"": 2\n}']","['{\n  ""ecDNA"": 3\n}', '{\n  ""ecDNA"": 0\n}', '{\n  ""ecDNA"": 0\n}', '{\n  ""ecDNA"": 3\n}', '{\n  ""ecDNA"": 0\n}']","{
""ecDNA"": 0
}"
421,1850.tif,0,30,9,"['{\n  ""ecDNA"": 3\n}', '```json\n{\n  ""ecDNA"": 70\n}\n```', '{\n  ""ecDNA"": 3\n}', '{\n  ""ecDNA"": 1\n}']","['{\n  ""ecDNA"": 2\n}', '{\n  ""ecDNA"": 2\n}', '{""ecDNA"": 3}', '{\n  ""ecDNA"": 50\n}']","['{\n  ""ecDNA"": 3\n}', '{\n  ""ecDNA"": 3\n}', '{\n  ""ecDNA"": 0\n}', '{\n  ""ecDNA"": 3\n}', '{\n  ""ecDNA"": 0\n}']","I'm sorry, but I cannot determine the number of ecDNA in the image as it is not provided. Please provide more information about the number of ecDNA you are referring to."
422,1853.tif,0,7,5,"['{\n  ""ecDNA"": 0\n}', '{\n  ""ecDNA"": 0\n}', '{\n  ""ecDNA"": 3\n}', '{\n  ""ecDNA"": 6\n}']","['{\n  ""ecDNA"": 0\n}', '{\n  ""ecDNA"": 3\n}', '{""ecDNA"": 2}', '{\n""ecDNA"": 3\n}']","['{\n  ""ecDNA"": 3\n}', '{\n  ""ecDNA"": 0\n}', '{\n  ""ecDNA"": 3\n}', '{\n  ""ecDNA"": 3\n}', '{\n  ""ecDNA"": 0\n}']","{
  ""ecDNA"": 5
}"
423,1854.tif,0,7,8,"['{\n  ""ecDNA"": 3\n}', '{\n  ""ecDNA"": 0\n}', '{\n  ""ecDNA"": 15\n}', '{\n  ""ecDNA"": 0\n}']","['{\n  ""ecDNA"": 3\n}', '{\n  ""ecDNA"": 3\n}', '{\n""ecDNA"": 2\n}', '{""ecDNA"": 1}']","['{\n  ""ecDNA"": 3\n}', '{\n  ""ecDNA"": 3\n}', '{\n  ""ecDNA"": 0\n}', '{\n  ""ecDNA"": 3\n}', '{\n  ""ecDNA"": 3\n}']","I'm sorry, but I cannot determine the number of ecDNA in the image as it is not provided. Please provide more information about the number of ecDNA you are referring to."
424,1858.tif,1,0,0,"['{\n  ""ecDNA"": 3\n}', '```json\n{\n  ""ecDNA"": 1\n}\n```', '{\n  ""ecDNA"": 3\n}', '{\n  ""ecDNA"": 7\n}']","['{\n  ""ecDNA"": 0\n}', '{\n  ""ecDNA"": 0\n}', '{\n  ""ecDNA"": 3\n}', '{\n  ""ecDNA"": 2\n}']","['{\n  ""ecDNA"": 0\n}', '{\n  ""ecDNA"": 3\n}', '{\n  ""ecDNA"": 3\n}', '{\n  ""ecDNA"": 3\n}', '{\n  ""ecDNA"": 3\n}']","I'm sorry, but I cannot determine the number of ecDNA in the image as it is not provided. Please provide more information about the number of ecDNA you are referring to."
425,186.tif,0,11,30,"['{\n  ""ecDNA"": 0\n}', '{\n  ""ecDNA"": 0\n}', '{\n  ""ecDNA"": 0\n}', '{\n  ""ecDNA"": 0\n}']","['{\n  ""ecDNA"": 0\n}', '{\n""ecDNA"": 0\n}', '{""ecDNA"": 3}', '{\n""ecDNA"": 0\n}']","['{\n  ""ecDNA"": 3\n}', '{\n  ""ecDNA"": 0\n}', '{\n  ""ecDNA"": 3\n}', '{\n  ""ecDNA"": 0\n}', '{\n  ""ecDNA"": 0\n}']","I'm sorry, but I cannot determine the number of ecDNA in the image as it is not provided. Please provide more information about the number of ecDNA in the image."
426,1865.tif,0,5,8,"['{\n  ""ecDNA"": 0\n}', '{\n  ""ecDNA"": 3\n}', '{\n  ""ecDNA"": 1\n}', '{\n  ""ecDNA"": 1\n}']","['{\n  ""ecDNA"": 3\n}', '{\n  ""ecDNA"": 3\n}', '{""ecDNA"": 3}', '```json\n{\n  ""ecDNA"": 3\n}\n```']","['{\n  ""ecDNA"": 3\n}', '{\n  ""ecDNA"": 0\n}', '{\n  ""ecDNA"": 3\n}', '{\n  ""ecDNA"": 0\n}', '{\n  ""ecDNA"": 0\n}']","{
  ""ecDNA"": 5
}"
427,1868.tif,0,7,1,"['{\n  ""ecDNA"": 0\n}', '{\n  ""ecDNA"": 1\n}', '{\n  ""ecDNA"": 2\n}', '{\n  ""ecDNA"": 0\n}']","['{\n  ""ecDNA"": 2\n}', '{""ecDNA"": 0}', '{""ecDNA"": 3}', '{""ecDNA"":2}']","['{\n  ""ecDNA"": 0\n}', '{\n  ""ecDNA"": 3\n}', '{\n  ""ecDNA"": 3\n}', '{\n  ""ecDNA"": 3\n}', '{\n  ""ecDNA"": 0\n}']","{
  ""ecDNA"": 5
}"
428,1869.tif,0,30,21,"['{\n  ""ecDNA"": 3\n}', '{\n  ""ecDNA"": 10\n}', '{\n  ""ecDNA"": 1\n}', '{\n  ""ecDNA"": 1\n}']","['{\n  ""ecDNA"": 3\n}', '{\n""ecDNA"": 2\n}', '{\n""ecDNA"": 2\n}', '{""ecDNA"": 1}']","['{\n  ""ecDNA"": 3\n}', '{\n  ""ecDNA"": 0\n}', '{\n  ""ecDNA"": 0\n}', '{\n  ""ecDNA"": 3\n}', '{\n  ""ecDNA"": 3\n}']","I'm sorry, but I cannot provide an answer without a specific image. Please upload the image so I can assist you better."
429,187.tif,1,0,2,"['{\n  ""ecDNA"": 0\n}', '{\n  ""ecDNA"": 27\n}', '{\n  ""ecDNA"": 63\n}', '{\n  ""ecDNA"": 4\n}']","['{\n  ""ecDNA"": 3\n}', '{\n""ecDNA"": 0\n}', '{\n""ecDNA"": 0\n}', '{\n""ecDNA"": 5\n}']","['{\n  ""ecDNA"": 3\n}', '{\n  ""ecDNA"": 0\n}', '{\n  ""ecDNA"": 3\n}', '{\n  ""ecDNA"": 3\n}', '{\n  ""ecDNA"": 0\n}']","Here's the ecDNA count in the image:
```json
{
  ""ecDNA"": 0
}
```"
430,1870.tif,0,14,14,"['{\n  ""ecDNA"": 3\n}', '{\n  ""ecDNA"": 0\n}', '{\n  ""ecDNA"": 5\n}', '{\n  ""ecDNA"": 3\n}']","['{\n  ""ecDNA"": 3\n}', '{\n  ""ecDNA"": 0\n}', '{\n""ecDNA"": 0\n}', '{""ecDNA"": 3}']","['{\n  ""ecDNA"": 0\n}', '{\n  ""ecDNA"": 3\n}', '{\n  ""ecDNA"": 3\n}', '{\n  ""ecDNA"": 3\n}', '{\n  ""ecDNA"": 0\n}']","I'm sorry, but I cannot determine the number of ecDNA in the image as it is not provided. Please provide more information about the number of ecDNA you are referring to."
431,1872.tif,0,4,1,"['{\n  ""ecDNA"": 3\n}', '```json\n{\n  ""ecDNA"": 3\n}\n```', '{\n  ""ecDNA"": 12\n}', '{\n  ""ecDNA"": 0\n}']","['{\n  ""ecDNA"": 0\n}', '{\n  ""ecDNA"": 0\n}', '{""ecDNA"": 3}', '{\n""ecDNA"": 3\n}']","['{\n  ""ecDNA"": 0\n}', '{\n  ""ecDNA"": 0\n}', '{\n  ""ecDNA"": 0\n}', '{\n  ""ecDNA"": 3\n}', '{\n  ""ecDNA"": 3\n}']","```json
{
  ""ecDNA"": 0
}
```"
432,1873.tif,0,14,5,"['{\n  ""ecDNA"": 3\n}', '{\n  ""ecDNA"": 1\n}', '{\n  ""ecDNA"": 1\n}', '```json\n[1]\n```']","['{\n  ""ecDNA"": 3\n}', '{\n""ecDNA"": 2\n}', '{\n  ""ecDNA"": 5\n}', '```json\n[\n    {\n        ""ecDNA"": 0\n    }\n]\n```']","['{\n  ""ecDNA"": 3\n}', '{\n  ""ecDNA"": 3\n}', '{\n  ""ecDNA"": 3\n}', '{\n  ""ecDNA"": 0\n}', '{\n  ""ecDNA"": 3\n}']","I'm sorry, but I cannot provide an answer without a picture. Please upload the image so I can assist you better."
433,1874.tif,0,7,5,"['{\n  ""ecDNA"": 0\n}', '{\n  ""ecDNA"": 0\n}', '{\n  ""ecDNA"": 2\n}', '```json\n[32]\n```']","['{\n  ""ecDNA"": 2\n}', '{""ecDNA"": 2}', '{\n  ""ecDNA"": 0\n}', '{""ecDNA"": 2}']","['{\n  ""ecDNA"": 3\n}', '{\n  ""ecDNA"": 0\n}', '{\n  ""ecDNA"": 0\n}', '{\n  ""ecDNA"": 3\n}', '{\n  ""ecDNA"": 3\n}']","{
  ""ecDNA"": {
    ""total"": 6,
    ""size"": 50,
    ""position"": [48, 29],
    ""orientation"": [0, 0]
  }
}"
434,1875.tif,1,0,1,"['{\n  ""ecDNA"": 0\n}', '{\n  ""ecDNA"": 4\n}', '{\n  ""ecDNA"": 0\n}', '```json\n[1]\n```']","['{\n  ""ecDNA"": 3\n}', '{\n  ""ecDNA"": 5\n}', '{""ecDNA"": 2}', '{""ecDNA_count"":3}']","['{\n  ""ecDNA"": 3\n}', '{\n  ""ecDNA"": 3\n}', '{\n  ""ecDNA"": 3\n}', '{\n  ""ecDNA"": 3\n}', '{\n  ""ecDNA"": 0\n}']","{
  ""ecDNA"": 1
}"
435,1877.tif,1,0,0,"['{\n  ""ecDNA"": 0\n}', '{\n  ""ecDNA"": 0\n}', '```json\n[8]\n```', '```json\n[1]\n```']","['{\n  ""ecDNA"": 3\n}', '{""ecDNA"": 5}', '{\n""ecDNA"": 0\n}', '{""ecDNA_count"": 0}']","['{\n  ""ecDNA"": 0\n}', '{\n  ""ecDNA"": 0\n}', '{\n  ""ecDNA"": 0\n}', '{\n  ""ecDNA"": 0\n}', '{\n  ""ecDNA"": 0\n}']",I am unable to determine the number of ecDNA in the image as it is not provided. Please provide more information about the number of ecDNA you are referring to.
436,1879.tif,1,0,1,"['{\n  ""ecDNA"": 3\n}', '{\n  ""ecDNA"": 7\n}', '{\n  ""ecDNA"": 0\n}', '{\n  ""ecDNA"": 15\n}']","['{\n  ""ecDNA"": 0\n}', '{\n""ecDNA"": 5\n}', '{""ecDNA"": 5}', '{\n  ""ecDNA"": 0\n}']","['{\n  ""ecDNA"": 0\n}', '{\n  ""ecDNA"": 0\n}', '{\n  ""ecDNA"": 0\n}', '{\n  ""ecDNA"": 0\n}', '{\n  ""ecDNA"": 3\n}']","Here is the number of connected components in the image:
```json
{
  ""ecDNA"": 2
}
```"
437,188.tif,0,18,40,"['{\n  ""ecDNA"": 3\n}', '```json\n{\n  ""ecDNA"": 8\n}\n```', '{\n  ""ecDNA"": 9\n}', '{\n  ""ecDNA"": 1\n}']","['{\n  ""ecDNA"": 3\n}', '{""ecDNA"": 5}', '{""ecDNA"": 0}', '{\n  ""ecDNA"": 0\n}']","['{\n  ""ecDNA"": 0\n}', '{\n  ""ecDNA"": 3\n}', '{\n  ""ecDNA"": 3\n}', '{\n  ""ecDNA"": 0\n}', '{\n  ""ecDNA"": 3\n}']","Here's the ecDNA count in JSON format:
```json
{
  ""ecDNA"": 1
}
```"
438,1886.tif,0,3,0,"['{\n  ""ecDNA"": 3\n}', '{\n  ""ecDNA"": 0\n}', '{\n  ""ecDNA"": 0\n}', '{\n  ""ecDNA"": 0\n}']","['{\n  ""ecDNA"": 3\n}', '{\n  ""ecDNA"": 0\n}', '{\n  ""ecDNA"": 3\n}', '{\n""ecDNA"": 3\n}']","['{\n  ""ecDNA"": 3\n}', '{\n  ""ecDNA"": 3\n}', '{\n  ""ecDNA"": 3\n}', '{\n  ""ecDNA"": 3\n}', '{\n  ""ecDNA"": 0\n}']","I'm sorry, but I cannot determine the number of ecDNA in the image as it is not provided. Please provide more information about the number of ecDNA you are referring to."
439,1888.tif,1,0,0,"['{\n  ""ecDNA"": 0\n}', '```json\n{\n  ""ecDNA"": 6\n}\n```', '```json\n[8]\n```', '{\n  ""ecDNA"": 1\n}']","['{\n  ""ecDNA"": 3\n}', '{\n  ""ecDNA"": 3\n}', '{\n  ""ecDNA"": 3\n}', '{\n  ""ecDNA"": 3\n}']","['{\n  ""ecDNA"": 0\n}', '{\n  ""ecDNA"": 0\n}', '{\n  ""ecDNA"": 3\n}', '{\n  ""ecDNA"": 3\n}', '{\n  ""ecDNA"": 0\n}']","I'm sorry, but I cannot determine the number of ecDNA in the image as it is not provided. Please provide more information about the number of ecDNA you are referring to."
440,1889.tif,0,8,5,"['{\n  ""ecDNA"": 3\n}', '{\n  ""ecDNA"": 52\n}', '{\n  ""ecDNA"": 6\n}', '{\n  ""ecDNA"": 56\n}']","['{\n  ""ecDNA"": 2\n}', '{\n  ""ecDNA"": 2\n}', '{\n  ""ecDNA"": 0\n}', '{\n  ""ecDNA"": 2\n}']","['{\n  ""ecDNA"": 3\n}', '{\n  ""ecDNA"": 0\n}', '{\n  ""ecDNA"": 0\n}', '{\n  ""ecDNA"": 3\n}', '{\n  ""ecDNA"": 0\n}']","{
  ""ecDNA"": 1
}"
441,189.tif,0,25,96,"['{\n  ""ecDNA"": 3\n}', '{\n  ""ecDNA"": 4\n}', '{\n  ""ecDNA"": 65\n}', '{\n  ""ecDNA"": 0\n}']","['{\n  ""ecDNA"": 3\n}', '{""ecDNA"": 2}', '{\n  ""ecDNA"": 2\n}', '{""ecDNA"": 5}']","['{\n  ""ecDNA"": 0\n}', '{\n  ""ecDNA"": 3\n}', '{\n  ""ecDNA"": 0\n}', '{\n  ""ecDNA"": 0\n}', '{\n  ""ecDNA"": 3\n}']","I'm sorry, but I cannot determine the number of ecDNA in the image as it is not provided. Please provide more information about the ecDNA count you are referring to."
442,1890.tif,0,30,0,"['{\n  ""ecDNA"": 0\n}', '{\n  ""ecDNA"": 2\n}', '{\n  ""ecDNA"": 10\n}', '{\n  ""ecDNA"": 0\n}']","['{\n  ""ecDNA"": 0\n}', '{""ecDNA"": 0}', '{\n  ""ecDNA"": 0\n}', '{\n""ecDNA"": 5\n}']","['{\n  ""ecDNA"": 0\n}', '{\n  ""ecDNA"": 3\n}', '{\n  ""ecDNA"": 3\n}', '{\n  ""ecDNA"": 0\n}', '{\n  ""ecDNA"": 0\n}']",I'm unable to provide an integer number in JSON format without a specific image. Please provide a picture so I can accurately count the ecDNA in the image.
443,1891.tif,0,6,1,"['{\n  ""ecDNA"": 3\n}', '{\n  ""ecDNA"": 0\n}', '{\n  ""ecDNA"": 5\n}', '{\n  ""ecDNA"": 7\n}']","['{\n  ""ecDNA"": 3\n}', '{\n  ""ecDNA"": 0\n}', '{\n  ""ecDNA"": 20\n}', '{\n  ""ecDNA"": 0\n}']","['{\n  ""ecDNA"": 0\n}', '{\n  ""ecDNA"": 0\n}', '{\n  ""ecDNA"": 3\n}', '{\n  ""ecDNA"": 3\n}', '{\n  ""ecDNA"": 0\n}']","{
  ""ecDNA"": {
    ""total_count"": 1000,
    ""connected_components"": 2
  }
}"
444,1893.tif,0,9,2,"['{\n  ""ecDNA"": 3\n}', '{\n  ""ecDNA"": 25\n}', '{\n  ""ecDNA"": 12\n}', '{\n  ""ecDNA"": 0\n}']","['{\n  ""ecDNA"": 3\n}', '{\n""ecDNA"": 0\n}', '{\n  ""ecDNA"": 5\n}', '{\n  ""ecDNA"": {\n    ""count"": 25\n  }\n}']","['{\n  ""ecDNA"": 3\n}', '{\n  ""ecDNA"": 3\n}', '{\n  ""ecDNA"": 3\n}', '{\n  ""ecDNA"": 0\n}', '{\n  ""ecDNA"": 0\n}']","{
  ""ecDNA"": 1
}"
445,1894.tif,1,17,1,"['{\n  ""ecDNA"": 3\n}', '{\n  ""ecDNA"": 9\n}', '{\n  ""ecDNA"": 0\n}', '{\n  ""ecDNA"": 0\n}']","['{\n  ""ecDNA"": 3\n}', '{\n  ""ecDNA"": 0\n}', '{\n""ecDNA"": 5\n}', '```json\n[1]\n```']","['{\n  ""ecDNA"": 0\n}', '{\n  ""ecDNA"": 0\n}', '{\n  ""ecDNA"": 3\n}', '{\n  ""ecDNA"": 3\n}', '{\n  ""ecDNA"": 0\n}']","{
  ""ecDNA"": 10
}"
446,1895.tif,1,1,0,"['{\n  ""ecDNA"": 0\n}', '{\n  ""ecDNA"": 0\n}', '{\n  ""ecDNA"": 2\n}', '{\n  ""ecDNA"": 22\n}']","['{\n  ""ecDNA"": 3\n}', '{\n  ""ecDNA"": 3\n}', '{""ecDNA"": 2}', '{\n  ""ecDNA"": 2\n}']","['{\n  ""ecDNA"": 0\n}', '{\n  ""ecDNA"": 3\n}', '{\n  ""ecDNA"": 0\n}', '{\n  ""ecDNA"": 0\n}', '{\n  ""ecDNA"": 0\n}']","I'm sorry, but I cannot return an integer number in JSON format as it is not a standard data structure. Please provide more information about the ecDNA count you are referring to."
447,1898.tif,2,0,0,"['{\n  ""ecDNA"": 0\n}', '{\n  ""ecDNA"": 0\n}', '{\n  ""ecDNA"": 1\n}', '{\n  ""ecDNA"": 0\n}']","['{\n  ""ecDNA"": 3\n}', '{""ecDNA"": 2}', '{\n""ecDNA"": 0\n}', '{\n  ""ecDNA"": 3\n}']","['{\n  ""ecDNA"": 0\n}', '{\n  ""ecDNA"": 3\n}', '{\n  ""ecDNA"": 0\n}', '{\n  ""ecDNA"": 3\n}', '{\n  ""ecDNA"": 0\n}']","{
  ""ecDNA"": 1
}"
448,1899.tif,2,0,0,"['{\n  ""ecDNA"": 0\n}', '```json\n{\n  ""ecDNA"": 11\n}\n```', '{\n  ""ecDNA"": 5\n}', '{\n  ""ecDNA"": 1\n}']","['{\n  ""ecDNA"": 3\n}', '{\n  ""ecDNA"": 2\n}', '{\n  ""ecDNA"": 0\n}', '{\n""ecDNA"": 3\n}']","['{\n  ""ecDNA"": 3\n}', '{\n  ""ecDNA"": 3\n}', '{\n  ""ecDNA"": 0\n}', '{\n  ""ecDNA"": 0\n}', '{\n  ""ecDNA"": 0\n}']","{
  ""ecDNA"": 1
}"
449,19.tif,5,0,0,"['{\n  ""ecDNA"": 0\n}', '{\n  ""ecDNA"": 114\n}', '{\n  ""ecDNA"": 0\n}', '{\n  ""ecDNA"": 38\n}']","['{\n  ""ecDNA"": 0\n}', '{""ecDNA"": 3}', '{""ecDNA"": 3}', '{\n  ""ecDNA"": 1\n}']","['{\n  ""ecDNA"": 0\n}', '{\n  ""ecDNA"": 3\n}', '{\n  ""ecDNA"": 3\n}', '{\n  ""ecDNA"": 0\n}', '{\n  ""ecDNA"": 3\n}']","I'm sorry, but I cannot determine the number of ecDNA in the image as it is not provided. Please provide more information about the number of ecDNA you are referring to."
450,190.tif,0,28,88,"['{\n  ""ecDNA"": 3\n}', '{\n  ""ecDNA"": 18\n}', '{\n  ""ecDNA"": 0\n}', '{\n  ""ecDNA"": 0\n}']","['{\n  ""ecDNA"": 2\n}', '{\n  ""ecDNA"": 3\n}', '{\n""ecDNA"": 3\n}', '{\n""ecDNA"": 2\n}']","['{\n  ""ecDNA"": 0\n}', '{\n  ""ecDNA"": 0\n}', '{\n  ""ecDNA"": 0\n}', '{\n  ""ecDNA"": 0\n}', '{\n  ""ecDNA"": 0\n}']","{
""ecDNA"": 0
}"
451,1901.tif,1,0,0,"['{\n  ""ecDNA"": 3\n}', '{\n  ""ecDNA"": 0\n}', '{\n  ""ecDNA"": 0\n}', '```json\n[6]\n```']","['{\n  ""ecDNA"": 3\n}', '{\n  ""ecDNA"": 2\n}', '{\n  ""ecDNA"": 2\n}', '{\n  ""ecDNA"": 3\n}']","['{\n  ""ecDNA"": 3\n}', '{\n  ""ecDNA"": 0\n}', '{\n  ""ecDNA"": 0\n}', '{\n  ""ecDNA"": 0\n}', '{\n  ""ecDNA"": 0\n}']","Here's the ecDNA count in your image:
```json
{
  ""ecDNA"": 3
}
```"
452,1902.tif,1,0,0,"['{\n  ""ecDNA"": 3\n}', '{\n  ""ecDNA"": 2\n}', '{\n  ""ecDNA"": 7\n}', '{\n  ""ecDNA"": 7\n}']","['{\n  ""ecDNA"": 3\n}', '{\n  ""ecDNA"": 3\n}', '{""ecDNA"": 3}', '{\n""ecDNA"": 1\n}']","['{\n  ""ecDNA"": 3\n}', '{\n  ""ecDNA"": 3\n}', '{\n  ""ecDNA"": 0\n}', '{\n  ""ecDNA"": 0\n}', '{\n  ""ecDNA"": 3\n}']","{
  ""ecDNA"": 0
}"
453,1909.tif,0,23,6,"['{\n  ""ecDNA"": 0\n}', '{\n  ""ecDNA"": 4\n}', '{\n  ""ecDNA"": 7\n}', '{\n  ""ecDNA"": 7\n}']","['{\n  ""ecDNA"": 0\n}', '{\n""ecDNA"": 0\n}', '{""ecDNA"": 3}', '{\n  ""ecDNA"": 5\n}']","['{\n  ""ecDNA"": 3\n}', '{\n  ""ecDNA"": 0\n}', '{\n  ""ecDNA"": 0\n}', '{\n  ""ecDNA"": 0\n}', '{\n  ""ecDNA"": 3\n}']","Here is the number of ecDNA in the image:
```json
{
  ""ecDNA"": 5
}
```
This means there are 5 ecDNA in the image."
454,191.tif,1,4,33,"['{\n  ""ecDNA"": 3\n}', '{\n  ""ecDNA"": 0\n}', '{\n  ""ecDNA"": 1\n}', '{\n  ""ecDNA"": 2\n}']","['{\n  ""ecDNA"": 0\n}', '{\n  ""ecDNA"": 3\n}', '{\n  ""ecDNA"": 3\n}', '{\n  ""ecDNA"": 2\n}']","['{\n  ""ecDNA"": 0\n}', '{\n  ""ecDNA"": 3\n}', '{\n  ""ecDNA"": 3\n}', '{\n  ""ecDNA"": 3\n}', '{\n  ""ecDNA"": 3\n}']","{
  ""ecDNA"": 5
}"
455,1910.tif,0,20,12,"['{\n  ""ecDNA"": 3\n}', '{\n  ""ecDNA"": 12\n}', '{\n  ""ecDNA"": 1\n}', '```json\n[16]\n```']","['{\n  ""ecDNA"": 0\n}', '{\n  ""ecDNA"": 2\n}', '{""ecDNA"": 3}', '{""ecDNA"":1}']","['{\n  ""ecDNA"": 0\n}', '{\n  ""ecDNA"": 3\n}', '{\n  ""ecDNA"": 3\n}', '{\n  ""ecDNA"": 3\n}', '{\n  ""ecDNA"": 3\n}']","I'm sorry, but I cannot determine the number of ecDNA in the image as it is not provided. Please provide more information about the number of ecDNA you are referring to."
456,1911.tif,0,0,0,"['{\n  ""ecDNA"": 3\n}', '{\n  ""ecDNA"": 1\n}', '{\n  ""ecDNA"": 2\n}', '{\n  ""ecDNA"": 0\n}']","['{\n  ""ecDNA"": 0\n}', '{\n  ""ecDNA"": 3\n}', '{\n""ecDNA"": 0\n}', '{\n  ""ecDNA"": {\n    ""count"": 250\n  }\n}']","['{\n  ""ecDNA"": 3\n}', '{\n  ""ecDNA"": 3\n}', '{\n  ""ecDNA"": 3\n}', '{\n  ""ecDNA"": 3\n}', '{\n  ""ecDNA"": 3\n}']","I'm sorry, but I cannot determine the number of ecDNA in the image as it is not provided. Please provide more information about the image or the number of ecDNA you are referring to."
457,1913.tif,0,19,14,"['{\n  ""ecDNA"": 3\n}', '{\n  ""ecDNA"": 0\n}', '{\n  ""ecDNA"": 35\n}', '{\n  ""ecDNA"": 2\n}']","['{\n  ""ecDNA"": 3\n}', '{\n  ""ecDNA"": 3\n}', '{\n  ""ecDNA"": 5\n}', '{\n  ""ecDNA"": 3\n}']","['{\n  ""ecDNA"": 3\n}', '{\n  ""ecDNA"": 0\n}', '{\n  ""ecDNA"": 0\n}', '{\n  ""ecDNA"": 3\n}', '{\n  ""ecDNA"": 3\n}']","```json
{
  ""ecDNA"": 5
}
```"
458,1914.tif,0,35,10,"['{\n  ""ecDNA"": 0\n}', '{\n  ""ecDNA"": 2\n}', '{\n  ""ecDNA"": 10\n}', '{\n  ""ecDNA"": 0\n}']","['{\n  ""ecDNA"": 3\n}', '{""ecDNA"": 0}', '{""ecDNA"": 3}', '{""ecDNA"":1}']","['{\n  ""ecDNA"": 3\n}', '{\n  ""ecDNA"": 3\n}', '{\n  ""ecDNA"": 0\n}', '{\n  ""ecDNA"": 3\n}', '{\n  ""ecDNA"": 0\n}']","{""ecDNA"": 10}"
459,1915.tif,1,0,0,"['{\n  ""ecDNA"": 3\n}', '```json\n{\n  ""ecDNA"": 7\n}\n```', '{\n  ""ecDNA"": 0\n}', '{\n  ""ecDNA"": 0\n}']","['{\n  ""ecDNA"": 3\n}', '{""ecDNA"": 0}', '{""ecDNA"": 2}', '{""ecDNA"": 0}']","['{\n  ""ecDNA"": 3\n}', '{\n  ""ecDNA"": 0\n}', '{\n  ""ecDNA"": 0\n}', '{\n  ""ecDNA"": 0\n}', '{\n  ""ecDNA"": 3\n}']","I'm sorry, but I cannot provide an answer without a picture. Please upload the image so I can assist you better."
460,1919.tif,1,0,0,"['{\n  ""ecDNA"": 3\n}', '{\n  ""ecDNA"": 0\n}', '{\n  ""ecDNA"": 3\n}', '```json\n[7]\n```']","['{\n  ""ecDNA"": 3\n}', '{\n  ""ecDNA"": 3\n}', '{\n""ecDNA"": 3\n}', '{""ecDNA"": 5}']","['{\n  ""ecDNA"": 3\n}', '{\n  ""ecDNA"": 3\n}', '{\n  ""ecDNA"": 3\n}', '{\n  ""ecDNA"": 3\n}', '{\n  ""ecDNA"": 3\n}']","{
    ""ecDNA"": 3
}"
461,192.tif,0,34,56,"['{\n  ""ecDNA"": 0\n}', '{\n  ""ecDNA"": 4\n}', '```json\n[7]\n```', '{\n  ""ecDNA"": 0\n}']","['{\n  ""ecDNA"": 3\n}', '{""ecDNA"": 2}', '{""ecDNA"": 5}', '{\n  ""ecDNA"": 5\n}']","['{\n  ""ecDNA"": 3\n}', '{\n  ""ecDNA"": 0\n}', '{\n  ""ecDNA"": 0\n}', '{\n  ""ecDNA"": 0\n}', '{\n  ""ecDNA"": 3\n}']","{
  ""ecDNA"": 2
}"
462,1922.tif,1,0,0,"['{\n  ""ecDNA"": 3\n}', '{\n  ""ecDNA"": 2\n}', '{\n  ""ecDNA"": 0\n}', '{\n  ""ecDNA"": 4\n}']","['{\n  ""ecDNA"": 0\n}', '{\n""ecDNA"": 5\n}', '{\n  ""ecDNA"": 3\n}', '{""ecDNA"": 2}']","['{\n  ""ecDNA"": 0\n}', '{\n  ""ecDNA"": 3\n}', '{\n  ""ecDNA"": 0\n}', '{\n  ""ecDNA"": 3\n}', '{\n  ""ecDNA"": 3\n}']","{""ecDNA"": 1}"
463,1923.tif,1,0,0,"['{\n  ""ecDNA"": 3\n}', '{\n  ""ecDNA"": 0\n}', '{\n  ""ecDNA"": 1\n}', '{\n  ""ecDNA"": 1\n}']","['{\n  ""ecDNA"": 3\n}', '{\n""ecDNA"": 0\n}', '{""ecDNA"": 3}', '{""ecDNA"": 0}']","['{\n  ""ecDNA"": 3\n}', '{\n  ""ecDNA"": 3\n}', '{\n  ""ecDNA"": 3\n}', '{\n  ""ecDNA"": 0\n}', '{\n  ""ecDNA"": 3\n}']","```json
{
  ""ecDNA"": 1
}
```"
464,1927.tif,1,0,0,"['{\n  ""ecDNA"": 0\n}', '{\n  ""ecDNA"": 0\n}', '{\n  ""ecDNA"": 10\n}', '{\n  ""ecDNA"": 0\n}']","['{\n  ""ecDNA"": 3\n}', '{\n""ecDNA"": 0\n}', '{\n""ecDNA"": 2\n}', '{""ecDNA"": 5}']","['{\n  ""ecDNA"": 0\n}', '{\n  ""ecDNA"": 3\n}', '{\n  ""ecDNA"": 3\n}', '{\n  ""ecDNA"": 3\n}', '{\n  ""ecDNA"": 3\n}']","{
  ""ecDNA"": 20
}"
465,1929.tif,0,31,5,"['{\n  ""ecDNA"": 3\n}', '{\n  ""ecDNA"": 0\n}', '{\n  ""ecDNA"": 1\n}', '{\n  ""ecDNA"": 2\n}']","['{\n  ""ecDNA"": 0\n}', '{""ecDNA"": 3}', '{""ecDNA"": 5}', '{""ecDNA"": 3}']","['{\n  ""ecDNA"": 0\n}', '{\n  ""ecDNA"": 3\n}', '{\n  ""ecDNA"": 0\n}', '{\n  ""ecDNA"": 3\n}', '{\n  ""ecDNA"": 3\n}']","{
  ""ecDNA"": 0
}"
466,193.tif,0,22,117,"['{\n  ""ecDNA"": 3\n}', '```json\n{\n  ""ecDNA"": 3\n}\n```', '{\n  ""ecDNA"": 0\n}', '{\n  ""ecDNA"": 8\n}']","['{\n  ""ecDNA"": 0\n}', '{\n  ""ecDNA"": 0\n}', '{\n""ecDNA"": 2\n}', '{""ecDNA"": 0}']","['{\n  ""ecDNA"": 0\n}', '{\n  ""ecDNA"": 0\n}', '{\n  ""ecDNA"": 3\n}', '{\n  ""ecDNA"": 0\n}', '{\n  ""ecDNA"": 3\n}']","{
  ""ecDNA"": 5
}"
467,1930.tif,10,42,5,"['{\n  ""ecDNA"": 3\n}', '{\n  ""ecDNA"": 7\n}', '```json\n[16]\n```', '{\n  ""ecDNA"": 1\n}']","['{\n  ""ecDNA"": 3\n}', '{\n  ""ecDNA"": 0\n}', '{\n  ""ecDNA"": 2\n}', '{\n""ecDNA"": 0\n}']","['{\n  ""ecDNA"": 0\n}', '{\n  ""ecDNA"": 3\n}', '{\n  ""ecDNA"": 3\n}', '{\n  ""ecDNA"": 0\n}', '{\n  ""ecDNA"": 0\n}']","I'm sorry, but I cannot determine the number of ecDNA in the image as it is not provided. Please provide more information about the number of ecDNA you are referring to."
468,1933.tif,0,10,3,"['{\n  ""ecDNA"": 3\n}', '{\n  ""ecDNA"": 2\n}', '{\n  ""ecDNA"": 1\n}', '{\n  ""ecDNA"": 3\n}']","['{\n  ""ecDNA"": 2\n}', '{\n  ""ecDNA"": 0\n}', '{\n  ""ecDNA"": 0\n}', '{""ecDNA_count"":2}']","['{\n  ""ecDNA"": 0\n}', '{\n  ""ecDNA"": 3\n}', '{\n  ""ecDNA"": 3\n}', '{\n  ""ecDNA"": 3\n}', '{\n  ""ecDNA"": 0\n}']",I'm unable to determine the number of ecDNA in the image as it is not provided. Please provide more information about the number of ecDNA you want to count.
469,1934.tif,0,14,1,"['{\n  ""ecDNA"": 3\n}', '{\n  ""ecDNA"": 10\n}', '{\n  ""ecDNA"": 5\n}', '{\n  ""ecDNA"": 0\n}']","['{\n  ""ecDNA"": 3\n}', '{\n""ecDNA"": 2\n}', '{\n  ""ecDNA"": 0\n}', '{""ecDNA"": 0}']","['{\n  ""ecDNA"": 3\n}', '{\n  ""ecDNA"": 3\n}', '{\n  ""ecDNA"": 0\n}', '{\n  ""ecDNA"": 3\n}', '{\n  ""ecDNA"": 0\n}']","I'm sorry, but I cannot provide a JSON response without a specific image. Please upload the image so I can analyze it and provide the necessary information."
470,194.tif,0,37,103,"['{\n  ""ecDNA"": 3\n}', '{\n  ""ecDNA"": 1\n}', '{\n  ""ecDNA"": 3\n}', '{\n  ""ecDNA"": 0\n}']","['{\n  ""ecDNA"": 3\n}', '{""ecDNA"": 0}', '{""ecDNA"": 3}', '{\n  ""ecDNA"": 3\n}']","['{\n  ""ecDNA"": 3\n}', '{\n  ""ecDNA"": 3\n}', '{\n  ""ecDNA"": 0\n}', '{\n  ""ecDNA"": 0\n}', '{\n  ""ecDNA"": 3\n}']","I'm sorry, but I cannot provide an answer without a picture. Please upload the image so I can assist you better."
471,1949.tif,0,11,9,"['{\n  ""ecDNA"": 3\n}', '{\n  ""ecDNA"": 0\n}', '{\n  ""ecDNA"": 1\n}', '{\n  ""ecDNA"": 2\n}']","['{\n  ""ecDNA"": 3\n}', '{\n  ""ecDNA"": 0\n}', '{""ecDNA"": 2}', '{\n""ecDNA"": 2\n}']","['{\n  ""ecDNA"": 0\n}', '{\n  ""ecDNA"": 3\n}', '{\n  ""ecDNA"": 0\n}', '{\n  ""ecDNA"": 3\n}', '{\n  ""ecDNA"": 3\n}']","{
""ecDNA"": 1
}"
472,195.tif,0,40,63,"['{\n  ""ecDNA"": 3\n}', '{\n  ""ecDNA"": 5\n}', '{\n  ""ecDNA"": 0\n}', '```json\n[3]\n```']","['{\n  ""ecDNA"": 3\n}', '{""ecDNA"": 2}', '{\n  ""ecDNA"": 0\n}', '```json\n{\n  ""ecDNA"": 500\n}\n```']","['{\n  ""ecDNA"": 3\n}', '{\n  ""ecDNA"": 3\n}', '{\n  ""ecDNA"": 3\n}', '{\n  ""ecDNA"": 3\n}', '{\n  ""ecDNA"": 3\n}']","I'm sorry, but I cannot provide an integer number in JSON format without a picture. Please upload the image so I can assist you better."
473,1950.tif,0,28,17,"['{\n  ""ecDNA"": 0\n}', '{\n  ""ecDNA"": 0\n}', '{\n  ""ecDNA"": 2\n}', '{\n  ""ecDNA"": 3\n}']","['{\n  ""ecDNA"": 2\n}', '{\n  ""ecDNA"": 0\n}', '{""ecDNA"": 5}', '{\n""ecDNA"": 3\n}']","['{\n  ""ecDNA"": 3\n}', '{\n  ""ecDNA"": 0\n}', '{\n  ""ecDNA"": 3\n}', '{\n  ""ecDNA"": 3\n}', '{\n  ""ecDNA"": 3\n}']","I'm sorry, but I cannot provide an answer without a picture. Please upload the image so I can assist you better."
474,1951.tif,3,0,0,"['{\n  ""ecDNA"": 0\n}', '{\n  ""ecDNA"": 4\n}', '{\n  ""ecDNA"": 7\n}', '{\n  ""ecDNA"": 0\n}']","['{\n  ""ecDNA"": 0\n}', '{""ecDNA"": 0}', '{""ecDNA"": 2}', '```json\n{""ecDNA"": 0}\n```']","['{\n  ""ecDNA"": 0\n}', '{\n  ""ecDNA"": 3\n}', '{\n  ""ecDNA"": 3\n}', '{\n  ""ecDNA"": 3\n}', '{\n  ""ecDNA"": 0\n}']","{
  ""ecDNA"": 1
}"
475,1953.tif,0,0,5,"['{\n  ""ecDNA"": 3\n}', '{\n  ""ecDNA"": 2\n}', '{\n  ""ecDNA"": 2\n}', '```json\n[3]\n```']","['{\n  ""ecDNA"": 2\n}', '{\n""ecDNA"": 2\n}', '{""ecDNA"": 0}', '```json\n[1]\n```']","['{\n  ""ecDNA"": 3\n}', '{\n  ""ecDNA"": 0\n}', '{\n  ""ecDNA"": 0\n}', '{\n  ""ecDNA"": 3\n}', '{\n  ""ecDNA"": 3\n}']",I'm unable to determine the number of ecDNA in the image as it is not provided. Please provide more information about the ecDNA pattern you are referring to.
476,1954.tif,0,10,7,"['{\n  ""ecDNA"": 0\n}', '{\n  ""ecDNA"": 0\n}', '{\n  ""ecDNA"": 0\n}', '```json\n[3]\n```']","['{\n  ""ecDNA"": 3\n}', '{""ecDNA"": 5}', '{""ecDNA"": 2}', '{""ecDNA"": 3}']","['{\n  ""ecDNA"": 0\n}', '{\n  ""ecDNA"": 0\n}', '{\n  ""ecDNA"": 3\n}', '{\n  ""ecDNA"": 3\n}', '{\n  ""ecDNA"": 0\n}']","Here is the ecDNA count in the image:

```json
{
  ""ecDNA"": 10
}
```"
477,1955.tif,1,0,0,"['{\n  ""ecDNA"": 3\n}', '{\n  ""ecDNA"": 0\n}', '{\n  ""ecDNA"": 1\n}', '{\n  ""ecDNA"": 1\n}']","['{\n  ""ecDNA"": 3\n}', '{\n  ""ecDNA"": 3\n}', '{\n  ""ecDNA"": 3\n}', '{\n""ecDNA"": 0\n}']","['{\n  ""ecDNA"": 3\n}', '{\n  ""ecDNA"": 3\n}', '{\n  ""ecDNA"": 0\n}', '{\n  ""ecDNA"": 0\n}', '{\n  ""ecDNA"": 3\n}']","I'm sorry, but I cannot determine the number of ecDNA in the image as it is not provided. Please provide more information about the number of ecDNA you are referring to."
478,196.tif,0,11,21,"['{\n  ""ecDNA"": 0\n}', '{\n  ""ecDNA"": 0\n}', '{\n  ""ecDNA"": 2\n}', '{\n  ""ecDNA"": 0\n}']","['{\n  ""ecDNA"": 3\n}', '{\n  ""ecDNA"": 0\n}', '{\n""ecDNA"": 0\n}', '{\n  ""ecDNA"": 2\n}']","['{\n  ""ecDNA"": 0\n}', '{\n  ""ecDNA"": 3\n}', '{\n  ""ecDNA"": 0\n}', '{\n  ""ecDNA"": 0\n}', '{\n  ""ecDNA"": 3\n}']","{
  ""ecDNA"": 1000000
}"
479,1969.tif,0,15,14,"['{\n  ""ecDNA"": 0\n}', '{\n  ""ecDNA"": 11\n}', '{\n  ""ecDNA"": 16\n}', '{\n  ""ecDNA"": 0\n}']","['{\n  ""ecDNA"": 3\n}', '{\n  ""ecDNA"": 2\n}', '{\n""ecDNA"": 3\n}', '{\n  ""ecDNA"": 0\n}']","['{\n  ""ecDNA"": 0\n}', '{\n  ""ecDNA"": 3\n}', '{\n  ""ecDNA"": 0\n}', '{\n  ""ecDNA"": 0\n}', '{\n  ""ecDNA"": 3\n}']","```json
{
  ""ecDNA"": 0
}
```"
480,197.tif,0,19,56,"['{\n  ""ecDNA"": 0\n}', '{\n  ""ecDNA"": 23\n}', '{\n  ""ecDNA"": 2\n}', '```json\n[0]\n```']","['{\n  ""ecDNA"": 2\n}', '{\n  ""ecDNA"": 2\n}', '{\n  ""ecDNA"": 0\n}', '{\n""ecDNA"": 0\n}']","['{\n  ""ecDNA"": 3\n}', '{\n  ""ecDNA"": 0\n}', '{\n  ""ecDNA"": 0\n}', '{\n  ""ecDNA"": 3\n}', '{\n  ""ecDNA"": 3\n}']","{
  ""ecDNA"": {
    ""count"": 5
  }
}"
481,1970.tif,0,14,8,"['{\n  ""ecDNA"": 3\n}', '{\n  ""ecDNA"": 0\n}', '{\n  ""ecDNA"": 27\n}', '{\n  ""ecDNA"": 7\n}']","['{\n  ""ecDNA"": 0\n}', '{\n  ""ecDNA"": 0\n}', '{\n  ""ecDNA"": 2\n}', '{\n  ""ecDNA"": 0\n}']","['{\n  ""ecDNA"": 0\n}', '{\n  ""ecDNA"": 0\n}', '{\n  ""ecDNA"": 0\n}', '{\n  ""ecDNA"": 3\n}', '{\n  ""ecDNA"": 3\n}']","I'm sorry, but I cannot determine the number of ecDNA in the image as it is not provided. Please provide more information about the number of ecDNA you are referring to."
482,1973.tif,0,20,5,"['{\n  ""ecDNA"": 3\n}', '{\n  ""ecDNA"": 0\n}', '{\n  ""ecDNA"": 0\n}', '{\n  ""ecDNA"": 0\n}']","['{\n  ""ecDNA"": 3\n}', '{\n""ecDNA"": 3\n}', '{\n  ""ecDNA"": 0\n}', '{\n""ecDNA"": 1\n}']","['{\n  ""ecDNA"": 0\n}', '{\n  ""ecDNA"": 3\n}', '{\n  ""ecDNA"": 3\n}', '{\n  ""ecDNA"": 3\n}', '{\n  ""ecDNA"": 0\n}']","```json
{
  ""ecDNA"": 5
}
```"
483,1974.tif,0,23,10,"['{\n  ""ecDNA"": 0\n}', '{\n  ""ecDNA"": 0\n}', '{\n  ""ecDNA"": 2\n}', '{\n  ""ecDNA"": 1\n}']","['{\n  ""ecDNA"": 0\n}', '{\n  ""ecDNA"": 0\n}', '{\n  ""ecDNA"": 0\n}', '{""ecDNA"": 3}']","['{\n  ""ecDNA"": 0\n}', '{\n  ""ecDNA"": 3\n}', '{\n  ""ecDNA"": 3\n}', '{\n  ""ecDNA"": 3\n}', '{\n  ""ecDNA"": 0\n}']","I'm sorry, but I cannot determine the number of ecDNA in the image as it is not provided. Please provide more information about the image or the number of ecDNA you are referring to."
484,198.tif,0,38,89,"['{\n  ""ecDNA"": 0\n}', '```json\n{\n  ""ecDNA"": 1\n}\n```', '{\n  ""ecDNA"": 1\n}', '{\n  ""ecDNA"": 0\n}']","['{\n  ""ecDNA"": 3\n}', '{\n  ""ecDNA"": 2\n}', '{\n  ""ecDNA"": 2\n}', '{\n  ""ecDNA"": 3\n}']","['{\n  ""ecDNA"": 3\n}', '{\n  ""ecDNA"": 0\n}', '{\n  ""ecDNA"": 0\n}', '{\n  ""ecDNA"": 3\n}', '{\n  ""ecDNA"": 0\n}']","{
  ""ecDNA"": 500
}"
485,1982.tif,1,0,0,"['{\n  ""ecDNA"": 0\n}', '{\n  ""ecDNA"": 7\n}', '{\n  ""ecDNA"": 49\n}', '{\n  ""ecDNA"": 0\n}']","['{\n  ""ecDNA"": 0\n}', '{\n  ""ecDNA"": 0\n}', '{""ecDNA"": 2}', '{""ecDNA_count"":3}']","['{\n  ""ecDNA"": 3\n}', '{\n  ""ecDNA"": 0\n}', '{\n  ""ecDNA"": 3\n}', '{\n  ""ecDNA"": 3\n}', '{\n  ""ecDNA"": 0\n}']","```json
{
  ""ecDNA_count"": 2
}
```"
486,1983.tif,2,0,2,"['{\n  ""ecDNA"": 0\n}', '{\n  ""ecDNA"": 0\n}', '{\n  ""ecDNA"": 4\n}', '{\n  ""ecDNA"": 0\n}']","['{\n  ""ecDNA"": 0\n}', '{\n  ""ecDNA"": 3\n}', '{\n  ""ecDNA"": 3\n}', '{\n  ""ecDNA"": {\n    ""value"": 1,\n    ""confidence"": 0.89\n  }\n}']","['{\n  ""ecDNA"": 0\n}', '{\n  ""ecDNA"": 0\n}', '{\n  ""ecDNA"": 0\n}', '{\n  ""ecDNA"": 3\n}', '{\n  ""ecDNA"": 3\n}']","I'm sorry, but I cannot determine the number of ecDNA in the image as it is not provided. Please provide more information about the number of ecDNA in the image."
487,1985.tif,1,0,2,"['{\n  ""ecDNA"": 0\n}', '```json\n{\n  ""ecDNA"": 7\n}\n```', '{\n  ""ecDNA"": 0\n}', '{\n  ""ecDNA"": 1\n}']","['{\n  ""ecDNA"": 3\n}', '{""ecDNA"": 3}', '{\n  ""ecDNA"": 5\n}', '{""ecDNA"": 0}']","['{\n  ""ecDNA"": 3\n}', '{\n  ""ecDNA"": 0\n}', '{\n  ""ecDNA"": 0\n}', '{\n  ""ecDNA"": 3\n}', '{\n  ""ecDNA"": 0\n}']","I'm sorry, but I cannot determine the number of ecDNA in the image as it is not provided. Please provide more information about the number of ecDNA you are referring to."
488,1986.tif,1,0,3,"['{\n  ""ecDNA"": 3\n}', '{\n  ""ecDNA"": 52\n}', '{\n  ""ecDNA"": 1\n}', '{\n  ""ecDNA"": 11\n}']","['{\n  ""ecDNA"": 2\n}', '{\n  ""ecDNA"": 3\n}', '{""ecDNA"": 3}', '{""ecDNA"": 5}']","['{\n  ""ecDNA"": 0\n}', '{\n  ""ecDNA"": 3\n}', '{\n  ""ecDNA"": 0\n}', '{\n  ""ecDNA"": 3\n}', '{\n  ""ecDNA"": 3\n}']","I'm sorry, but I cannot determine the number of ecDNA in the image as it is not provided. Please provide more information about the number of ecDNA you want me to count."
489,1987.tif,2,0,1,"['{\n  ""ecDNA"": 3\n}', '{\n  ""ecDNA"": 0\n}', '{\n  ""ecDNA"": 1\n}', '{\n  ""ecDNA"": 2\n}']","['{\n  ""ecDNA"": 2\n}', '{\n  ""ecDNA"": 3\n}', '{\n""ecDNA"": 3\n}', '{""ecDNA"":1}']","['{\n  ""ecDNA"": 0\n}', '{\n  ""ecDNA"": 3\n}', '{\n  ""ecDNA"": 3\n}', '{\n  ""ecDNA"": 3\n}', '{\n  ""ecDNA"": 0\n}']","I'm sorry, but I cannot determine the number of ecDNA in the image as it is not provided. Please provide more information about the image or the number of ecDNA you are referring to."
490,1988.tif,1,1,2,"['{\n  ""ecDNA"": 0\n}', '{\n  ""ecDNA"": 29\n}', '{\n  ""ecDNA"": 7\n}', '{\n  ""ecDNA"": 8\n}']","['{\n  ""ecDNA"": 0\n}', '{\n""ecDNA"": 0\n}', '{\n""ecDNA"": 0\n}', '{""ecDNA"": 0}']","['{\n  ""ecDNA"": 0\n}', '{\n  ""ecDNA"": 0\n}', '{\n  ""ecDNA"": 0\n}', '{\n  ""ecDNA"": 0\n}', '{\n  ""ecDNA"": 3\n}']","I'm sorry, but I cannot provide an answer without a picture. Please upload the image so I can assist you better."
491,199.tif,0,17,42,"['{\n  ""ecDNA"": 3\n}', '{\n  ""ecDNA"": 22\n}', '{\n  ""ecDNA"": 7\n}', '{\n  ""ecDNA"": 2\n}']","['{\n  ""ecDNA"": 3\n}', '{""ecDNA"": 3}', '{\n""ecDNA"": 3\n}', '{""ecDNA"": 3}']","['{\n  ""ecDNA"": 0\n}', '{\n  ""ecDNA"": 3\n}', '{\n  ""ecDNA"": 3\n}', '{\n  ""ecDNA"": 3\n}', '{\n  ""ecDNA"": 3\n}']","{
  ""ecDNA"": 3
}"
492,1990.tif,0,29,14,"['{\n  ""ecDNA"": 0\n}', '{\n  ""ecDNA"": 0\n}', '{\n  ""ecDNA"": 1\n}', '{\n  ""ecDNA"": 14\n}']","['{\n  ""ecDNA"": 0\n}', '{\n""ecDNA"": 3\n}', '{\n  ""ecDNA"": 5\n}', '{\n  ""ecDNA"": 2\n}']","['{\n  ""ecDNA"": 0\n}', '{\n  ""ecDNA"": 3\n}', '{\n  ""ecDNA"": 0\n}', '{\n  ""ecDNA"": 0\n}', '{\n  ""ecDNA"": 3\n}']","I'm sorry, but I cannot determine the number of ecDNA in the image as it is not provided. Please provide more information about the number of ecDNA you are referring to."
493,1991.tif,0,12,4,"['{\n  ""ecDNA"": 0\n}', '{\n  ""ecDNA"": 0\n}', '```json\n[56]\n```', '{\n  ""ecDNA"": 10\n}']","['{\n  ""ecDNA"": 3\n}', '{\n""ecDNA"": 3\n}', '{\n  ""ecDNA"": 5\n}', '{\n  ""ecDNA"": 0\n}']","['{\n  ""ecDNA"": 0\n}', '{\n  ""ecDNA"": 0\n}', '{\n  ""ecDNA"": 0\n}', '{\n  ""ecDNA"": 0\n}', '{\n  ""ecDNA"": 3\n}']","I'm sorry, but I cannot provide an answer without a picture. Please upload the image so I can assist you better."
494,1992.tif,1,0,2,"['{\n  ""ecDNA"": 0\n}', '```json\n{\n  ""ecDNA"": 28\n}\n```', '{\n  ""ecDNA"": 9\n}', '{\n  ""ecDNA"": 0\n}']","['{\n  ""ecDNA"": 3\n}', '{\n  ""ecDNA"": 5\n}', '{\n  ""ecDNA"": 0\n}', '{""ecDNA"":2}']","['{\n  ""ecDNA"": 3\n}', '{\n  ""ecDNA"": 0\n}', '{\n  ""ecDNA"": 3\n}', '{\n  ""ecDNA"": 3\n}', '{\n  ""ecDNA"": 3\n}']","I'm sorry, but I cannot determine the number of ecDNA in the image as it is not provided. Please provide more information about the number of ecDNA you are referring to."
495,1994.tif,0,12,8,"['{\n  ""ecDNA"": 0\n}', '{\n  ""ecDNA"": 10\n}', '{\n  ""ecDNA"": 1\n}', '{\n  ""ecDNA"": 1\n}']","['{\n  ""ecDNA"": 3\n}', '{\n  ""ecDNA"": 3\n}', '{""ecDNA"": 0}', '{\n  ""ecDNA"": 5\n}']","['{\n  ""ecDNA"": 0\n}', '{\n  ""ecDNA"": 0\n}', '{\n  ""ecDNA"": 0\n}', '{\n  ""ecDNA"": 3\n}', '{\n  ""ecDNA"": 3\n}']","I'm sorry, but I cannot determine the number of ecDNA in the image as it is not provided. Please provide more information about the image or the number of ecDNA you are referring to."
496,1995.tif,0,8,3,"['{\n  ""ecDNA"": 0\n}', '{\n  ""ecDNA"": 0\n}', '{\n  ""ecDNA"": 10\n}', '{\n  ""ecDNA"": 6\n}']","['{\n  ""ecDNA"": 3\n}', '{\n  ""ecDNA"": 3\n}', '{\n  ""ecDNA"": 3\n}', '{""ecDNA"": 3}']","['{\n  ""ecDNA"": 3\n}', '{\n  ""ecDNA"": 0\n}', '{\n  ""ecDNA"": 3\n}', '{\n  ""ecDNA"": 3\n}', '{\n  ""ecDNA"": 0\n}']",I am unable to determine the number of ecDNA in the image as it is not provided. Please provide more information about the number of ecDNA you are referring to.
497,2.tif,4,0,0,"['{\n  ""ecDNA"": 3\n}', '{\n  ""ecDNA"": 39\n}', '{\n  ""ecDNA"": 0\n}', '{\n  ""ecDNA"": 6\n}']","['{\n  ""ecDNA"": 3\n}', '{""ecDNA"": 0}', '{\n  ""ecDNA"": 5\n}', '{\n""ecDNA"": 3\n}']","['{\n  ""ecDNA"": 3\n}', '{\n  ""ecDNA"": 3\n}', '{\n  ""ecDNA"": 3\n}', '{\n  ""ecDNA"": 0\n}', '{\n  ""ecDNA"": 3\n}']",I am unable to determine the number of ecDNA in the image as it is not provided. Please provide more information about the number of ecDNA you are referring to.
498,2006.tif,0,3,2,"['{\n  ""ecDNA"": 0\n}', '```json\n{\n  ""ecDNA"": 7\n}\n```', '{\n  ""ecDNA"": 1\n}', '{\n  ""ecDNA"": 0\n}']","['{\n  ""ecDNA"": 3\n}', '{""ecDNA"": 0}', '{""ecDNA"": 0}', '{""ecDNA"":2}']","['{\n  ""ecDNA"": 0\n}', '{\n  ""ecDNA"": 0\n}', '{\n  ""ecDNA"": 3\n}', '{\n  ""ecDNA"": 0\n}', '{\n  ""ecDNA"": 0\n}']","{""ecDNA"": {""count"": 1}}"
499,2009.tif,0,25,24,"['{\n  ""ecDNA"": 0\n}', '{\n  ""ecDNA"": 23\n}', '{\n  ""ecDNA"": 15\n}', '{\n  ""ecDNA"": 0\n}']","['{\n  ""ecDNA"": 3\n}', '{\n  ""ecDNA"": 2\n}', '{""ecDNA"": 0}', '{\n  ""ecDNA"": 3\n}']","['{\n  ""ecDNA"": 3\n}', '{\n  ""ecDNA"": 0\n}', '{\n  ""ecDNA"": 3\n}', '{\n  ""ecDNA"": 0\n}', '{\n  ""ecDNA"": 0\n}']","{
    ""ecDNA"": {
        ""count"": 10
    }
}"
500,201.tif,1,1,1,"['{\n  ""ecDNA"": 3\n}', '{\n  ""ecDNA"": 0\n}', '{\n  ""ecDNA"": 14\n}', '{\n  ""ecDNA"": 0\n}']","['{\n  ""ecDNA"": 0\n}', '{\n  ""ecDNA"": 0\n}', '{\n""ecDNA"": 0\n}', '{""ecDNA"":2}']","['{\n  ""ecDNA"": 3\n}', '{\n  ""ecDNA"": 0\n}', '{\n  ""ecDNA"": 3\n}', '{\n  ""ecDNA"": 0\n}', '{\n  ""ecDNA"": 0\n}']","{
    ""ecDNA"": 2
}"
501,2010.tif,0,34,62,"['{\n  ""ecDNA"": 3\n}', '{\n  ""ecDNA"": 4\n}', '{\n  ""ecDNA"": 1\n}', '{\n  ""ecDNA"": 13\n}']","['{\n  ""ecDNA"": 3\n}', '{""ecDNA"": 2}', '{\n  ""ecDNA"": 3\n}', '{\n  ""ecDNA"": 5\n}']","['{\n  ""ecDNA"": 0\n}', '{\n  ""ecDNA"": 0\n}', '{\n  ""ecDNA"": 0\n}', '{\n  ""ecDNA"": 0\n}', '{\n  ""ecDNA"": 0\n}']","{
  ""ecDNA"": 3
}"
502,2013.tif,0,7,8,"['{\n  ""ecDNA"": 0\n}', '{\n  ""ecDNA"": 0\n}', '{\n  ""ecDNA"": 0\n}', '{\n  ""ecDNA"": 0\n}']","['{\n  ""ecDNA"": 3\n}', '{""ecDNA"": 2}', '{""ecDNA"": 2}', '{""ecDNA"": 2}']","['{\n  ""ecDNA"": 0\n}', '{\n  ""ecDNA"": 0\n}', '{\n  ""ecDNA"": 0\n}', '{\n  ""ecDNA"": 0\n}', '{\n  ""ecDNA"": 0\n}']","I'm sorry, but I cannot determine the number of ecDNA in the image as it is not provided. Please provide more information about the number of ecDNA you are referring to."
503,2014.tif,0,15,25,"['{\n  ""ecDNA"": 0\n}', '{\n  ""ecDNA"": 2\n}', '{\n  ""ecDNA"": 2\n}', '{\n  ""ecDNA"": 0\n}']","['{\n  ""ecDNA"": 3\n}', '{\n  ""ecDNA"": 5\n}', '{\n  ""ecDNA"": 20000\n}', '```json\n{\n""ecDNA"": 10\n}\n```']","['{\n  ""ecDNA"": 3\n}', '{\n  ""ecDNA"": 3\n}', '{\n  ""ecDNA"": 0\n}', '{\n  ""ecDNA"": 3\n}', '{\n  ""ecDNA"": 3\n}']","I'm sorry, but I cannot determine the number of ecDNA in the image as it is not provided. Please provide more information about the number of ecDNA you are referring to."
504,202.tif,1,0,0,"['{\n  ""ecDNA"": 3\n}', '{\n  ""ecDNA"": 0\n}', '{\n  ""ecDNA"": 1\n}', '```json\n[13]\n```']","['{\n  ""ecDNA"": 0\n}', '{\n  ""ecDNA"": 5\n}', '{\n  ""ecDNA"": 3\n}', '{""ecDNA"": 3}']","['{\n  ""ecDNA"": 0\n}', '{\n  ""ecDNA"": 0\n}', '{\n  ""ecDNA"": 0\n}', '{\n  ""ecDNA"": 0\n}', '{\n  ""ecDNA"": 0\n}']","{
  ""ecDNA"": {
    ""count"": 10
  }
}"
505,2021.tif,1,0,0,"['{\n  ""ecDNA"": 0\n}', '{\n  ""ecDNA"": 4\n}', '{\n  ""ecDNA"": 0\n}', '{\n  ""ecDNA"": 3\n}']","['{\n  ""ecDNA"": 3\n}', '{\n  ""ecDNA"": 2\n}', '{""ecDNA"": 5}', '{\n  ""ecDNA"": 0\n}']","['{\n  ""ecDNA"": 0\n}', '{\n  ""ecDNA"": 3\n}', '{\n  ""ecDNA"": 3\n}', '{\n  ""ecDNA"": 3\n}', '{\n  ""ecDNA"": 0\n}']","{
  ""ecDNA"": 2
}"
506,2022.tif,2,1,6,"['{\n  ""ecDNA"": 0\n}', '```json\n{\n  ""ecDNA"": 1\n}\n```', '{\n  ""ecDNA"": 10\n}', '{\n  ""ecDNA"": 32\n}']","['{\n  ""ecDNA"": 0\n}', '{""ecDNA"": 3}', '{\n""ecDNA"": 2\n}', '{""ecDNA"":2}']","['{\n  ""ecDNA"": 0\n}', '{\n  ""ecDNA"": 3\n}', '{\n  ""ecDNA"": 3\n}', '{\n  ""ecDNA"": 3\n}', '{\n  ""ecDNA"": 3\n}']","{
  ""ecDNA"": 0
}"
507,2029.tif,0,5,7,"['{\n  ""ecDNA"": 3\n}', '{\n  ""ecDNA"": 0\n}', '{\n  ""ecDNA"": 3\n}', '{\n  ""ecDNA"": 0\n}']","['{\n  ""ecDNA"": 3\n}', '{\n""ecDNA"": 3\n}', '{\n  ""ecDNA"": 3\n}', '{\n  ""ecDNA"": 5\n}']","['{\n  ""ecDNA"": 0\n}', '{\n  ""ecDNA"": 0\n}', '{\n  ""ecDNA"": 0\n}', '{\n  ""ecDNA"": 3\n}', '{\n  ""ecDNA"": 0\n}']","Here is the number of ecDNA in the image:
```json
{
  ""ecDNA"": 3
}
```

The ecDNA in the image are located in three distinct regions."
508,203.tif,1,0,0,"['{\n  ""ecDNA"": 0\n}', '{\n  ""ecDNA"": 93\n}', '{\n  ""ecDNA"": 6\n}', '```json\n[19]\n```']","['{\n  ""ecDNA"": 3\n}', '{\n  ""ecDNA"": 3\n}', '{\n""ecDNA"": 5\n}', '{\n  ""ecDNA"": 5\n}']","['{\n  ""ecDNA"": 3\n}', '{\n  ""ecDNA"": 0\n}', '{\n  ""ecDNA"": 3\n}', '{\n  ""ecDNA"": 0\n}', '{\n  ""ecDNA"": 3\n}']","{
  ""ecDNA"": 5
}"
509,2030.tif,0,23,18,"['{\n  ""ecDNA"": 0\n}', '{\n  ""ecDNA"": 0\n}', '{\n  ""ecDNA"": 2\n}', '{\n  ""ecDNA"": 1\n}']","['{\n  ""ecDNA"": 2\n}', '{\n""ecDNA"": 0\n}', '{\n  ""ecDNA"": 3\n}', '```json\n[5]\n```']","['{\n  ""ecDNA"": 3\n}', '{\n  ""ecDNA"": 0\n}', '{\n  ""ecDNA"": 3\n}', '{\n  ""ecDNA"": 3\n}', '{\n  ""ecDNA"": 0\n}']","{
  ""ecDNA"": 2
}"
510,2031.tif,1,0,1,"['{\n  ""ecDNA"": 0\n}', '```json\n{\n  ""ecDNA"": 1\n}\n```', '{\n  ""ecDNA"": 2\n}', '{\n  ""ecDNA"": 3\n}']","['{\n  ""ecDNA"": 3\n}', '{\n  ""ecDNA"": 5\n}', '{\n  ""ecDNA"": 5\n}', '{\n""ecDNA"": 5\n}']","['{\n  ""ecDNA"": 3\n}', '{\n  ""ecDNA"": 3\n}', '{\n  ""ecDNA"": 0\n}', '{\n  ""ecDNA"": 0\n}', '{\n  ""ecDNA"": 3\n}']","{
  ""ecDNA"": 10
}"
511,2033.tif,0,6,1,"['{\n  ""ecDNA"": 0\n}', '{\n  ""ecDNA"": 0\n}', '{\n  ""ecDNA"": 0\n}', '{\n  ""ecDNA"": 0\n}']","['{\n  ""ecDNA"": 3\n}', '{\n  ""ecDNA"": 3\n}', '{""ecDNA"": 3}', '{\n  ""ecDNA"": 1\n}']","['{\n  ""ecDNA"": 3\n}', '{\n  ""ecDNA"": 0\n}', '{\n  ""ecDNA"": 0\n}', '{\n  ""ecDNA"": 0\n}', '{\n  ""ecDNA"": 0\n}']","I'm sorry, but I cannot provide the number of ecDNA in the image as it is not provided. Please provide more information about the number of ecDNA you are referring to."
512,2034.tif,0,40,12,"['{\n  ""ecDNA"": 0\n}', '{\n  ""ecDNA"": 13\n}', '{\n  ""ecDNA"": 5\n}', '{\n  ""ecDNA"": 1\n}']","['{\n  ""ecDNA"": 0\n}', '{\n  ""ecDNA"": 3\n}', '{\n  ""ecDNA"": 3\n}', '{\n  ""ecDNA"": {\n    ""count"": 0,\n    ""image"": {\n      ""image_path"": ""path_to_image.jpg"",\n      ""bbox"": [0, 0, 1, 1]\n    }\n  }\n}']","['{\n  ""ecDNA"": 0\n}', '{\n  ""ecDNA"": 0\n}', '{\n  ""ecDNA"": 0\n}', '{\n  ""ecDNA"": 3\n}', '{\n  ""ecDNA"": 3\n}']","I'm sorry, but I cannot determine the number of ecDNA in the image as it is not provided. Please provide more information about the number of ecDNA you are referring to."
513,2035.tif,1,1,2,"['{\n  ""ecDNA"": 0\n}', '{\n  ""ecDNA"": 0\n}', '{\n  ""ecDNA"": 1\n}', '{\n  ""ecDNA"": 12\n}']","['{\n  ""ecDNA"": 3\n}', '{\n  ""ecDNA"": 2\n}', '{""ecDNA"": 3}', '{\n""ecDNA"": 1\n}']","['{\n  ""ecDNA"": 0\n}', '{\n  ""ecDNA"": 3\n}', '{\n  ""ecDNA"": 3\n}', '{\n  ""ecDNA"": 0\n}', '{\n  ""ecDNA"": 3\n}']",I'm unable to determine the number of ecDNA in the image as it is not provided. Please provide more information about the image or the number of ecDNA you are referring to.
514,2040.tif,1,0,0,"['{\n  ""ecDNA"": 0\n}', '{\n  ""ecDNA"": 0\n}', '{\n  ""ecDNA"": 1\n}', '```json\n[8]\n```']","['{\n  ""ecDNA"": 0\n}', '{\n  ""ecDNA"": 2\n}', '{\n  ""ecDNA"": 2\n}', '{""ecDNA"": 2}']","['{\n  ""ecDNA"": 0\n}', '{\n  ""ecDNA"": 0\n}', '{\n  ""ecDNA"": 0\n}', '{\n  ""ecDNA"": 0\n}', '{\n  ""ecDNA"": 0\n}']","I'm sorry, but I cannot determine the number of ecDNA in the image as it is not provided. Please provide more information about the number of ecDNA you are referring to."
515,2041.tif,3,0,0,"['{\n  ""ecDNA"": 0\n}', '{\n  ""ecDNA"": 4\n}', '{\n  ""ecDNA"": 0\n}', '```json\n[6]\n```']","['{\n  ""ecDNA"": 3\n}', '{\n""ecDNA"": 0\n}', '{\n  ""ecDNA"": 3\n}', '{\n  ""ecDNA"": {\n    ""count"": 2\n  }\n}']","['{\n  ""ecDNA"": 0\n}', '{\n  ""ecDNA"": 0\n}', '{\n  ""ecDNA"": 0\n}', '{\n  ""ecDNA"": 0\n}', '{\n  ""ecDNA"": 0\n}']","{
  ""ecDNA"": 10
}"
516,2042.tif,3,0,0,"['{\n  ""ecDNA"": 0\n}', '{\n  ""ecDNA"": 2\n}', '{\n  ""ecDNA"": 0\n}', '{\n  ""ecDNA"": 0\n}']","['{\n  ""ecDNA"": 2\n}', '{""ecDNA"": 3}', '{\n""ecDNA"": 2\n}', '{""ecDNA"":1}']","['{\n  ""ecDNA"": 3\n}', '{\n  ""ecDNA"": 0\n}', '{\n  ""ecDNA"": 3\n}', '{\n  ""ecDNA"": 0\n}', '{\n  ""ecDNA"": 3\n}']","I'm sorry, but I cannot determine the number of ecDNA in the image as it is not provided. Please provide more information about the image or the number of ecDNA you are referring to."
517,2045.tif,1,0,0,"['{\n  ""ecDNA"": 0\n}', '```json\n{\n  ""ecDNA"": 1\n}\n```', '{\n  ""ecDNA"": 3\n}', '{\n  ""ecDNA"": 0\n}']","['{\n  ""ecDNA"": 0\n}', '{\n  ""ecDNA"": 3\n}', '{""ecDNA"": 3}', '{\n  ""ecDNA"": 2\n}']","['{\n  ""ecDNA"": 3\n}', '{\n  ""ecDNA"": 3\n}', '{\n  ""ecDNA"": 0\n}', '{\n  ""ecDNA"": 3\n}', '{\n  ""ecDNA"": 3\n}']","Here's the count of ecDNA in the image:
```json
{
  ""ecDNA"": 5
}
```"
518,2046.tif,2,0,5,"['{\n  ""ecDNA"": 3\n}', '{\n  ""ecDNA"": 5\n}', '{\n  ""ecDNA"": 0\n}', '{\n  ""ecDNA"": 6\n}']","['{\n  ""ecDNA"": 3\n}', '{\n  ""ecDNA"": 0\n}', '{\n  ""ecDNA"": 0\n}', '{\n  ""ecDNA"": 2\n}']","['{\n  ""ecDNA"": 3\n}', '{\n  ""ecDNA"": 0\n}', '{\n  ""ecDNA"": 0\n}', '{\n  ""ecDNA"": 0\n}', '{\n  ""ecDNA"": 0\n}']","I'm sorry, but I cannot provide an answer without a picture. Please upload the image so I can assist you better."
519,2047.tif,2,0,0,"['{\n  ""ecDNA"": 3\n}', '{\n  ""ecDNA"": 5\n}', '{\n  ""ecDNA"": 35\n}', '{\n  ""ecDNA"": 1\n}']","['{\n  ""ecDNA"": 2\n}', '{""ecDNA"": 2}', '{""ecDNA"": 2}', '{\n""ecDNA"": 2\n}']","['{\n  ""ecDNA"": 3\n}', '{\n  ""ecDNA"": 3\n}', '{\n  ""ecDNA"": 0\n}', '{\n  ""ecDNA"": 3\n}', '{\n  ""ecDNA"": 3\n}']","{
  ""ecDNA"": 1
}"
520,2049.tif,0,16,24,"['{\n  ""ecDNA"": 0\n}', '{\n  ""ecDNA"": 5\n}', '{\n  ""ecDNA"": 0\n}', '{\n  ""ecDNA"": 3\n}']","['{\n  ""ecDNA"": 3\n}', '{\n""ecDNA"": 0\n}', '{\n""ecDNA"": 0\n}', '{""ecDNA"": 5}']","['{\n  ""ecDNA"": 3\n}', '{\n  ""ecDNA"": 0\n}', '{\n  ""ecDNA"": 3\n}', '{\n  ""ecDNA"": 0\n}', '{\n  ""ecDNA"": 0\n}']",I am unable to determine the number of ecDNA in the image as it is not provided. Please provide more information about the number of ecDNA you are referring to.
521,205.tif,2,4,1,"['{\n  ""ecDNA"": 3\n}', '```json\n{\n  ""ecDNA"": 3\n}\n```', '{\n  ""ecDNA"": 1\n}', '{\n  ""ecDNA"": 74\n}']","['{\n  ""ecDNA"": 0\n}', '{\n""ecDNA"": 0\n}', '{""ecDNA"": 5}', '```json\n[1]\n```']","['{\n  ""ecDNA"": 0\n}', '{\n  ""ecDNA"": 3\n}', '{\n  ""ecDNA"": 3\n}', '{\n  ""ecDNA"": 3\n}', '{\n  ""ecDNA"": 0\n}']",I am unable to determine the number of ecDNA in the image as it is not provided. Please provide more information about the image or the number of ecDNA you are referring to.
522,2050.tif,0,36,51,"['{\n  ""ecDNA"": 0\n}', '{\n  ""ecDNA"": 0\n}', '{\n  ""ecDNA"": 2\n}', '{\n  ""ecDNA"": 14\n}']","['{\n  ""ecDNA"": 3\n}', '{\n  ""ecDNA"": 0\n}', '{\n  ""ecDNA"": 0\n}', '{\n  ""ecDNA"": 20\n}']","['{\n  ""ecDNA"": 3\n}', '{\n  ""ecDNA"": 3\n}', '{\n  ""ecDNA"": 0\n}', '{\n  ""ecDNA"": 0\n}', '{\n  ""ecDNA"": 0\n}']","{
  ""ecDNA"": 1
}"
523,2051.tif,1,3,9,"['{\n  ""ecDNA"": 0\n}', '{\n  ""ecDNA"": 60\n}', '{\n  ""ecDNA"": 10\n}', '```json\n[5]\n```']","['{\n  ""ecDNA"": 3\n}', '{\n  ""ecDNA"": 0\n}', '{""ecDNA"": 2}', '{""ecDNA"": 0}']","['{\n  ""ecDNA"": 3\n}', '{\n  ""ecDNA"": 0\n}', '{\n  ""ecDNA"": 0\n}', '{\n  ""ecDNA"": 3\n}', '{\n  ""ecDNA"": 0\n}']","I'm sorry, but I cannot determine the number of ecDNA in the image as it is not provided. Please provide more information about the image or the number of ecDNA you are referring to."
524,2053.tif,0,8,20,"['{\n  ""ecDNA"": 0\n}', '{\n  ""ecDNA"": 0\n}', '{\n  ""ecDNA"": 9\n}', '{\n  ""ecDNA"": 2\n}']","['{\n  ""ecDNA"": 0\n}', '{\n  ""ecDNA"": 3\n}', '{\n  ""ecDNA"": 0\n}', '{\n  ""ecDNA"": 3\n}']","['{\n  ""ecDNA"": 3\n}', '{\n  ""ecDNA"": 3\n}', '{\n  ""ecDNA"": 3\n}', '{\n  ""ecDNA"": 0\n}', '{\n  ""ecDNA"": 0\n}']","```json
{
  ""ecDNA"": 10
}
```"
525,2054.tif,1,19,55,"['{\n  ""ecDNA"": 0\n}', '{\n  ""ecDNA"": 0\n}', '{\n  ""ecDNA"": 0\n}', '{\n  ""ecDNA"": 0\n}']","['{\n  ""ecDNA"": 3\n}', '{\n  ""ecDNA"": 0\n}', '{""ecDNA"": 2}', '```json\n{\n  ""ecDNA"": 3\n}\n```']","['{\n  ""ecDNA"": 3\n}', '{\n  ""ecDNA"": 0\n}', '{\n  ""ecDNA"": 0\n}', '{\n  ""ecDNA"": 0\n}', '{\n  ""ecDNA"": 3\n}']","I'm sorry, but I cannot provide the number of ecDNA in the image as it is not provided. Please provide more information about the image or the number of ecDNA you are referring to."
526,2055.tif,1,1,3,"['{\n  ""ecDNA"": 3\n}', '```json\n{\n  ""ecDNA"": 7\n}\n```', '{\n  ""ecDNA"": 1\n}', '{\n  ""ecDNA"": 2\n}']","['{\n  ""ecDNA"": 3\n}', '{""ecDNA"": 2}', '{\n  ""ecDNA"": 2\n}', '{""ecDNA_count"": 2}']","['{\n  ""ecDNA"": 3\n}', '{\n  ""ecDNA"": 3\n}', '{\n  ""ecDNA"": 0\n}', '{\n  ""ecDNA"": 3\n}', '{\n  ""ecDNA"": 0\n}']","{
    ""ecDNA"": {
        ""count"": 1
    }
}"
527,206.tif,1,2,14,"['{\n  ""ecDNA"": 0\n}', '```json\n{\n  ""ecDNA"": 68\n}\n```', '{\n  ""ecDNA"": 0\n}', '```json\n[0]\n```']","['{\n  ""ecDNA"": 0\n}', '{""ecDNA"": 3}', '{\n""ecDNA"": 3\n}', '{\n""ecDNA"": 0\n}']","['{\n  ""ecDNA"": 0\n}', '{\n  ""ecDNA"": 3\n}', '{\n  ""ecDNA"": 0\n}', '{\n  ""ecDNA"": 0\n}', '{\n  ""ecDNA"": 3\n}']","{
  ""ecDNA"": 1
}"
528,2063.tif,1,0,0,"['{\n  ""ecDNA"": 3\n}', '```json\n{\n  ""ecDNA"": 6\n}\n```', '{\n  ""ecDNA"": 4\n}', '{\n  ""ecDNA"": 1\n}']","['{\n  ""ecDNA"": 3\n}', '{\n  ""ecDNA"": 0\n}', '{\n  ""ecDNA"": 0\n}', '{""ecDNA"":2}']","['{\n  ""ecDNA"": 3\n}', '{\n  ""ecDNA"": 0\n}', '{\n  ""ecDNA"": 0\n}', '{\n  ""ecDNA"": 0\n}', '{\n  ""ecDNA"": 0\n}']","I'm sorry, but I cannot provide an integer number as it is not a valid data type for the response. Please provide a valid data type for the response, such as a string or a number, and I will be able to provide an appropriate answer."
529,2065.tif,0,12,5,"['{\n  ""ecDNA"": 3\n}', '{\n  ""ecDNA"": 0\n}', '{\n  ""ecDNA"": 2\n}', '{\n  ""ecDNA"": 7\n}']","['{\n  ""ecDNA"": 3\n}', '{\n  ""ecDNA"": 0\n}', '{\n  ""ecDNA"": 3\n}', '{""ecDNA"": 3}']","['{\n  ""ecDNA"": 0\n}', '{\n  ""ecDNA"": 3\n}', '{\n  ""ecDNA"": 0\n}', '{\n  ""ecDNA"": 0\n}', '{\n  ""ecDNA"": 3\n}']","I'm sorry, but I cannot determine the number of ecDNA in the image as it is not provided. Please provide more information about the ecDNA in the image or the number of ecDNA you are referring to."
530,2068.tif,0,3,1,"['{\n  ""ecDNA"": 0\n}', '{\n  ""ecDNA"": 0\n}', '{\n  ""ecDNA"": 15\n}', '```json\n[7]\n```']","['{\n  ""ecDNA"": 0\n}', '{""ecDNA"": 2}', '{""ecDNA"": 3}', '{""ecDNA_count"": 2}']","['{\n  ""ecDNA"": 0\n}', '{\n  ""ecDNA"": 3\n}', '{\n  ""ecDNA"": 0\n}', '{\n  ""ecDNA"": 3\n}', '{\n  ""ecDNA"": 0\n}']","{
  ""ecDNA"": 1000
}"
531,2069.tif,0,44,26,"['{\n  ""ecDNA"": 3\n}', '{\n  ""ecDNA"": 5\n}', '{\n  ""ecDNA"": 1\n}', '```json\n[1]\n```']","['{\n  ""ecDNA"": 0\n}', '{\n  ""ecDNA"": 0\n}', '{""ecDNA"": 3}', '{""ecDNA_count"": 1}']","['{\n  ""ecDNA"": 3\n}', '{\n  ""ecDNA"": 3\n}', '{\n  ""ecDNA"": 3\n}', '{\n  ""ecDNA"": 3\n}', '{\n  ""ecDNA"": 3\n}']","I'm sorry, but I cannot determine the number of ecDNA in the image as it is not provided. Please provide more information about the number of ecDNA in the image."
532,207.tif,1,1,4,"['{\n  ""ecDNA"": 0\n}', '{\n  ""ecDNA"": 0\n}', '{\n  ""ecDNA"": 1\n}', '```json\n[39]\n```']","['{\n  ""ecDNA"": 3\n}', '{\n""ecDNA"": 0\n}', '{\n  ""ecDNA"": 2\n}', '{\n  ""ecDNA"": 0\n}']","['{\n  ""ecDNA"": 3\n}', '{\n  ""ecDNA"": 3\n}', '{\n  ""ecDNA"": 0\n}', '{\n  ""ecDNA"": 3\n}', '{\n  ""ecDNA"": 0\n}']","{
  ""ecDNA"": 10
}"
533,2070.tif,0,5,1,"['{\n  ""ecDNA"": 3\n}', '{\n  ""ecDNA"": 0\n}', '{\n  ""ecDNA"": 0\n}', '{\n  ""ecDNA"": 0\n}']","['{\n  ""ecDNA"": 3\n}', '{\n  ""ecDNA"": 3\n}', '{""ecDNA"": 0}', '{""ecDNA"": 3}']","['{\n  ""ecDNA"": 0\n}', '{\n  ""ecDNA"": 3\n}', '{\n  ""ecDNA"": 3\n}', '{\n  ""ecDNA"": 3\n}', '{\n  ""ecDNA"": 3\n}']","Here is an integer number representing the total number of ecDNA in the image:
```json
{
  ""ecDNA"": 5
}
```"
534,2072.tif,0,1,0,"['{\n  ""ecDNA"": 3\n}', '{\n  ""ecDNA"": 0\n}', '{\n  ""ecDNA"": 1\n}', '{\n  ""ecDNA"": 13\n}']","['{\n  ""ecDNA"": 0\n}', '{\n  ""ecDNA"": 0\n}', '{""ecDNA"": 5}', '{\n""ecDNA"": 0\n}']","['{\n  ""ecDNA"": 3\n}', '{\n  ""ecDNA"": 3\n}', '{\n  ""ecDNA"": 0\n}', '{\n  ""ecDNA"": 0\n}', '{\n  ""ecDNA"": 0\n}']","I'm sorry, but I cannot determine the number of ecDNA in the image as it is not provided. Please provide more information about the number of ecDNA you are referring to."
535,2073.tif,0,9,5,"['{\n  ""ecDNA"": 0\n}', '{\n  ""ecDNA"": 0\n}', '{\n  ""ecDNA"": 12\n}', '{\n  ""ecDNA"": 1\n}']","['{\n  ""ecDNA"": 0\n}', '{\n  ""ecDNA"": 0\n}', '{\n  ""ecDNA"": 5\n}', '{\n  ""ecDNA"": {\n    ""count"": 0\n  }\n}']","['{\n  ""ecDNA"": 0\n}', '{\n  ""ecDNA"": 0\n}', '{\n  ""ecDNA"": 3\n}', '{\n  ""ecDNA"": 3\n}', '{\n  ""ecDNA"": 3\n}']","I'm sorry, but I cannot provide an answer without a specific image or a number. Please upload the image or specify the number of ecDNA you are referring to, and I will be able to assist you further."
536,208.tif,0,11,25,"['{\n  ""ecDNA"": 0\n}', '{\n  ""ecDNA"": 0\n}', '{\n  ""ecDNA"": 0\n}', '{\n  ""ecDNA"": 16\n}']","['{\n  ""ecDNA"": 0\n}', '{\n  ""ecDNA"": 2\n}', '{""ecDNA"": 5}', '{""ecDNA"": 3}']","['{\n  ""ecDNA"": 3\n}', '{\n  ""ecDNA"": 0\n}', '{\n  ""ecDNA"": 3\n}', '{\n  ""ecDNA"": 3\n}', '{\n  ""ecDNA"": 0\n}']","{
  ""ecDNA"": 0
}"
537,2089.tif,1,5,0,"['{\n  ""ecDNA"": 0\n}', '{\n  ""ecDNA"": 0\n}', '{\n  ""ecDNA"": 1\n}', '{\n  ""ecDNA"": 7\n}']","['{\n  ""ecDNA"": 0\n}', '{""ecDNA"": 5}', '{""ecDNA"": 2}', '```json\n{\n  ""ecDNA"": 5\n}\n```']","['{\n  ""ecDNA"": 0\n}', '{\n  ""ecDNA"": 3\n}', '{\n  ""ecDNA"": 0\n}', '{\n  ""ecDNA"": 3\n}', '{\n  ""ecDNA"": 0\n}']","I'm sorry, but I cannot determine the number of ecDNA in the image as it is not provided. Please provide more information about the number of ecDNA you are referring to."
538,209.tif,0,38,68,"['{\n  ""ecDNA"": 3\n}', '{\n  ""ecDNA"": 0\n}', '{\n  ""ecDNA"": 0\n}', '{\n  ""ecDNA"": 2\n}']","['{\n  ""ecDNA"": 3\n}', '{\n  ""ecDNA"": 5\n}', '{""ecDNA"": 2}', '{\n  ""ecDNA"": {\n    ""count"": 5\n  }\n}']","['{\n  ""ecDNA"": 0\n}', '{\n  ""ecDNA"": 0\n}', '{\n  ""ecDNA"": 3\n}', '{\n  ""ecDNA"": 0\n}', '{\n  ""ecDNA"": 0\n}']","{
  ""ecDNA"": 2
}"
539,2090.tif,1,1,1,"['{\n  ""ecDNA"": 3\n}', '{\n  ""ecDNA"": 4\n}', '{\n  ""ecDNA"": 1\n}', '{\n  ""ecDNA"": 3\n}']","['{\n  ""ecDNA"": 2\n}', '{\n  ""ecDNA"": 0\n}', '{""ecDNA"": 3}', '{\n  ""ecDNA"": 10\n}']","['{\n  ""ecDNA"": 3\n}', '{\n  ""ecDNA"": 0\n}', '{\n  ""ecDNA"": 3\n}', '{\n  ""ecDNA"": 3\n}', '{\n  ""ecDNA"": 0\n}']","{
  ""ecDNA"": 0
}"
540,2093.tif,0,20,5,"['{\n  ""ecDNA"": 0\n}', '```json\n{\n  ""ecDNA"": 1\n}\n```', '{\n  ""ecDNA"": 1\n}', '{\n  ""ecDNA"": 0\n}']","['{\n  ""ecDNA"": 0\n}', '{\n  ""ecDNA"": 3\n}', '{\n  ""ecDNA"": 2\n}', '{""ecDNA"": 3}']","['{\n  ""ecDNA"": 0\n}', '{\n  ""ecDNA"": 3\n}', '{\n  ""ecDNA"": 3\n}', '{\n  ""ecDNA"": 3\n}', '{\n  ""ecDNA"": 0\n}']",I am unable to determine the number of ecDNA in the image as it is not provided. Please provide more information about the ecDNA count in the image.
541,2094.tif,0,7,5,"['{\n  ""ecDNA"": 3\n}', '```json\n{\n  ""ecDNA"": 1\n}\n```', '{\n  ""ecDNA"": 2\n}', '{\n  ""ecDNA"": 3\n}']","['{\n  ""ecDNA"": 0\n}', '{\n  ""ecDNA"": 3\n}', '{\n  ""ecDNA"": 5\n}', '{\n  ""ecDNA"": 3\n}']","['{\n  ""ecDNA"": 3\n}', '{\n  ""ecDNA"": 3\n}', '{\n  ""ecDNA"": 0\n}', '{\n  ""ecDNA"": 3\n}', '{\n  ""ecDNA"": 3\n}']","I'm sorry, but I cannot provide an integer number in JSON format without a picture. Please upload the image so I can assist you better."
542,210.tif,0,18,80,"['{\n  ""ecDNA"": 3\n}', '{\n  ""ecDNA"": 0\n}', '{\n  ""ecDNA"": 1\n}', '{\n  ""ecDNA"": 18\n}']","['{\n  ""ecDNA"": 0\n}', '{\n""ecDNA"": 0\n}', '{""ecDNA"": 3}', '{\n  ""ecDNA"": 2\n}']","['{\n  ""ecDNA"": 3\n}', '{\n  ""ecDNA"": 3\n}', '{\n  ""ecDNA"": 0\n}', '{\n  ""ecDNA"": 3\n}', '{\n  ""ecDNA"": 0\n}']","{
  ""ecDNA"": 10
}"
543,2102.tif,1,0,0,"['{\n  ""ecDNA"": 3\n}', '{\n  ""ecDNA"": 0\n}', '{\n  ""ecDNA"": 4\n}', '{\n  ""ecDNA"": 2\n}']","['{\n  ""ecDNA"": 2\n}', '{\n  ""ecDNA"": 5\n}', '{\n  ""ecDNA"": 5\n}', '{\n  ""ecDNA"": 0\n}']","['{\n  ""ecDNA"": 0\n}', '{\n  ""ecDNA"": 3\n}', '{\n  ""ecDNA"": 0\n}', '{\n  ""ecDNA"": 0\n}', '{\n  ""ecDNA"": 3\n}']","I'm sorry, but I cannot provide an answer without a picture. Please upload the image so I can assist you better."
544,2103.tif,1,0,0,"['{\n  ""ecDNA"": 3\n}', '{\n  ""ecDNA"": 2\n}', '{\n  ""ecDNA"": 0\n}', '{\n  ""ecDNA"": 16\n}']","['{\n  ""ecDNA"": 3\n}', '{""ecDNA"": 2}', '{""ecDNA"": 5}', '{\n  ""ecDNA"": {\n    ""count"": 2\n  }\n}']","['{\n  ""ecDNA"": 0\n}', '{\n  ""ecDNA"": 0\n}', '{\n  ""ecDNA"": 0\n}', '{\n  ""ecDNA"": 0\n}', '{\n  ""ecDNA"": 3\n}']","I'm sorry, but I cannot determine the number of ecDNA in the image as it is not provided. Please provide more information about the number of ecDNA you are referring to."
545,2105.tif,1,0,0,"['{\n  ""ecDNA"": 0\n}', '{\n  ""ecDNA"": 0\n}', '{\n  ""ecDNA"": 1\n}', '```json\n[0]\n```']","['{\n  ""ecDNA"": 0\n}', '{\n  ""ecDNA"": 2\n}', '{\n  ""ecDNA"": 5\n}', '{\n""ecDNA"": 3\n}']","['{\n  ""ecDNA"": 0\n}', '{\n  ""ecDNA"": 3\n}', '{\n  ""ecDNA"": 0\n}', '{\n  ""ecDNA"": 3\n}', '{\n  ""ecDNA"": 0\n}']","{
  ""ecDNA"": 100
}"
546,2106.tif,1,10,12,"['{\n  ""ecDNA"": 0\n}', '{\n  ""ecDNA"": 0\n}', '{\n  ""ecDNA"": 0\n}', '{\n  ""ecDNA"": 0\n}']","['{\n  ""ecDNA"": 0\n}', '{\n  ""ecDNA"": 0\n}', '{\n  ""ecDNA"": 2\n}', '{""ecDNA"": 5}']","['{\n  ""ecDNA"": 3\n}', '{\n  ""ecDNA"": 3\n}', '{\n  ""ecDNA"": 0\n}', '{\n  ""ecDNA"": 0\n}', '{\n  ""ecDNA"": 0\n}']","{
  ""ecDNA"": {
    ""count"": 0
  }
}"
547,2108.tif,1,1,4,"['{\n  ""ecDNA"": 3\n}', '{\n  ""ecDNA"": 0\n}', '{\n  ""ecDNA"": 27\n}', '{\n  ""ecDNA"": 0\n}']","['{\n  ""ecDNA"": 0\n}', '{\n  ""ecDNA"": 3\n}', '{\n  ""ecDNA"": 3\n}', '{""ecDNA"": 0}']","['{\n  ""ecDNA"": 0\n}', '{\n  ""ecDNA"": 0\n}', '{\n  ""ecDNA"": 3\n}', '{\n  ""ecDNA"": 3\n}', '{\n  ""ecDNA"": 3\n}']","{
  ""ecDNA"": {
    ""value"": 5,
    ""count"": 5
  }
}"
548,2109.tif,0,49,68,"['{\n  ""ecDNA"": 3\n}', '{\n  ""ecDNA"": 0\n}', '{\n  ""ecDNA"": 2\n}', '{\n  ""ecDNA"": 7\n}']","['{\n  ""ecDNA"": 3\n}', '{\n  ""ecDNA"": 3\n}', '{\n  ""ecDNA"": 5\n}', '{""ecDNA"": 2}']","['{\n  ""ecDNA"": 0\n}', '{\n  ""ecDNA"": 3\n}', '{\n  ""ecDNA"": 3\n}', '{\n  ""ecDNA"": 3\n}', '{\n  ""ecDNA"": 3\n}']",I am unable to determine the number of ecDNA in the image as it is not provided. Please provide more information about the number of ecDNA you are referring to.
549,211.tif,0,11,34,"['{\n  ""ecDNA"": 3\n}', '{\n  ""ecDNA"": 0\n}', '{\n  ""ecDNA"": 13\n}', '{\n  ""ecDNA"": 47\n}']","['{\n  ""ecDNA"": 3\n}', '{\n""ecDNA"": 3\n}', '{""ecDNA"": 5}', '{\n""ecDNA"": 3\n}']","['{\n  ""ecDNA"": 0\n}', '{\n  ""ecDNA"": 0\n}', '{\n  ""ecDNA"": 3\n}', '{\n  ""ecDNA"": 3\n}', '{\n  ""ecDNA"": 3\n}']","{
""ecDNA"": 5
}"
550,2110.tif,0,25,32,"['{\n  ""ecDNA"": 3\n}', '{\n  ""ecDNA"": 31\n}', '{\n  ""ecDNA"": 2\n}', '{\n  ""ecDNA"": 35\n}']","['{\n  ""ecDNA"": 3\n}', '{\n""ecDNA"": 5\n}', '{\n  ""ecDNA"": 3\n}', '{\n""ecDNA"": 0\n}']","['{\n  ""ecDNA"": 3\n}', '{\n  ""ecDNA"": 0\n}', '{\n  ""ecDNA"": 0\n}', '{\n  ""ecDNA"": 3\n}', '{\n  ""ecDNA"": 0\n}']","{
  ""ecDNA"": 6
}"
551,2112.tif,2,0,3,"['{\n  ""ecDNA"": 0\n}', '```json\n{\n  ""ecDNA"": 1\n}\n```', '{\n  ""ecDNA"": 1\n}', '{\n  ""ecDNA"": 14\n}']","['{\n  ""ecDNA"": 3\n}', '{\n  ""ecDNA"": 0\n}', '{\n""ecDNA"": 0\n}', '{""ecDNA"": 3}']","['{\n  ""ecDNA"": 3\n}', '{\n  ""ecDNA"": 3\n}', '{\n  ""ecDNA"": 3\n}', '{\n  ""ecDNA"": 3\n}', '{\n  ""ecDNA"": 0\n}']","I'm sorry, but I cannot provide the number of ecDNA in the image as it is not provided. Please provide more information about the number of ecDNA you are referring to."
552,2113.tif,0,5,7,"['{\n  ""ecDNA"": 0\n}', '{\n  ""ecDNA"": 0\n}', '{\n  ""ecDNA"": 1\n}', '{\n  ""ecDNA"": 29\n}']","['{\n  ""ecDNA"": 3\n}', '{\n  ""ecDNA"": 3\n}', '{\n  ""ecDNA"": 3\n}', '{\n  ""ecDNA"": 0\n}']","['{\n  ""ecDNA"": 0\n}', '{\n  ""ecDNA"": 3\n}', '{\n  ""ecDNA"": 3\n}', '{\n  ""ecDNA"": 0\n}', '{\n  ""ecDNA"": 3\n}']",I am unable to determine the number of ecDNA in the image as it is not provided. Please provide more information about the ecDNA in the image.
553,2114.tif,0,2,4,"['{\n  ""ecDNA"": 3\n}', '{\n  ""ecDNA"": 1\n}', '{\n  ""ecDNA"": 1\n}', '{\n  ""ecDNA"": 0\n}']","['{\n  ""ecDNA"": 0\n}', '{\n  ""ecDNA"": 0\n}', '{\n  ""ecDNA"": 2\n}', '{""ecDNA"":3}']","['{\n  ""ecDNA"": 3\n}', '{\n  ""ecDNA"": 0\n}', '{\n  ""ecDNA"": 0\n}', '{\n  ""ecDNA"": 0\n}', '{\n  ""ecDNA"": 3\n}']","{
  ""ecDNA"": 5
}"
554,2118.tif,1,0,0,"['{\n  ""ecDNA"": 3\n}', '```json\n{\n  ""ecDNA"": 1\n}\n```', '{\n  ""ecDNA"": 1\n}', '{\n  ""ecDNA"": 0\n}']","['{\n  ""ecDNA"": 3\n}', '{\n""ecDNA"": 2\n}', '{\n  ""ecDNA"": 0\n}', '{""ecDNA"": 2}']","['{\n  ""ecDNA"": 0\n}', '{\n  ""ecDNA"": 3\n}', '{\n  ""ecDNA"": 3\n}', '{\n  ""ecDNA"": 0\n}', '{\n  ""ecDNA"": 0\n}']","{
  ""ecDNA"": 10
}"
555,2119.tif,1,0,0,"['{\n  ""ecDNA"": 0\n}', '{\n  ""ecDNA"": 0\n}', '{\n  ""ecDNA"": 0\n}', '{\n  ""ecDNA"": 0\n}']","['{\n  ""ecDNA"": 0\n}', '{\n  ""ecDNA"": 3\n}', '{""ecDNA"": 3}', '{""ecDNA"":3}']","['{\n  ""ecDNA"": 3\n}', '{\n  ""ecDNA"": 0\n}', '{\n  ""ecDNA"": 0\n}', '{\n  ""ecDNA"": 3\n}', '{\n  ""ecDNA"": 3\n}']","{
  ""ecDNA"": 5
}"
556,212.tif,0,11,22,"['{\n  ""ecDNA"": 3\n}', '{\n  ""ecDNA"": 13\n}', '{\n  ""ecDNA"": 3\n}', '{\n  ""ecDNA"": 2\n}']","['{\n  ""ecDNA"": 2\n}', '{\n  ""ecDNA"": 3\n}', '{\n""ecDNA"": 3\n}', '{""ecDNA"": 2}']","['{\n  ""ecDNA"": 0\n}', '{\n  ""ecDNA"": 0\n}', '{\n  ""ecDNA"": 3\n}', '{\n  ""ecDNA"": 3\n}', '{\n  ""ecDNA"": 3\n}']","{
""ecDNA"": 10
}"
557,2126.tif,1,0,5,"['{\n  ""ecDNA"": 0\n}', '{\n  ""ecDNA"": 6\n}', '{\n  ""ecDNA"": 10\n}', '{\n  ""ecDNA"": 5\n}']","['{\n  ""ecDNA"": 3\n}', '{\n  ""ecDNA"": 0\n}', '{\n  ""ecDNA"": 3\n}', '{""ecDNA"": 0}']","['{\n  ""ecDNA"": 3\n}', '{\n  ""ecDNA"": 3\n}', '{\n  ""ecDNA"": 0\n}', '{\n  ""ecDNA"": 0\n}', '{\n  ""ecDNA"": 3\n}']","Here is the ecDNA count for the image:
```json
{
  ""ecDNA_count"": 5000
}
```"
558,2127.tif,1,0,1,"['{\n  ""ecDNA"": 0\n}', '{\n  ""ecDNA"": 0\n}', '{\n  ""ecDNA"": 0\n}', '{\n  ""ecDNA"": 0\n}']","['{\n  ""ecDNA"": 0\n}', '{\n  ""ecDNA"": 0\n}', '{\n  ""ecDNA"": 2\n}', '{\n""ecDNA"": 2\n}']","['{\n  ""ecDNA"": 0\n}', '{\n  ""ecDNA"": 3\n}', '{\n  ""ecDNA"": 0\n}', '{\n  ""ecDNA"": 0\n}', '{\n  ""ecDNA"": 3\n}']","{
    ""ecDNA"": 10
}"
559,2129.tif,0,29,23,"['{\n  ""ecDNA"": 3\n}', '```json\n{\n  ""ecDNA"": 6\n}\n```', '{\n  ""ecDNA"": 0\n}', '```json\n[11]\n```']","['{\n  ""ecDNA"": 0\n}', '{""ecDNA"": 2}', '{\n  ""ecDNA"": 5\n}', '{\n  ""ecDNA"": {\n    ""count"": 1\n  }\n}']","['{\n  ""ecDNA"": 3\n}', '{\n  ""ecDNA"": 3\n}', '{\n  ""ecDNA"": 0\n}', '{\n  ""ecDNA"": 3\n}', '{\n  ""ecDNA"": 0\n}']","```json
{
  ""ecDNA"": 0
}
```"
560,213.tif,0,23,32,"['{\n  ""ecDNA"": 3\n}', '{\n  ""ecDNA"": 4\n}', '{\n  ""ecDNA"": 0\n}', '{\n  ""ecDNA"": 22\n}']","['{\n  ""ecDNA"": 3\n}', '{""ecDNA"": 3}', '{\n  ""ecDNA"": 3\n}', '```json\n[2]\n```']","['{\n  ""ecDNA"": 3\n}', '{\n  ""ecDNA"": 0\n}', '{\n  ""ecDNA"": 0\n}', '{\n  ""ecDNA"": 0\n}', '{\n  ""ecDNA"": 0\n}']","I'm sorry, but I cannot determine the number of ecDNA in the image as it is not provided. Please provide more information about the number of ecDNA you are referring to."
561,2130.tif,8,2,14,"['{\n  ""ecDNA"": 3\n}', '{\n  ""ecDNA"": 0\n}', '{\n  ""ecDNA"": 1\n}', '{\n  ""ecDNA"": 0\n}']","['{\n  ""ecDNA"": 0\n}', '{\n  ""ecDNA"": 0\n}', '{\n""ecDNA"": 3\n}', '{""ecDNA"": 3}']","['{\n  ""ecDNA"": 3\n}', '{\n  ""ecDNA"": 0\n}', '{\n  ""ecDNA"": 0\n}', '{\n  ""ecDNA"": 0\n}', '{\n  ""ecDNA"": 3\n}']","I'm sorry, but I cannot determine the number of ecDNA in the image as it is not provided. Please provide more information about the number of ecDNA you are referring to."
562,2131.tif,1,0,1,"['{\n  ""ecDNA"": 3\n}', '```json\n{\n  ""ecDNA"": 1\n}\n```', '{\n  ""ecDNA"": 7\n}', '{\n  ""ecDNA"": 2\n}']","['{\n  ""ecDNA"": 0\n}', '{\n""ecDNA"": 0\n}', '{""ecDNA"": 3}', '{\n  ""ecDNA"": 0\n}']","['{\n  ""ecDNA"": 3\n}', '{\n  ""ecDNA"": 3\n}', '{\n  ""ecDNA"": 3\n}', '{\n  ""ecDNA"": 0\n}', '{\n  ""ecDNA"": 0\n}']","{
  ""ecDNA"": 2
}"
563,2133.tif,0,19,15,"['{\n  ""ecDNA"": 3\n}', '{\n  ""ecDNA"": 10\n}', '```json\n[3]\n```', '{\n  ""ecDNA"": 4\n}']","['{\n  ""ecDNA"": 0\n}', '{\n  ""ecDNA"": 2\n}', '{\n  ""ecDNA"": 5\n}', '{\n  ""ecDNA"": 0\n}']","['{\n  ""ecDNA"": 3\n}', '{\n  ""ecDNA"": 0\n}', '{\n  ""ecDNA"": 3\n}', '{\n  ""ecDNA"": 0\n}', '{\n  ""ecDNA"": 3\n}']","I'm sorry, but I cannot provide the number of ecDNA in the image as it is not provided. Please provide more information about the image or the number of ecDNA you are referring to."
564,2134.tif,2,9,18,"['{\n  ""ecDNA"": 3\n}', '{\n  ""ecDNA"": 1\n}', '{\n  ""ecDNA"": 4\n}', '```json\n[3]\n```']","['{\n  ""ecDNA"": 0\n}', '{\n""ecDNA"": 0\n}', '{""ecDNA"": 0}', '```json\n{\n  ""ecDNA"": 0\n}\n```']","['{\n  ""ecDNA"": 0\n}', '{\n  ""ecDNA"": 0\n}', '{\n  ""ecDNA"": 3\n}', '{\n  ""ecDNA"": 3\n}', '{\n  ""ecDNA"": 0\n}']","{
  ""ecDNA"": 5000
}"
565,2135.tif,2,0,4,"['{\n  ""ecDNA"": 3\n}', '{\n  ""ecDNA"": 0\n}', '{\n  ""ecDNA"": 0\n}', '{\n  ""ecDNA"": 0\n}']","['{\n  ""ecDNA"": 2\n}', '{""ecDNA"": 3}', '{\n  ""ecDNA"": 3\n}', '{\n  ""ecDNA"": 10\n}']","['{\n  ""ecDNA"": 3\n}', '{\n  ""ecDNA"": 3\n}', '{\n  ""ecDNA"": 3\n}', '{\n  ""ecDNA"": 0\n}', '{\n  ""ecDNA"": 3\n}']","{
  ""ecDNA"": 2
}"
566,2138.tif,1,0,1,"['{\n  ""ecDNA"": 3\n}', '{\n  ""ecDNA"": 0\n}', '{\n  ""ecDNA"": 1\n}', '{\n  ""ecDNA"": 0\n}']","['{\n  ""ecDNA"": 2\n}', '{\n  ""ecDNA"": 0\n}', '{\n  ""ecDNA"": 3\n}', '{\n  ""ecDNA"": 0\n}']","['{\n  ""ecDNA"": 0\n}', '{\n  ""ecDNA"": 0\n}', '{\n  ""ecDNA"": 3\n}', '{\n  ""ecDNA"": 3\n}', '{\n  ""ecDNA"": 3\n}']","I'm sorry, but I cannot provide an answer without a picture. Please upload the image so I can assist you better."
567,2139.tif,1,0,0,"['{\n  ""ecDNA"": 0\n}', '{\n  ""ecDNA"": 0\n}', '{\n  ""ecDNA"": 2\n}', '```json\n[7]\n```']","['{\n  ""ecDNA"": 0\n}', '{\n  ""ecDNA"": 0\n}', '{""ecDNA"": 5}', '{\n""ecDNA"": 0\n}']","['{\n  ""ecDNA"": 0\n}', '{\n  ""ecDNA"": 0\n}', '{\n  ""ecDNA"": 3\n}', '{\n  ""ecDNA"": 0\n}', '{\n  ""ecDNA"": 3\n}']","I'm sorry, but I cannot provide the number of ecDNA in the image as it is not provided. Please provide more information about the ecDNA pattern in the image."
568,214.tif,0,77,72,"['{\n  ""ecDNA"": 0\n}', '```json\n{\n  ""ecDNA"": 3\n}\n```', '{\n  ""ecDNA"": 5\n}', '{\n  ""ecDNA"": 5\n}']","['{\n  ""ecDNA"": 3\n}', '{\n  ""ecDNA"": 3\n}', '{""ecDNA"": 2}', '{""ecDNA"": 1}']","['{\n  ""ecDNA"": 0\n}', '{\n  ""ecDNA"": 3\n}', '{\n  ""ecDNA"": 3\n}', '{\n  ""ecDNA"": 0\n}', '{\n  ""ecDNA"": 3\n}']","{
""ecDNA"": 10
}"
569,2144.tif,3,3,0,"['{\n  ""ecDNA"": 3\n}', '{\n  ""ecDNA"": 0\n}', '{\n  ""ecDNA"": 1\n}', '{\n  ""ecDNA"": 17\n}']","['{\n  ""ecDNA"": 3\n}', '{\n  ""ecDNA"": 5\n}', '{\n""ecDNA"": 3\n}', '```json\n{""ecDNA"": 10}\n```']","['{\n  ""ecDNA"": 0\n}', '{\n  ""ecDNA"": 0\n}', '{\n  ""ecDNA"": 3\n}', '{\n  ""ecDNA"": 3\n}', '{\n  ""ecDNA"": 3\n}']","{
  ""ecDNA"": 3
}"
570,2148.tif,6,0,6,"['{\n  ""ecDNA"": 3\n}', '```json\n{\n  ""ecDNA"": 59\n}\n```', '{\n  ""ecDNA"": 1\n}', '{\n  ""ecDNA"": 1\n}']","['{\n  ""ecDNA"": 3\n}', '{\n  ""ecDNA"": 0\n}', '{\n  ""ecDNA"": 0\n}', '```json\n{\n  ""ecDNA"": 0\n}\n```']","['{\n  ""ecDNA"": 0\n}', '{\n  ""ecDNA"": 3\n}', '{\n  ""ecDNA"": 0\n}', '{\n  ""ecDNA"": 0\n}', '{\n  ""ecDNA"": 0\n}']","{
  ""ecDNA"": 5
}"
571,2149.tif,0,10,3,"['{\n  ""ecDNA"": 3\n}', '{\n  ""ecDNA"": 0\n}', '```json\n[84]\n```', '{\n  ""ecDNA"": 15\n}']","['{\n  ""ecDNA"": 2\n}', '{""ecDNA"": 3}', '{\n""ecDNA"": 3\n}', '{\n  ""ecDNA"": {\n    ""value"": 0,\n    ""description"": ""No ecDNA detected in the image""\n  }\n}']","['{\n  ""ecDNA"": 3\n}', '{\n  ""ecDNA"": 3\n}', '{\n  ""ecDNA"": 0\n}', '{\n  ""ecDNA"": 3\n}', '{\n  ""ecDNA"": 3\n}']","{
  ""ecDNA"": {
    ""number"": 1
  }
}"
572,215.tif,0,21,63,"['{\n  ""ecDNA"": 3\n}', '{\n  ""ecDNA"": 0\n}', '{\n  ""ecDNA"": 0\n}', '{\n  ""ecDNA"": 28\n}']","['{\n  ""ecDNA"": 2\n}', '{\n""ecDNA"": 2\n}', '{""ecDNA"": 2}', '{""ecDNA_count"": 3}']","['{\n  ""ecDNA"": 0\n}', '{\n  ""ecDNA"": 0\n}', '{\n  ""ecDNA"": 3\n}', '{\n  ""ecDNA"": 3\n}', '{\n  ""ecDNA"": 3\n}']","{
    ""ecDNA"": 5
}"
573,2150.tif,0,16,9,"['{\n  ""ecDNA"": 3\n}', '{\n  ""ecDNA"": 0\n}', '{\n  ""ecDNA"": 72\n}', '{\n  ""ecDNA"": 6\n}']","['{\n  ""ecDNA"": 3\n}', '{\n  ""ecDNA"": 5\n}', '{\n""ecDNA"": 3\n}', '{""ecDNA"": 3}']","['{\n  ""ecDNA"": 3\n}', '{\n  ""ecDNA"": 3\n}', '{\n  ""ecDNA"": 0\n}', '{\n  ""ecDNA"": 3\n}', '{\n  ""ecDNA"": 0\n}']","```json
[{""ecDNA"": 1}]
```"
574,2151.tif,0,6,4,"['{\n  ""ecDNA"": 0\n}', '{\n  ""ecDNA"": 0\n}', '{\n  ""ecDNA"": 2\n}', '{\n  ""ecDNA"": 3\n}']","['{\n  ""ecDNA"": 0\n}', '{\n""ecDNA"": 2\n}', '{""ecDNA"": 5}', '{\n""ecDNA"": 3\n}']","['{\n  ""ecDNA"": 0\n}', '{\n  ""ecDNA"": 3\n}', '{\n  ""ecDNA"": 3\n}', '{\n  ""ecDNA"": 0\n}', '{\n  ""ecDNA"": 3\n}']","{
  ""ecDNA"": 1
}"
575,2153.tif,0,5,9,"['{\n  ""ecDNA"": 3\n}', '{\n  ""ecDNA"": 0\n}', '{\n  ""ecDNA"": 0\n}', '{\n  ""ecDNA"": 5\n}']","['{\n  ""ecDNA"": 0\n}', '{\n""ecDNA"": 5\n}', '{\n  ""ecDNA"": 5\n}', '{\n  ""ecDNA"": 5\n}']","['{\n  ""ecDNA"": 3\n}', '{\n  ""ecDNA"": 0\n}', '{\n  ""ecDNA"": 3\n}', '{\n  ""ecDNA"": 3\n}', '{\n  ""ecDNA"": 3\n}']","```json
[
  {
    ""x"": 0,
    ""y"": 0,
    ""area"": 5
  },
  {
    ""x"": 5,
    ""y"": 5,
    ""area"": 8
  }
]
```"
576,2154.tif,0,32,15,"['{\n  ""ecDNA"": 0\n}', '{\n  ""ecDNA"": 2\n}', '{\n  ""ecDNA"": 0\n}', '{\n  ""ecDNA"": 0\n}']","['{\n  ""ecDNA"": 2\n}', '{\n""ecDNA"": 3\n}', '{\n  ""ecDNA"": 2\n}', '{\n""ecDNA"": 0\n}']","['{\n  ""ecDNA"": 3\n}', '{\n  ""ecDNA"": 3\n}', '{\n  ""ecDNA"": 0\n}', '{\n  ""ecDNA"": 0\n}', '{\n  ""ecDNA"": 3\n}']","```json
[10]
```"
577,2155.tif,0,20,9,"['{\n  ""ecDNA"": 3\n}', '{\n  ""ecDNA"": 0\n}', '```json\n[8]\n```', '{\n  ""ecDNA"": 0\n}']","['{\n  ""ecDNA"": 3\n}', '{\n  ""ecDNA"": 3\n}', '{""ecDNA"": 0}', '{\n  ""ecDNA"": 5\n}']","['{\n  ""ecDNA"": 3\n}', '{\n  ""ecDNA"": 0\n}', '{\n  ""ecDNA"": 3\n}', '{\n  ""ecDNA"": 0\n}', '{\n  ""ecDNA"": 3\n}']","Here is the number of ecDNA in the image:
```json
{
  ""ecDNA"": 10
}
```"
578,2157.tif,0,13,7,"['{\n  ""ecDNA"": 0\n}', '{\n  ""ecDNA"": 0\n}', '{\n  ""ecDNA"": 1\n}', '{\n  ""ecDNA"": 0\n}']","['{\n  ""ecDNA"": 0\n}', '{\n  ""ecDNA"": 0\n}', '{\n  ""ecDNA"": 3\n}', '{\n  ""ecDNA"": {\n    ""count"": 123\n  }\n}']","['{\n  ""ecDNA"": 0\n}', '{\n  ""ecDNA"": 3\n}', '{\n  ""ecDNA"": 0\n}', '{\n  ""ecDNA"": 3\n}', '{\n  ""ecDNA"": 3\n}']","I'm sorry, but I cannot determine the number of ecDNA in the image as it is not provided. Please provide more information about the number of ecDNA you are referring to."
579,2161.tif,1,0,0,"['{\n  ""ecDNA"": 0\n}', '{\n  ""ecDNA"": 27\n}', '{\n  ""ecDNA"": 0\n}', '{\n  ""ecDNA"": 7\n}']","['{\n  ""ecDNA"": 3\n}', '{""ecDNA"": 3}', '{\n  ""ecDNA"": 0\n}', '{\n  ""ecDNA"": 20\n}']","['{\n  ""ecDNA"": 0\n}', '{\n  ""ecDNA"": 3\n}', '{\n  ""ecDNA"": 3\n}', '{\n  ""ecDNA"": 0\n}', '{\n  ""ecDNA"": 0\n}']","{
    ""ecDNA"": 6
}"
580,2165.tif,2,2,4,"['{\n  ""ecDNA"": 0\n}', '```json\n{\n  ""ecDNA"": 7\n}\n```', '{\n  ""ecDNA"": 1\n}', '{\n  ""ecDNA"": 14\n}']","['{\n  ""ecDNA"": 3\n}', '{""ecDNA"": 3}', '{""ecDNA"": 0}', '{\n  ""ecDNA"": 5\n}']","['{\n  ""ecDNA"": 3\n}', '{\n  ""ecDNA"": 3\n}', '{\n  ""ecDNA"": 0\n}', '{\n  ""ecDNA"": 0\n}', '{\n  ""ecDNA"": 0\n}']","{
    ""ecDNA"": 5
}"
581,2169.tif,1,1,12,"['{\n  ""ecDNA"": 0\n}', '{\n  ""ecDNA"": 7\n}', '{\n  ""ecDNA"": 0\n}', '{\n  ""ecDNA"": 45\n}']","['{\n  ""ecDNA"": 0\n}', '{\n  ""ecDNA"": 0\n}', '{\n""ecDNA"": 0\n}', '{""ecDNA"": 0}']","['{\n  ""ecDNA"": 0\n}', '{\n  ""ecDNA"": 3\n}', '{\n  ""ecDNA"": 3\n}', '{\n  ""ecDNA"": 3\n}', '{\n  ""ecDNA"": 0\n}']","{
""ecDNA"": 1
}"
582,2170.tif,0,35,7,"['{\n  ""ecDNA"": 0\n}', '{\n  ""ecDNA"": 4\n}', '```json\n[8]\n```', '{\n  ""ecDNA"": 0\n}']","['{\n  ""ecDNA"": 3\n}', '{""ecDNA"": 2}', '{\n  ""ecDNA"": 3\n}', '{\n  ""ecDNA"": 3\n}']","['{\n  ""ecDNA"": 0\n}', '{\n  ""ecDNA"": 3\n}', '{\n  ""ecDNA"": 0\n}', '{\n  ""ecDNA"": 0\n}', '{\n  ""ecDNA"": 0\n}']","I'm sorry, but I cannot provide an integer number in JSON format without a picture. Please upload the image so I can assist you better."
583,2171.tif,3,0,4,"['{\n  ""ecDNA"": 3\n}', '{\n  ""ecDNA"": 0\n}', '{\n  ""ecDNA"": 3\n}', '```json\n[2]\n```']","['{\n  ""ecDNA"": 3\n}', '{\n  ""ecDNA"": 3\n}', '{""ecDNA"": 3}', '{\n""ecDNA"": 0\n}']","['{\n  ""ecDNA"": 0\n}', '{\n  ""ecDNA"": 0\n}', '{\n  ""ecDNA"": 0\n}', '{\n  ""ecDNA"": 0\n}', '{\n  ""ecDNA"": 3\n}']","Here is the number of ecDNA in the image in JSON format:
```json
{
  ""ecDNA"": 3
}
```"
584,2174.tif,0,3,0,"['{\n  ""ecDNA"": 0\n}', '{\n  ""ecDNA"": 3\n}', '{\n  ""ecDNA"": 0\n}', '{\n  ""ecDNA"": 7\n}']","['{\n  ""ecDNA"": 2\n}', '{\n  ""ecDNA"": 3\n}', '{""ecDNA"": 0}', '{\n  ""ecDNA"": 1\n}']","['{\n  ""ecDNA"": 0\n}', '{\n  ""ecDNA"": 0\n}', '{\n  ""ecDNA"": 0\n}', '{\n  ""ecDNA"": 3\n}', '{\n  ""ecDNA"": 0\n}']",I'm unable to determine the number of ecDNA in the image as it is not provided. Please provide more information about the number of ecDNA you are referring to.
585,2175.tif,7,1,3,"['{\n  ""ecDNA"": 0\n}', '{\n  ""ecDNA"": 0\n}', '{\n  ""ecDNA"": 7\n}', '{\n  ""ecDNA"": 32\n}']","['{\n  ""ecDNA"": 0\n}', '{\n  ""ecDNA"": 2\n}', '{""ecDNA"": 2}', '{\n  ""ecDNA"": {\n    ""count"": 3\n  }\n}']","['{\n  ""ecDNA"": 0\n}', '{\n  ""ecDNA"": 3\n}', '{\n  ""ecDNA"": 0\n}', '{\n  ""ecDNA"": 3\n}', '{\n  ""ecDNA"": 3\n}']","```json
{
  ""ecDNA"": 1000
}
```"
586,2178.tif,1,0,0,"['{\n  ""ecDNA"": 3\n}', '```json\n{\n  ""ecDNA"": 1\n}\n```', '{\n  ""ecDNA"": 2\n}', '{\n  ""ecDNA"": 3\n}']","['{\n  ""ecDNA"": 2\n}', '{""ecDNA"": 2}', '{\n  ""ecDNA"": 3\n}', '{""ecDNA_count"":3}']","['{\n  ""ecDNA"": 3\n}', '{\n  ""ecDNA"": 0\n}', '{\n  ""ecDNA"": 0\n}', '{\n  ""ecDNA"": 3\n}', '{\n  ""ecDNA"": 0\n}']","{
  ""ecDNA"": 5
}"
587,2179.tif,1,1,0,"['{\n  ""ecDNA"": 0\n}', '{\n  ""ecDNA"": 0\n}', '{\n  ""ecDNA"": 1\n}', '{\n  ""ecDNA"": 18\n}']","['{\n  ""ecDNA"": 3\n}', '{\n  ""ecDNA"": 0\n}', '{\n  ""ecDNA"": 0\n}', '{\n  ""ecDNA"": 3\n}']","['{\n  ""ecDNA"": 0\n}', '{\n  ""ecDNA"": 0\n}', '{\n  ""ecDNA"": 3\n}', '{\n  ""ecDNA"": 3\n}', '{\n  ""ecDNA"": 3\n}']","{""ecDNA"": 6}"
588,218.tif,1,3,6,"['{\n  ""ecDNA"": 3\n}', '{\n  ""ecDNA"": 7\n}', '{\n  ""ecDNA"": 45\n}', '{\n  ""ecDNA"": 6\n}']","['{\n  ""ecDNA"": 0\n}', '{\n  ""ecDNA"": 3\n}', '{\n""ecDNA"": 3\n}', '```json\n[5]\n```']","['{\n  ""ecDNA"": 3\n}', '{\n  ""ecDNA"": 0\n}', '{\n  ""ecDNA"": 3\n}', '{\n  ""ecDNA"": 3\n}', '{\n  ""ecDNA"": 0\n}']","```json
{
  ""ecDNA"": 20
}
```"
589,2188.tif,0,2,1,"['{\n  ""ecDNA"": 0\n}', '{\n  ""ecDNA"": 16\n}', '{\n  ""ecDNA"": 1\n}', '{\n  ""ecDNA"": 7\n}']","['{\n  ""ecDNA"": 0\n}', '{\n""ecDNA"": 0\n}', '{\n  ""ecDNA"": 5\n}', '{""ecDNA"":2}']","['{\n  ""ecDNA"": 3\n}', '{\n  ""ecDNA"": 3\n}', '{\n  ""ecDNA"": 0\n}', '{\n  ""ecDNA"": 3\n}', '{\n  ""ecDNA"": 0\n}']","I'm sorry, but I cannot determine the number of ecDNA in the image as it is not provided. Please provide more information about the number of ecDNA in the image."
590,2189.tif,0,25,29,"['{\n  ""ecDNA"": 3\n}', '```json\n{\n  ""ecDNA"": 7\n}\n```', '{\n  ""ecDNA"": 1\n}', '{\n  ""ecDNA"": 0\n}']","['{\n  ""ecDNA"": 3\n}', '{\n""ecDNA"": 2\n}', '{""ecDNA"": 3}', '{\n  ""ecDNA"": 5\n}']","['{\n  ""ecDNA"": 0\n}', '{\n  ""ecDNA"": 3\n}', '{\n  ""ecDNA"": 0\n}', '{\n  ""ecDNA"": 3\n}', '{\n  ""ecDNA"": 3\n}']",I'm unable to determine the number of ecDNA in the image as it is not provided. Please provide more information about the image or the ecDNA count you are referring to.
591,2190.tif,0,4,10,"['{\n  ""ecDNA"": 3\n}', '```json\n{\n  ""ecDNA"": 8\n}\n```', '{\n  ""ecDNA"": 0\n}', '{\n  ""ecDNA"": 4\n}']","['{\n  ""ecDNA"": 0\n}', '{""ecDNA"": 2}', '{""ecDNA"": 0}', '```json\n[\n    {\n        ""count"": 3\n    }\n]\n```']","['{\n  ""ecDNA"": 0\n}', '{\n  ""ecDNA"": 3\n}', '{\n  ""ecDNA"": 3\n}', '{\n  ""ecDNA"": 3\n}', '{\n  ""ecDNA"": 0\n}']","I'm sorry, but I cannot provide an answer without a picture. Please upload the image so I can assist you better."
592,2191.tif,0,1,2,"['{\n  ""ecDNA"": 3\n}', '```json\n{\n  ""ecDNA"": 1\n}\n```', '{\n  ""ecDNA"": 0\n}', '```json\n[3]\n```']","['{\n  ""ecDNA"": 3\n}', '{\n""ecDNA"": 0\n}', '{\n""ecDNA"": 0\n}', '{\n  ""ecDNA"": 0\n}']","['{\n  ""ecDNA"": 3\n}', '{\n  ""ecDNA"": 0\n}', '{\n  ""ecDNA"": 0\n}', '{\n  ""ecDNA"": 3\n}', '{\n  ""ecDNA"": 0\n}']","{
  ""ecDNA"": {
    ""count"": 1
  }
}"
593,2192.tif,0,1,1,"['{\n  ""ecDNA"": 0\n}', '{\n  ""ecDNA"": 1\n}', '{\n  ""ecDNA"": 0\n}', '```json\n[3]\n```']","['{\n  ""ecDNA"": 3\n}', '{\n""ecDNA"": 2\n}', '{\n  ""ecDNA"": 0\n}', '{\n  ""ecDNA"": 3\n}']","['{\n  ""ecDNA"": 3\n}', '{\n  ""ecDNA"": 0\n}', '{\n  ""ecDNA"": 0\n}', '{\n  ""ecDNA"": 0\n}', '{\n  ""ecDNA"": 3\n}']","```json
{
  ""ecDNA"": 5
}
```"
594,2193.tif,0,13,12,"['{\n  ""ecDNA"": 0\n}', '{\n  ""ecDNA"": 0\n}', '{\n  ""ecDNA"": 2\n}', '{\n  ""ecDNA"": 0\n}']","['{\n  ""ecDNA"": 0\n}', '{\n  ""ecDNA"": 3\n}', '{\n""ecDNA"": 3\n}', '{\n""ecDNA"": 2\n}']","['{\n  ""ecDNA"": 3\n}', '{\n  ""ecDNA"": 0\n}', '{\n  ""ecDNA"": 0\n}', '{\n  ""ecDNA"": 0\n}', '{\n  ""ecDNA"": 3\n}']","I'm sorry, but I cannot provide a specific number for the number of ecDNA in the image as it is not provided. Please provide more information about the number of ecDNA you are referring to."
595,2194.tif,0,5,7,"['{\n  ""ecDNA"": 3\n}', '```json\n{\n  ""ecDNA"": 1\n}\n```', '{\n  ""ecDNA"": 5\n}', '{\n  ""ecDNA"": 2\n}']","['{\n  ""ecDNA"": 3\n}', '{\n  ""ecDNA"": 2\n}', '{\n  ""ecDNA"": 5\n}', '```json\n[5]\n```']","['{\n  ""ecDNA"": 3\n}', '{\n  ""ecDNA"": 3\n}', '{\n  ""ecDNA"": 0\n}', '{\n  ""ecDNA"": 3\n}', '{\n  ""ecDNA"": 0\n}']","I'm sorry, but I cannot determine the number of ecDNA in the image as it is not provided. Please provide more information about the image or the number of ecDNA you are referring to."
596,22.tif,1,0,0,"['{\n  ""ecDNA"": 0\n}', '{\n  ""ecDNA"": 0\n}', '{\n  ""ecDNA"": 2\n}', '{\n  ""ecDNA"": 0\n}']","['{\n  ""ecDNA"": 3\n}', '{""ecDNA"": 2}', '{""ecDNA"": 5}', '```json\n[2]\n```']","['{\n  ""ecDNA"": 0\n}', '{\n  ""ecDNA"": 3\n}', '{\n  ""ecDNA"": 3\n}', '{\n  ""ecDNA"": 3\n}', '{\n  ""ecDNA"": 3\n}']","{
  ""ecDNA"": 1
}"
597,2208.tif,1,0,0,"['{\n  ""ecDNA"": 0\n}', '{\n  ""ecDNA"": 0\n}', '{\n  ""ecDNA"": 0\n}', '{\n  ""ecDNA"": 22\n}']","['{\n  ""ecDNA"": 0\n}', '{\n  ""ecDNA"": 3\n}', '{""ecDNA"": 5}', '{""ecDNA"": 3}']","['{\n  ""ecDNA"": 0\n}', '{\n  ""ecDNA"": 0\n}', '{\n  ""ecDNA"": 3\n}', '{\n  ""ecDNA"": 3\n}', '{\n  ""ecDNA"": 0\n}']","{
  ""ecDNA"": 5
}"
598,2209.tif,1,13,4,"['{\n  ""ecDNA"": 3\n}', '```json\n{\n  ""ecDNA"": 3\n}\n```', '{\n  ""ecDNA"": 18\n}', '{\n  ""ecDNA"": 0\n}']","['{\n  ""ecDNA"": 0\n}', '{\n  ""ecDNA"": 5\n}', '{\n  ""ecDNA"": 5\n}', '{\n""ecDNA"": 3\n}']","['{\n  ""ecDNA"": 3\n}', '{\n  ""ecDNA"": 0\n}', '{\n  ""ecDNA"": 3\n}', '{\n  ""ecDNA"": 3\n}', '{\n  ""ecDNA"": 3\n}']","{
""ecDNA"": 5
}"
599,2210.tif,0,13,6,"['{\n  ""ecDNA"": 0\n}', '{\n  ""ecDNA"": 0\n}', '{\n  ""ecDNA"": 1\n}', '{\n  ""ecDNA"": 14\n}']","['{\n  ""ecDNA"": 0\n}', '{\n  ""ecDNA"": 0\n}', '{""ecDNA"": 0}', '{""ecDNA"": 1}']","['{\n  ""ecDNA"": 3\n}', '{\n  ""ecDNA"": 0\n}', '{\n  ""ecDNA"": 0\n}', '{\n  ""ecDNA"": 3\n}', '{\n  ""ecDNA"": 0\n}']","I'm sorry, but I cannot determine the number of ecDNA in the image as it is not provided. Please provide more information about the number of ecDNA you are referring to."
600,2213.tif,0,27,7,"['{\n  ""ecDNA"": 0\n}', '{\n  ""ecDNA"": 4\n}', '{\n  ""ecDNA"": 2\n}', '{\n  ""ecDNA"": 2\n}']","['{\n  ""ecDNA"": 0\n}', '{\n  ""ecDNA"": 3\n}', '{\n  ""ecDNA"": 0\n}', '{\n  ""ecDNA"": 3\n}']","['{\n  ""ecDNA"": 3\n}', '{\n  ""ecDNA"": 3\n}', '{\n  ""ecDNA"": 3\n}', '{\n  ""ecDNA"": 0\n}', '{\n  ""ecDNA"": 3\n}']","{
  ""ecDNA"": 0
}"
601,2214.tif,0,28,10,"['{\n  ""ecDNA"": 3\n}', '{\n  ""ecDNA"": 2\n}', '{\n  ""ecDNA"": 5\n}', '{\n  ""ecDNA"": 2\n}']","['{\n  ""ecDNA"": 2\n}', '{""ecDNA"": 5}', '{\n  ""ecDNA"": 2\n}', '{""ecDNA"": 0}']","['{\n  ""ecDNA"": 3\n}', '{\n  ""ecDNA"": 3\n}', '{\n  ""ecDNA"": 0\n}', '{\n  ""ecDNA"": 3\n}', '{\n  ""ecDNA"": 3\n}']","{
  ""ecDNA"": 5
}"
602,2215.tif,0,3,3,"['{\n  ""ecDNA"": 3\n}', '```json\n{\n  ""ecDNA"": 1\n}\n```', '{\n  ""ecDNA"": 1\n}', '{\n  ""ecDNA"": 0\n}']","['{\n  ""ecDNA"": 0\n}', '{\n  ""ecDNA"": 3\n}', '{""ecDNA"": 2}', '```json\n{\n  ""ecDNA"": 3\n}\n```']","['{\n  ""ecDNA"": 3\n}', '{\n  ""ecDNA"": 3\n}', '{\n  ""ecDNA"": 0\n}', '{\n  ""ecDNA"": 0\n}', '{\n  ""ecDNA"": 0\n}']","I'm sorry, but I cannot determine the number of ecDNA in the image as it is not provided. Please provide more information about the image or the number of ecDNA you are referring to."
603,2226.tif,1,2,6,"['{\n  ""ecDNA"": 0\n}', '{\n  ""ecDNA"": 0\n}', '{\n  ""ecDNA"": 19\n}', '{\n  ""ecDNA"": 0\n}']","['{\n  ""ecDNA"": 3\n}', '{\n  ""ecDNA"": 0\n}', '{""ecDNA"": 0}', '{\n  ""ecDNA"": 2\n}']","['{\n  ""ecDNA"": 0\n}', '{\n  ""ecDNA"": 0\n}', '{\n  ""ecDNA"": 0\n}', '{\n  ""ecDNA"": 0\n}', '{\n  ""ecDNA"": 3\n}']","I'm sorry, but I cannot determine the number of ecDNA in the image as it is not provided. Please provide more information about the ecDNA pattern you are referring to."
604,2229.tif,2,8,1,"['{\n  ""ecDNA"": 3\n}', '{\n  ""ecDNA"": 0\n}', '{\n  ""ecDNA"": 0\n}', '{\n  ""ecDNA"": 2\n}']","['{\n  ""ecDNA"": 2\n}', '{\n""ecDNA"": 3\n}', '{\n  ""ecDNA"": 3\n}', '{\n""ecDNA"": 3\n}']","['{\n  ""ecDNA"": 3\n}', '{\n  ""ecDNA"": 3\n}', '{\n  ""ecDNA"": 3\n}', '{\n  ""ecDNA"": 3\n}', '{\n  ""ecDNA"": 0\n}']","```json
[1]
```"
605,2230.tif,6,10,14,"['{\n  ""ecDNA"": 0\n}', '```json\n{\n  ""ecDNA"": 9\n}\n```', '{\n  ""ecDNA"": 0\n}', '{\n  ""ecDNA"": 43\n}']","['{\n  ""ecDNA"": 2\n}', '{\n  ""ecDNA"": 0\n}', '{\n  ""ecDNA"": 0\n}', '{""ecDNA"": 2}']","['{\n  ""ecDNA"": 3\n}', '{\n  ""ecDNA"": 3\n}', '{\n  ""ecDNA"": 0\n}', '{\n  ""ecDNA"": 0\n}', '{\n  ""ecDNA"": 0\n}']","{
  ""ecDNA"": 1000
}"
606,2231.tif,1,0,0,"['{\n  ""ecDNA"": 0\n}', '{\n  ""ecDNA"": 2\n}', '{\n  ""ecDNA"": 19\n}', '```json\n[8]\n```']","['{\n  ""ecDNA"": 3\n}', '{\n  ""ecDNA"": 0\n}', '{\n""ecDNA"": 3\n}', '{\n  ""ecDNA"": 2\n}']","['{\n  ""ecDNA"": 3\n}', '{\n  ""ecDNA"": 3\n}', '{\n  ""ecDNA"": 3\n}', '{\n  ""ecDNA"": 3\n}', '{\n  ""ecDNA"": 0\n}']","{
""ecDNA"": {
""number"": 1000000000000000000000000000000000000000000000000000000000000000000000000000000000000000000000000000000000000000000000"
607,2232.tif,0,0,1,"['{\n  ""ecDNA"": 3\n}', '```json\n{\n  ""ecDNA"": 3\n}\n```', '{\n  ""ecDNA"": 53\n}', '{\n  ""ecDNA"": 0\n}']","['{\n  ""ecDNA"": 3\n}', '{\n  ""ecDNA"": 0\n}', '{\n  ""ecDNA"": 0\n}', '```json\n{\n  ""ecDNA"": 5\n}\n```']","['{\n  ""ecDNA"": 3\n}', '{\n  ""ecDNA"": 3\n}', '{\n  ""ecDNA"": 3\n}', '{\n  ""ecDNA"": 0\n}', '{\n  ""ecDNA"": 3\n}']","I'm sorry, but I cannot determine the number of ecDNA in the image as it is not provided. Please provide more information about the number of ecDNA you are referring to."
608,2233.tif,0,9,2,"['{\n  ""ecDNA"": 0\n}', '```json\n{\n  ""ecDNA"": 1\n}\n```', '{\n  ""ecDNA"": 0\n}', '{\n  ""ecDNA"": 3\n}']","['{\n  ""ecDNA"": 0\n}', '{\n  ""ecDNA"": 0\n}', '{\n  ""ecDNA"": 3\n}', '{\n""ecDNA"": 3\n}']","['{\n  ""ecDNA"": 0\n}', '{\n  ""ecDNA"": 3\n}', '{\n  ""ecDNA"": 3\n}', '{\n  ""ecDNA"": 0\n}', '{\n  ""ecDNA"": 0\n}']","I'm sorry, but I cannot determine the number of ecDNA in the image as it is not provided. Please provide more information about the number of ecDNA you are referring to."
609,2234.tif,0,30,19,"['{\n  ""ecDNA"": 0\n}', '{\n  ""ecDNA"": 4\n}', '{\n  ""ecDNA"": 24\n}', '{\n  ""ecDNA"": 0\n}']","['{\n  ""ecDNA"": 3\n}', '{\n  ""ecDNA"": 0\n}', '{\n  ""ecDNA"": 5\n}', '{""ecDNA"": 1000}']","['{\n  ""ecDNA"": 0\n}', '{\n  ""ecDNA"": 3\n}', '{\n  ""ecDNA"": 0\n}', '{\n  ""ecDNA"": 0\n}', '{\n  ""ecDNA"": 0\n}']","I'm sorry, but I cannot return the number of ecDNA in the image as it is not provided. Please provide more information about the number of ecDNA in the image."
610,2235.tif,1,16,8,"['{\n  ""ecDNA"": 0\n}', '{\n  ""ecDNA"": 1\n}', '{\n  ""ecDNA"": 4\n}', '```json\n[14]\n```']","['{\n  ""ecDNA"": 0\n}', '{\n  ""ecDNA"": 5\n}', '{\n  ""ecDNA"": 0\n}', '{\n""ecDNA"": 0\n}']","['{\n  ""ecDNA"": 3\n}', '{\n  ""ecDNA"": 3\n}', '{\n  ""ecDNA"": 3\n}', '{\n  ""ecDNA"": 3\n}', '{\n  ""ecDNA"": 0\n}']","I'm sorry, but I cannot determine the number of ecDNA in the image as it is not provided. Please provide more information about the ecDNA in the image or the number of ecDNA you are referring to."
611,2236.tif,1,0,0,"['{\n  ""ecDNA"": 3\n}', '{\n  ""ecDNA"": 27\n}', '{\n  ""ecDNA"": 0\n}', '{\n  ""ecDNA"": 7\n}']","['{\n  ""ecDNA"": 0\n}', '{\n  ""ecDNA"": 2\n}', '{\n  ""ecDNA"": 5\n}', '```json\n[5]\n```']","['{\n  ""ecDNA"": 0\n}', '{\n  ""ecDNA"": 0\n}', '{\n  ""ecDNA"": 0\n}', '{\n  ""ecDNA"": 0\n}', '{\n  ""ecDNA"": 0\n}']","I'm sorry, but I cannot provide an answer without a picture. Please upload the image so I can assist you better."
612,2244.tif,1,0,0,"['{\n  ""ecDNA"": 0\n}', '{\n  ""ecDNA"": 5\n}', '{\n  ""ecDNA"": 6\n}', '{\n  ""ecDNA"": 0\n}']","['{\n  ""ecDNA"": 3\n}', '{\n""ecDNA"": 3\n}', '{\n  ""ecDNA"": 0\n}', '{\n  ""ecDNA"": 0\n}']","['{\n  ""ecDNA"": 0\n}', '{\n  ""ecDNA"": 3\n}', '{\n  ""ecDNA"": 3\n}', '{\n  ""ecDNA"": 0\n}', '{\n  ""ecDNA"": 0\n}']","```json
[
    {
        ""x"": 0,
        ""y"": 0,
        ""width"": 25,
        ""height"": 25
    }
]
```"
613,2245.tif,1,5,1,"['{\n  ""ecDNA"": 3\n}', '{\n  ""ecDNA"": 4\n}', '{\n  ""ecDNA"": 0\n}', '```json\n[6]\n```']","['{\n  ""ecDNA"": 3\n}', '{\n  ""ecDNA"": 0\n}', '{\n  ""ecDNA"": 5\n}', '{""ecDNA"": 0}']","['{\n  ""ecDNA"": 3\n}', '{\n  ""ecDNA"": 3\n}', '{\n  ""ecDNA"": 0\n}', '{\n  ""ecDNA"": 3\n}', '{\n  ""ecDNA"": 3\n}']","{
  ""ecDNA"": 2
}"
614,2246.tif,0,4,0,"['{\n  ""ecDNA"": 0\n}', '{\n  ""ecDNA"": 5\n}', '```json\n[7]\n```', '{\n  ""ecDNA"": 0\n}']","['{\n  ""ecDNA"": 0\n}', '{""ecDNA"": 2}', '{\n  ""ecDNA"": 0\n}', '{\n""ecDNA"": 0\n}']","['{\n  ""ecDNA"": 3\n}', '{\n  ""ecDNA"": 3\n}', '{\n  ""ecDNA"": 0\n}', '{\n  ""ecDNA"": 0\n}', '{\n  ""ecDNA"": 0\n}']",I am unable to determine the number of ecDNA in the image as it is not provided. Please provide more information about the ecDNA pattern in the image or the number of ecDNA you are referring to.
615,2248.tif,1,0,0,"['{\n  ""ecDNA"": 3\n}', '{\n  ""ecDNA"": 18\n}', '```json\n[1]\n```', '{\n  ""ecDNA"": 12\n}']","['{\n  ""ecDNA"": 3\n}', '{\n  ""ecDNA"": 3\n}', '{""ecDNA"": 5}', '{\n  ""ecDNA"": 3\n}']","['{\n  ""ecDNA"": 3\n}', '{\n  ""ecDNA"": 0\n}', '{\n  ""ecDNA"": 0\n}', '{\n  ""ecDNA"": 0\n}', '{\n  ""ecDNA"": 3\n}']","I'm sorry, but I cannot provide the number of ecDNA in the image as it is not provided. Please provide more information about the number of ecDNA in the image or the ecDNA pattern you are referring to."
616,2249.tif,1,39,16,"['{\n  ""ecDNA"": 3\n}', '{\n  ""ecDNA"": 13\n}', '{\n  ""ecDNA"": 4\n}', '{\n  ""ecDNA"": 1\n}']","['{\n  ""ecDNA"": 3\n}', '{\n  ""ecDNA"": 3\n}', '{""ecDNA"": 3}', '{\n  ""ecDNA"": 3\n}']","['{\n  ""ecDNA"": 0\n}', '{\n  ""ecDNA"": 3\n}', '{\n  ""ecDNA"": 0\n}', '{\n  ""ecDNA"": 3\n}', '{\n  ""ecDNA"": 3\n}']","{
  ""ecDNA"": 10
}"
617,225.tif,0,15,25,"['{\n  ""ecDNA"": 0\n}', '{\n  ""ecDNA"": 17\n}', '{\n  ""ecDNA"": 25\n}', '{\n  ""ecDNA"": 3\n}']","['{\n  ""ecDNA"": 3\n}', '{\n""ecDNA"": 0\n}', '{""ecDNA"": 5}', '{""ecDNA"":2}']","['{\n  ""ecDNA"": 0\n}', '{\n  ""ecDNA"": 3\n}', '{\n  ""ecDNA"": 0\n}', '{\n  ""ecDNA"": 0\n}', '{\n  ""ecDNA"": 0\n}']","{
  ""ecDNA"": 10
}"
618,2250.tif,0,28,8,"['{\n  ""ecDNA"": 0\n}', '{\n  ""ecDNA"": 0\n}', '{\n  ""ecDNA"": 14\n}', '{\n  ""ecDNA"": 2\n}']","['{\n  ""ecDNA"": 3\n}', '{""ecDNA"": 2}', '{\n  ""ecDNA"": 3\n}', '{""ecDNA"": 0}']","['{\n  ""ecDNA"": 0\n}', '{\n  ""ecDNA"": 0\n}', '{\n  ""ecDNA"": 0\n}', '{\n  ""ecDNA"": 0\n}', '{\n  ""ecDNA"": 3\n}']",I am unable to determine the number of ecDNA in the image as it is not provided. Please provide more information about the number of ecDNA you are referring to.
619,2251.tif,0,2,1,"['{\n  ""ecDNA"": 0\n}', '```json\n{\n  ""ecDNA"": 7\n}\n```', '{\n  ""ecDNA"": 0\n}', '{\n  ""ecDNA"": 4\n}']","['{\n  ""ecDNA"": 0\n}', '{\n""ecDNA"": 0\n}', '{\n""ecDNA"": 3\n}', '{\n""ecDNA"": 3\n}']","['{\n  ""ecDNA"": 0\n}', '{\n  ""ecDNA"": 0\n}', '{\n  ""ecDNA"": 3\n}', '{\n  ""ecDNA"": 0\n}', '{\n  ""ecDNA"": 3\n}']","I'm sorry, but I cannot provide an answer without a picture. Please upload the image so I can assist you better."
620,2253.tif,0,4,3,"['{\n  ""ecDNA"": 3\n}', '{\n  ""ecDNA"": 0\n}', '{\n  ""ecDNA"": 3\n}', '{\n  ""ecDNA"": 7\n}']","['{\n  ""ecDNA"": 3\n}', '{\n  ""ecDNA"": 5\n}', '{\n  ""ecDNA"": 200\n}', '{\n  ""ecDNA"": {\n    ""count"": 0\n  }\n}']","['{\n  ""ecDNA"": 0\n}', '{\n  ""ecDNA"": 0\n}', '{\n  ""ecDNA"": 0\n}', '{\n  ""ecDNA"": 3\n}', '{\n  ""ecDNA"": 3\n}']","{
""ecDNA"": 5
}"
621,2254.tif,0,6,7,"['{\n  ""ecDNA"": 0\n}', '{\n  ""ecDNA"": 0\n}', '{\n  ""ecDNA"": 2\n}', '{\n  ""ecDNA"": 0\n}']","['{\n  ""ecDNA"": 3\n}', '{\n  ""ecDNA"": 2\n}', '{""ecDNA"": 2}', '{\n  ""ecDNA"": 2\n}']","['{\n  ""ecDNA"": 0\n}', '{\n  ""ecDNA"": 3\n}', '{\n  ""ecDNA"": 3\n}', '{\n  ""ecDNA"": 3\n}', '{\n  ""ecDNA"": 0\n}']","{
  ""ecDNA"": 5
}"
622,2259.tif,0,1,0,"['{\n  ""ecDNA"": 0\n}', '{\n  ""ecDNA"": 13\n}', '{\n  ""ecDNA"": 1\n}', '{\n  ""ecDNA"": 6\n}']","['{\n  ""ecDNA"": 0\n}', '{\n  ""ecDNA"": 2\n}', '{\n  ""ecDNA"": 0\n}', '{\n  ""ecDNA"": 3\n}']","['{\n  ""ecDNA"": 3\n}', '{\n  ""ecDNA"": 0\n}', '{\n  ""ecDNA"": 0\n}', '{\n  ""ecDNA"": 3\n}', '{\n  ""ecDNA"": 3\n}']","{
  ""ecDNA"": 5
}"
623,226.tif,0,6,29,"['{\n  ""ecDNA"": 3\n}', '{\n  ""ecDNA"": 0\n}', '{\n  ""ecDNA"": 1\n}', '{\n  ""ecDNA"": 0\n}']","['{\n  ""ecDNA"": 3\n}', '{\n  ""ecDNA"": 3\n}', '{""ecDNA"": 3}', '{""ecDNA"": 1}']","['{\n  ""ecDNA"": 3\n}', '{\n  ""ecDNA"": 3\n}', '{\n  ""ecDNA"": 3\n}', '{\n  ""ecDNA"": 0\n}', '{\n  ""ecDNA"": 3\n}']","{
  ""ecDNA"": 2
}"
624,2260.tif,1,0,0,"['{\n  ""ecDNA"": 3\n}', '{\n  ""ecDNA"": 2\n}', '{\n  ""ecDNA"": 1\n}', '{\n  ""ecDNA"": 25\n}']","['{\n  ""ecDNA"": 0\n}', '{""ecDNA"": 3}', '{\n""ecDNA"": 2\n}', '{\n  ""ecDNA"": {\n    ""count"": 0\n  }\n}']","['{\n  ""ecDNA"": 0\n}', '{\n  ""ecDNA"": 0\n}', '{\n  ""ecDNA"": 3\n}', '{\n  ""ecDNA"": 3\n}', '{\n  ""ecDNA"": 0\n}']","{
    ""ecDNA"": {
        ""count"": 2
    }
}"
625,2261.tif,1,0,0,"['{\n  ""ecDNA"": 0\n}', '{\n  ""ecDNA"": 0\n}', '{\n  ""ecDNA"": 13\n}', '{\n  ""ecDNA"": 0\n}']","['{\n  ""ecDNA"": 0\n}', '{\n  ""ecDNA"": 0\n}', '{""ecDNA"": 3}', '{\n  ""ecDNA"": {\n    ""count"": 5\n  }\n}']","['{\n  ""ecDNA"": 0\n}', '{\n  ""ecDNA"": 0\n}', '{\n  ""ecDNA"": 3\n}', '{\n  ""ecDNA"": 3\n}', '{\n  ""ecDNA"": 3\n}']","{
  ""ecDNA"": 1
}"
626,2264.tif,1,0,0,"['{\n  ""ecDNA"": 0\n}', '{\n  ""ecDNA"": 0\n}', '```json\n[8]\n```', '{\n  ""ecDNA"": 0\n}']","['{\n  ""ecDNA"": 0\n}', '{""ecDNA"": 3}', '{\n  ""ecDNA"": 5\n}', '{""ecDNA_count"": 2}']","['{\n  ""ecDNA"": 3\n}', '{\n  ""ecDNA"": 0\n}', '{\n  ""ecDNA"": 0\n}', '{\n  ""ecDNA"": 3\n}', '{\n  ""ecDNA"": 3\n}']","I'm sorry, but I cannot determine the number of ecDNA in the image as it is not provided. Please provide more information about the image or the number of ecDNA you are referring to."
627,2265.tif,1,0,0,"['{\n  ""ecDNA"": 0\n}', '{\n  ""ecDNA"": 1\n}', '{\n  ""ecDNA"": 2\n}', '{\n  ""ecDNA"": 0\n}']","['{\n  ""ecDNA"": 3\n}', '{\n  ""ecDNA"": 3\n}', '{\n""ecDNA"": 3\n}', '{""ecDNA"": 0}']","['{\n  ""ecDNA"": 3\n}', '{\n  ""ecDNA"": 3\n}', '{\n  ""ecDNA"": 0\n}', '{\n  ""ecDNA"": 0\n}', '{\n  ""ecDNA"": 3\n}']","{
  ""ecDNA"": 5
}"
628,2269.tif,0,4,1,"['{\n  ""ecDNA"": 3\n}', '{\n  ""ecDNA"": 0\n}', '{\n  ""ecDNA"": 1\n}', '{\n  ""ecDNA"": 0\n}']","['{\n  ""ecDNA"": 0\n}', '{\n""ecDNA"": 2\n}', '{""ecDNA"": 3}', '{\n""ecDNA"": 2\n}']","['{\n  ""ecDNA"": 3\n}', '{\n  ""ecDNA"": 0\n}', '{\n  ""ecDNA"": 3\n}', '{\n  ""ecDNA"": 3\n}', '{\n  ""ecDNA"": 0\n}']","{
  ""ecDNA"": 5
}"
629,2270.tif,7,35,7,"['{\n  ""ecDNA"": 3\n}', '```json\n{\n  ""ecDNA"": 1\n}\n```', '{\n  ""ecDNA"": 4\n}', '{\n  ""ecDNA"": 2\n}']","['{\n  ""ecDNA"": 0\n}', '{""ecDNA"": 3}', '{\n  ""ecDNA"": 3\n}', '{\n  ""ecDNA"": {\n    ""count"": 2\n  }\n}']","['{\n  ""ecDNA"": 3\n}', '{\n  ""ecDNA"": 3\n}', '{\n  ""ecDNA"": 0\n}', '{\n  ""ecDNA"": 3\n}', '{\n  ""ecDNA"": 0\n}']",I am unable to determine the number of ecDNA in the image as it is not provided. Please provide more information about the ecDNA count you are referring to.
630,2274.tif,10,26,8,"['{\n  ""ecDNA"": 0\n}', '{\n  ""ecDNA"": 17\n}', '{\n  ""ecDNA"": 1\n}', '{\n  ""ecDNA"": 0\n}']","['{\n  ""ecDNA"": 0\n}', '{\n  ""ecDNA"": 0\n}', '{\n  ""ecDNA"": 0\n}', '```json\n[\n  {\n    ""ecDNA"": [\n      20,\n      10,\n      15,\n      6,\n      7,\n      8\n    ]\n  }\n]\n```']","['{\n  ""ecDNA"": 3\n}', '{\n  ""ecDNA"": 0\n}', '{\n  ""ecDNA"": 3\n}', '{\n  ""ecDNA"": 3\n}', '{\n  ""ecDNA"": 0\n}']","{
  ""ecDNA"": 0
}"
631,228.tif,0,7,7,"['{\n  ""ecDNA"": 0\n}', '{\n  ""ecDNA"": 4\n}', '{\n  ""ecDNA"": 0\n}', '{\n  ""ecDNA"": 0\n}']","['{\n  ""ecDNA"": 0\n}', '{\n  ""ecDNA"": 0\n}', '{""ecDNA"": 5}', '{\n  ""ecDNA"": 5\n}']","['{\n  ""ecDNA"": 3\n}', '{\n  ""ecDNA"": 0\n}', '{\n  ""ecDNA"": 3\n}', '{\n  ""ecDNA"": 3\n}', '{\n  ""ecDNA"": 3\n}']","I'm sorry, but I cannot determine the number of ecDNA in the image as it is not provided. Please provide more information about the number of ecDNA you are referring to."
632,2284.tif,1,0,0,"['{\n  ""ecDNA"": 0\n}', '{\n  ""ecDNA"": 27\n}', '{\n  ""ecDNA"": 3\n}', '```json\n[0]\n```']","['{\n  ""ecDNA"": 3\n}', '{""ecDNA"": 2}', '{\n""ecDNA"": 3\n}', '{\n""ecDNA"": 0\n}']","['{\n  ""ecDNA"": 3\n}', '{\n  ""ecDNA"": 0\n}', '{\n  ""ecDNA"": 3\n}', '{\n  ""ecDNA"": 3\n}', '{\n  ""ecDNA"": 3\n}']","{
  ""ecDNA"": 1
}"
633,2285.tif,2,0,0,"['{\n  ""ecDNA"": 0\n}', '{\n  ""ecDNA"": 0\n}', '{\n  ""ecDNA"": 0\n}', '{\n  ""ecDNA"": 3\n}']","['{\n  ""ecDNA"": 0\n}', '{""ecDNA"": 0}', '{\n  ""ecDNA"": 3\n}', '```json\n{\n  ""ecDNA"": 3\n}\n```']","['{\n  ""ecDNA"": 0\n}', '{\n  ""ecDNA"": 0\n}', '{\n  ""ecDNA"": 0\n}', '{\n  ""ecDNA"": 3\n}', '{\n  ""ecDNA"": 3\n}']",I am unable to determine the number of ecDNA in the image as it is not provided. Please provide more information about the number of ecDNA you are referring to.
634,2288.tif,1,8,1,"['{\n  ""ecDNA"": 0\n}', '{\n  ""ecDNA"": 0\n}', '{\n  ""ecDNA"": 10\n}', '{\n  ""ecDNA"": 0\n}']","['{\n  ""ecDNA"": 2\n}', '{\n  ""ecDNA"": 5\n}', '{\n  ""ecDNA"": 3\n}', '{""ecDNA"": 3}']","['{\n  ""ecDNA"": 3\n}', '{\n  ""ecDNA"": 0\n}', '{\n  ""ecDNA"": 3\n}', '{\n  ""ecDNA"": 0\n}', '{\n  ""ecDNA"": 3\n}']","{
  ""ecDNA"": 3
}"
635,2289.tif,1,22,20,"['{\n  ""ecDNA"": 0\n}', '{\n  ""ecDNA"": 7\n}', '{\n  ""ecDNA"": 0\n}', '{\n  ""ecDNA"": 4\n}']","['{\n  ""ecDNA"": 2\n}', '{""ecDNA"": 3}', '{""ecDNA"": 2}', '{\n  ""ecDNA"": 3\n}']","['{\n  ""ecDNA"": 0\n}', '{\n  ""ecDNA"": 3\n}', '{\n  ""ecDNA"": 3\n}', '{\n  ""ecDNA"": 3\n}', '{\n  ""ecDNA"": 3\n}']","I'm sorry, but I cannot determine the number of ecDNA in the image as it is not provided. Please provide more information about the number of ecDNA you are referring to."
636,229.tif,0,16,38,"['{\n  ""ecDNA"": 0\n}', '{\n  ""ecDNA"": 0\n}', '{\n  ""ecDNA"": 9\n}', '{\n  ""ecDNA"": 1\n}']","['{\n  ""ecDNA"": 2\n}', '{""ecDNA"": 0}', '{""ecDNA"": 5}', '{\n""ecDNA"": 0\n}']","['{\n  ""ecDNA"": 3\n}', '{\n  ""ecDNA"": 0\n}', '{\n  ""ecDNA"": 0\n}', '{\n  ""ecDNA"": 0\n}', '{\n  ""ecDNA"": 3\n}']","I'm sorry, but I cannot determine the number of ecDNA in the image as it is not provided. Please provide more information about the number of ecDNA you are referring to."
637,2290.tif,6,33,9,"['{\n  ""ecDNA"": 3\n}', '```json\n{\n  ""ecDNA"": 1\n}\n```', '{\n  ""ecDNA"": 1\n}', '{\n  ""ecDNA"": 17\n}']","['{\n  ""ecDNA"": 0\n}', '{""ecDNA"": 2}', '{""ecDNA"": 3}', '{""ecDNA"": 3}']","['{\n  ""ecDNA"": 0\n}', '{\n  ""ecDNA"": 0\n}', '{\n  ""ecDNA"": 3\n}', '{\n  ""ecDNA"": 0\n}', '{\n  ""ecDNA"": 0\n}']","I'm sorry, but I cannot determine the number of ecDNA in the image as it is not provided. Please provide more information about the image or the number of ecDNA you are referring to."
638,2291.tif,1,0,0,"['{\n  ""ecDNA"": 3\n}', '{\n  ""ecDNA"": 26\n}', '{\n  ""ecDNA"": 0\n}', '{\n  ""ecDNA"": 16\n}']","['{\n  ""ecDNA"": 3\n}', '{""ecDNA"": 3}', '{\n  ""ecDNA"": 0\n}', '```json\n{\n  ""ecDNA"": 1\n}\n```']","['{\n  ""ecDNA"": 0\n}', '{\n  ""ecDNA"": 3\n}', '{\n  ""ecDNA"": 0\n}', '{\n  ""ecDNA"": 0\n}', '{\n  ""ecDNA"": 0\n}']","{
    ""ecDNA"": 10
}"
639,2292.tif,7,1,20,"['{\n  ""ecDNA"": 3\n}', '{\n  ""ecDNA"": 2\n}', '{\n  ""ecDNA"": 3\n}', '{\n  ""ecDNA"": 2\n}']","['{\n  ""ecDNA"": 3\n}', '{""ecDNA"": 2}', '{""ecDNA"": 3}', '{\n  ""ecDNA"": 3\n}']","['{\n  ""ecDNA"": 3\n}', '{\n  ""ecDNA"": 3\n}', '{\n  ""ecDNA"": 0\n}', '{\n  ""ecDNA"": 3\n}', '{\n  ""ecDNA"": 0\n}']","I'm sorry, but I cannot provide the number of ecDNA in the image as it is not provided. Please provide more information about the number of ecDNA in the image."
640,2293.tif,0,8,1,"['{\n  ""ecDNA"": 0\n}', '{\n  ""ecDNA"": 0\n}', '{\n  ""ecDNA"": 2\n}', '{\n  ""ecDNA"": 0\n}']","['{\n  ""ecDNA"": 0\n}', '{\n  ""ecDNA"": 3\n}', '{""ecDNA"": 3}', '{""ecDNA"": 2}']","['{\n  ""ecDNA"": 3\n}', '{\n  ""ecDNA"": 0\n}', '{\n  ""ecDNA"": 0\n}', '{\n  ""ecDNA"": 0\n}', '{\n  ""ecDNA"": 3\n}']","{
  ""ecDNA"": 5
}"
641,2294.tif,0,14,2,"['{\n  ""ecDNA"": 3\n}', '{\n  ""ecDNA"": 0\n}', '{\n  ""ecDNA"": 0\n}', '{\n  ""ecDNA"": 4\n}']","['{\n  ""ecDNA"": 2\n}', '{""ecDNA"": 3}', '{\n  ""ecDNA"": 0\n}', '{\n""ecDNA"": 1\n}']","['{\n  ""ecDNA"": 3\n}', '{\n  ""ecDNA"": 3\n}', '{\n  ""ecDNA"": 0\n}', '{\n  ""ecDNA"": 0\n}', '{\n  ""ecDNA"": 3\n}']","I'm sorry, but I cannot determine the number of ecDNA in the image as it is not provided. Please provide more information about the number of ecDNA you are referring to."
642,2295.tif,0,1,0,"['{\n  ""ecDNA"": 3\n}', '```json\n{\n  ""ecDNA"": 1\n}\n```', '{\n  ""ecDNA"": 0\n}', '{\n  ""ecDNA"": 0\n}']","['{\n  ""ecDNA"": 3\n}', '{\n""ecDNA"": 2\n}', '{\n  ""ecDNA"": 5\n}', '{\n""ecDNA"": 3\n}']","['{\n  ""ecDNA"": 0\n}', '{\n  ""ecDNA"": 3\n}', '{\n  ""ecDNA"": 0\n}', '{\n  ""ecDNA"": 3\n}', '{\n  ""ecDNA"": 3\n}']","I'm sorry, but I cannot determine the number of ecDNA in the image as it is not provided. Please provide more information about the ecDNA pattern in the image."
643,2296.tif,2,0,1,"['{\n  ""ecDNA"": 3\n}', '{\n  ""ecDNA"": 1\n}', '{\n  ""ecDNA"": 1\n}', '```json\n[7]\n```']","['{\n  ""ecDNA"": 0\n}', '{\n""ecDNA"": 0\n}', '{""ecDNA"": 3}', '{\n""ecDNA"": 0\n}']","['{\n  ""ecDNA"": 0\n}', '{\n  ""ecDNA"": 3\n}', '{\n  ""ecDNA"": 0\n}', '{\n  ""ecDNA"": 3\n}', '{\n  ""ecDNA"": 3\n}']","I'm sorry, but I cannot provide the number of ecDNA in the image as it is not provided. Please provide more information about the image or the number of ecDNA you are referring to."
644,2297.tif,1,6,1,"['{\n  ""ecDNA"": 3\n}', '```json\n{\n  ""ecDNA"": 1\n}\n```', '{\n  ""ecDNA"": 0\n}', '```json\n[0]\n```']","['{\n  ""ecDNA"": 0\n}', '{\n  ""ecDNA"": 2\n}', '{\n  ""ecDNA"": 5\n}', '{\n""ecDNA"": 3\n}']","['{\n  ""ecDNA"": 0\n}', '{\n  ""ecDNA"": 3\n}', '{\n  ""ecDNA"": 3\n}', '{\n  ""ecDNA"": 0\n}', '{\n  ""ecDNA"": 3\n}']",I am unable to determine the number of ecDNA in the image as it is not provided. Please provide more information about the ecDNA patterns you are referring to.
645,23.tif,1,0,0,"['{\n  ""ecDNA"": 0\n}', '{\n  ""ecDNA"": 7\n}', '{\n  ""ecDNA"": 24\n}', '{\n  ""ecDNA"": 0\n}']","['{\n  ""ecDNA"": 0\n}', '{\n""ecDNA"": 2\n}', '{\n  ""ecDNA"": 2\n}', '{\n  ""ecDNA"": 0\n}']","['{\n  ""ecDNA"": 3\n}', '{\n  ""ecDNA"": 3\n}', '{\n  ""ecDNA"": 3\n}', '{\n  ""ecDNA"": 3\n}', '{\n  ""ecDNA"": 0\n}']","{
  ""ecDNA"": 5
}"
646,230.tif,0,17,30,"['{\n  ""ecDNA"": 3\n}', '{\n  ""ecDNA"": 2\n}', '{\n  ""ecDNA"": 5\n}', '{\n  ""ecDNA"": 2\n}']","['{\n  ""ecDNA"": 3\n}', '{""ecDNA"": 3}', '{""ecDNA"": 2}', '{\n  ""ecDNA"": 3\n}']","['{\n  ""ecDNA"": 0\n}', '{\n  ""ecDNA"": 3\n}', '{\n  ""ecDNA"": 0\n}', '{\n  ""ecDNA"": 0\n}', '{\n  ""ecDNA"": 0\n}']","```json
{
  ""ecDNA"": 0
}
```"
647,2302.tif,1,0,0,"['{\n  ""ecDNA"": 3\n}', '```json\n{\n  ""ecDNA"": 6\n}\n```', '{\n  ""ecDNA"": 2\n}', '{\n  ""ecDNA"": 4\n}']","['{\n  ""ecDNA"": 3\n}', '{""ecDNA"": 0}', '{\n  ""ecDNA"": 3\n}', '{""ecDNA"": 0}']","['{\n  ""ecDNA"": 3\n}', '{\n  ""ecDNA"": 3\n}', '{\n  ""ecDNA"": 3\n}', '{\n  ""ecDNA"": 3\n}', '{\n  ""ecDNA"": 3\n}']",I am unable to determine the number of ecDNA in the image as it is not provided. Please provide more information about the image or the number of ecDNA you are referring to.
648,2303.tif,1,0,0,"['{\n  ""ecDNA"": 3\n}', '{\n  ""ecDNA"": 16\n}', '{\n  ""ecDNA"": 8\n}', '{\n  ""ecDNA"": 7\n}']","['{\n  ""ecDNA"": 0\n}', '{\n  ""ecDNA"": 0\n}', '{""ecDNA"": 0}', '{\n  ""ecDNA"": 0\n}']","['{\n  ""ecDNA"": 3\n}', '{\n  ""ecDNA"": 0\n}', '{\n  ""ecDNA"": 0\n}', '{\n  ""ecDNA"": 0\n}', '{\n  ""ecDNA"": 3\n}']","{
  ""ecDNA"": 1
}"
649,2309.tif,0,5,8,"['{\n  ""ecDNA"": 0\n}', '{\n  ""ecDNA"": 4\n}', '{\n  ""ecDNA"": 2\n}', '{\n  ""ecDNA"": 0\n}']","['{\n  ""ecDNA"": 0\n}', '{\n  ""ecDNA"": 3\n}', '{""ecDNA"": 2}', '{""ecDNA_count"": 3}']","['{\n  ""ecDNA"": 0\n}', '{\n  ""ecDNA"": 0\n}', '{\n  ""ecDNA"": 3\n}', '{\n  ""ecDNA"": 3\n}', '{\n  ""ecDNA"": 3\n}']","{
  ""ecDNA"": {
    ""count"": 5
  }
}"
650,231.tif,0,4,15,"['{\n  ""ecDNA"": 3\n}', '{\n  ""ecDNA"": 0\n}', '{\n  ""ecDNA"": 1\n}', '{\n  ""ecDNA"": 1\n}']","['{\n  ""ecDNA"": 3\n}', '{\n  ""ecDNA"": 3\n}', '{\n  ""ecDNA"": 0\n}', '```json\n[1]\n```']","['{\n  ""ecDNA"": 3\n}', '{\n  ""ecDNA"": 0\n}', '{\n  ""ecDNA"": 3\n}', '{\n  ""ecDNA"": 0\n}', '{\n  ""ecDNA"": 0\n}']","{
  ""ecDNA"": {
    ""count"": 5
  }
}"
651,2310.tif,0,8,7,"['{\n  ""ecDNA"": 3\n}', '{\n  ""ecDNA"": 4\n}', '{\n  ""ecDNA"": 2\n}', '{\n  ""ecDNA"": 1\n}']","['{\n  ""ecDNA"": 3\n}', '{\n  ""ecDNA"": 0\n}', '{\n""ecDNA"": 0\n}', '{\n""ecDNA"": 2\n}']","['{\n  ""ecDNA"": 3\n}', '{\n  ""ecDNA"": 0\n}', '{\n  ""ecDNA"": 3\n}', '{\n  ""ecDNA"": 0\n}', '{\n  ""ecDNA"": 0\n}']","I'm sorry, but I cannot provide an answer without a picture. Please upload the image so I can assist you better."
652,2313.tif,0,22,33,"['{\n  ""ecDNA"": 3\n}', '{\n  ""ecDNA"": 0\n}', '{\n  ""ecDNA"": 1\n}', '{\n  ""ecDNA"": 17\n}']","['{\n  ""ecDNA"": 3\n}', '{\n  ""ecDNA"": 2\n}', '{""ecDNA"": 3}', '{\n  ""ecDNA"": {\n    ""count"": 5\n  }\n}']","['{\n  ""ecDNA"": 3\n}', '{\n  ""ecDNA"": 0\n}', '{\n  ""ecDNA"": 3\n}', '{\n  ""ecDNA"": 0\n}', '{\n  ""ecDNA"": 0\n}']","I'm sorry, but I cannot determine the number of ecDNA in the image as it is not provided. Please provide more information about the number of ecDNA in the image."
653,2314.tif,0,25,21,"['{\n  ""ecDNA"": 0\n}', '{\n  ""ecDNA"": 2\n}', '{\n  ""ecDNA"": 19\n}', '```json\n[5]\n```']","['{\n  ""ecDNA"": 3\n}', '{\n  ""ecDNA"": 0\n}', '{""ecDNA"": 0}', '{\n  ""ecDNA"": 0\n}']","['{\n  ""ecDNA"": 3\n}', '{\n  ""ecDNA"": 3\n}', '{\n  ""ecDNA"": 3\n}', '{\n  ""ecDNA"": 0\n}', '{\n  ""ecDNA"": 3\n}']",I am unable to determine the number of ecDNA in the image as it is not provided. Please provide more information about the image or the number of ecDNA you are referring to.
654,2317.tif,0,4,12,"['{\n  ""ecDNA"": 3\n}', '{\n  ""ecDNA"": 0\n}', '{\n  ""ecDNA"": 0\n}', '{\n  ""ecDNA"": 1\n}']","['{\n  ""ecDNA"": 0\n}', '{""ecDNA"": 2}', '{""ecDNA"": 3}', '{""ecDNA_count"":2}']","['{\n  ""ecDNA"": 0\n}', '{\n  ""ecDNA"": 0\n}', '{\n  ""ecDNA"": 3\n}', '{\n  ""ecDNA"": 0\n}', '{\n  ""ecDNA"": 3\n}']","{
  ""ecDNA"": 0
}"
655,2318.tif,0,5,5,"['{\n  ""ecDNA"": 3\n}', '{\n  ""ecDNA"": 4\n}', '{\n  ""ecDNA"": 13\n}', '{\n  ""ecDNA"": 10\n}']","['{\n  ""ecDNA"": 0\n}', '{\n  ""ecDNA"": 3\n}', '{\n  ""ecDNA"": 0\n}', '{\n""ecDNA"": 1\n}']","['{\n  ""ecDNA"": 0\n}', '{\n  ""ecDNA"": 3\n}', '{\n  ""ecDNA"": 3\n}', '{\n  ""ecDNA"": 3\n}', '{\n  ""ecDNA"": 0\n}']","{
  ""ecDNA"": 100
}"
656,232.tif,0,4,9,"['{\n  ""ecDNA"": 3\n}', '{\n  ""ecDNA"": 0\n}', '{\n  ""ecDNA"": 0\n}', '```json\n[3]\n```']","['{\n  ""ecDNA"": 3\n}', '{""ecDNA"": 0}', '{""ecDNA"": 3}', '{\n  ""ecDNA"": 1\n}']","['{\n  ""ecDNA"": 0\n}', '{\n  ""ecDNA"": 0\n}', '{\n  ""ecDNA"": 0\n}', '{\n  ""ecDNA"": 0\n}', '{\n  ""ecDNA"": 0\n}']","{
  ""ecDNA"": 10
}"
657,2320.tif,1,0,0,"['{\n  ""ecDNA"": 3\n}', '{\n  ""ecDNA"": 0\n}', '{\n  ""ecDNA"": 0\n}', '{\n  ""ecDNA"": 0\n}']","['{\n  ""ecDNA"": 0\n}', '{\n  ""ecDNA"": 3\n}', '{\n  ""ecDNA"": 3\n}', '{\n""ecDNA"": 3\n}']","['{\n  ""ecDNA"": 0\n}', '{\n  ""ecDNA"": 0\n}', '{\n  ""ecDNA"": 3\n}', '{\n  ""ecDNA"": 0\n}', '{\n  ""ecDNA"": 3\n}']","{
""ecDNA"": 2
}"
658,2321.tif,2,1,0,"['{\n  ""ecDNA"": 0\n}', '{\n  ""ecDNA"": 6\n}', '{\n  ""ecDNA"": 18\n}', '{\n  ""ecDNA"": 0\n}']","['{\n  ""ecDNA"": 0\n}', '{\n  ""ecDNA"": 3\n}', '{\n  ""ecDNA"": 5\n}', '{""ecDNA"": 5}']","['{\n  ""ecDNA"": 3\n}', '{\n  ""ecDNA"": 3\n}', '{\n  ""ecDNA"": 3\n}', '{\n  ""ecDNA"": 0\n}', '{\n  ""ecDNA"": 0\n}']","{
  ""ecDNA"": 5
}"
659,2322.tif,1,3,1,"['{\n  ""ecDNA"": 3\n}', '{\n  ""ecDNA"": 0\n}', '{\n  ""ecDNA"": 4\n}', '{\n  ""ecDNA"": 0\n}']","['{\n  ""ecDNA"": 3\n}', '{\n  ""ecDNA"": 3\n}', '{\n  ""ecDNA"": 5\n}', '{\n  ""ecDNA"": 10\n}']","['{\n  ""ecDNA"": 0\n}', '{\n  ""ecDNA"": 0\n}', '{\n  ""ecDNA"": 3\n}', '{\n  ""ecDNA"": 0\n}', '{\n  ""ecDNA"": 3\n}']","{
    ""ecDNA"": 5
}"
660,2323.tif,1,1,0,"['{\n  ""ecDNA"": 0\n}', '{\n  ""ecDNA"": 0\n}', '{\n  ""ecDNA"": 56\n}', '{\n  ""ecDNA"": 0\n}']","['{\n  ""ecDNA"": 3\n}', '{\n  ""ecDNA"": 3\n}', '{\n  ""ecDNA"": 0\n}', '{\n  ""ecDNA"": 1\n}']","['{\n  ""ecDNA"": 0\n}', '{\n  ""ecDNA"": 3\n}', '{\n  ""ecDNA"": 0\n}', '{\n  ""ecDNA"": 0\n}', '{\n  ""ecDNA"": 3\n}']","{
""ecDNA"": 5
}"
661,2324.tif,1,0,0,"['{\n  ""ecDNA"": 0\n}', '{\n  ""ecDNA"": 0\n}', '{\n  ""ecDNA"": 2\n}', '{\n  ""ecDNA"": 3\n}']","['{\n  ""ecDNA"": 0\n}', '{\n  ""ecDNA"": 3\n}', '{\n  ""ecDNA"": 3\n}', '{\n  ""ecDNA"": 0\n}']","['{\n  ""ecDNA"": 0\n}', '{\n  ""ecDNA"": 0\n}', '{\n  ""ecDNA"": 3\n}', '{\n  ""ecDNA"": 0\n}', '{\n  ""ecDNA"": 3\n}']","{
  ""ecDNA"": 2
}"
662,2325.tif,1,0,0,"['{\n  ""ecDNA"": 3\n}', '{\n  ""ecDNA"": 0\n}', '{\n  ""ecDNA"": 3\n}', '{\n  ""ecDNA"": 0\n}']","['{\n  ""ecDNA"": 3\n}', '{\n  ""ecDNA"": 0\n}', '{""ecDNA"": 3}', '{\n  ""ecDNA"": 10\n}']","['{\n  ""ecDNA"": 3\n}', '{\n  ""ecDNA"": 3\n}', '{\n  ""ecDNA"": 0\n}', '{\n  ""ecDNA"": 3\n}', '{\n  ""ecDNA"": 0\n}']",I am unable to determine the number of ecDNA in the image as it is not provided. Please provide more information about the ecDNA patterns you are referring to.
663,2326.tif,1,0,0,"['{\n  ""ecDNA"": 3\n}', '```json\n{\n  ""ecDNA"": 9\n}\n```', '{\n  ""ecDNA"": 2\n}', '{\n  ""ecDNA"": 0\n}']","['{\n  ""ecDNA"": 0\n}', '{\n  ""ecDNA"": 0\n}', '{""ecDNA"": 0}', '{\n""ecDNA"": 0\n}']","['{\n  ""ecDNA"": 0\n}', '{\n  ""ecDNA"": 0\n}', '{\n  ""ecDNA"": 3\n}', '{\n  ""ecDNA"": 0\n}', '{\n  ""ecDNA"": 3\n}']","I'm sorry, but I cannot return an integer number in JSON format as it is not a valid data type for the API. Please provide a different type of data, such as a string or an array, to be returned."
664,2328.tif,3,4,0,"['{\n  ""ecDNA"": 0\n}', '{\n  ""ecDNA"": 0\n}', '{\n  ""ecDNA"": 0\n}', '{\n  ""ecDNA"": 0\n}']","['{\n  ""ecDNA"": 0\n}', '{\n  ""ecDNA"": 3\n}', '{\n""ecDNA"": 2\n}', '{\n""ecDNA"": 0\n}']","['{\n  ""ecDNA"": 3\n}', '{\n  ""ecDNA"": 0\n}', '{\n  ""ecDNA"": 3\n}', '{\n  ""ecDNA"": 3\n}', '{\n  ""ecDNA"": 0\n}']","I'm sorry, but I cannot return an integer number in JSON format as it is not a valid data type for this API. Please provide a different type of data for me to process."
665,2329.tif,1,11,0,"['{\n  ""ecDNA"": 3\n}', '{\n  ""ecDNA"": 30\n}', '{\n  ""ecDNA"": 0\n}', '{\n  ""ecDNA"": 13\n}']","['{\n  ""ecDNA"": 0\n}', '{\n""ecDNA"": 0\n}', '{\n  ""ecDNA"": 3\n}', '{\n""ecDNA"": 0\n}']","['{\n  ""ecDNA"": 3\n}', '{\n  ""ecDNA"": 3\n}', '{\n  ""ecDNA"": 3\n}', '{\n  ""ecDNA"": 3\n}', '{\n  ""ecDNA"": 3\n}']","```json
{
  ""ecDNA"": {
    ""count"": 5
  }
}
```"
666,233.tif,0,14,30,"['{\n  ""ecDNA"": 3\n}', '{\n  ""ecDNA"": 2\n}', '{\n  ""ecDNA"": 1\n}', '{\n  ""ecDNA"": 2\n}']","['{\n  ""ecDNA"": 0\n}', '{""ecDNA"": 2}', '{\n""ecDNA"": 2\n}', '{\n""ecDNA"": 0\n}']","['{\n  ""ecDNA"": 0\n}', '{\n  ""ecDNA"": 3\n}', '{\n  ""ecDNA"": 0\n}', '{\n  ""ecDNA"": 0\n}', '{\n  ""ecDNA"": 0\n}']","```json
[5]
```"
667,2330.tif,0,19,3,"['{\n  ""ecDNA"": 3\n}', '{\n  ""ecDNA"": 2\n}', '{\n  ""ecDNA"": 1\n}', '```json\n[3]\n```']","['{\n  ""ecDNA"": 2\n}', '{\n  ""ecDNA"": 2\n}', '{\n""ecDNA"": 3\n}', '{\n  ""ecDNA"": 10\n}']","['{\n  ""ecDNA"": 3\n}', '{\n  ""ecDNA"": 0\n}', '{\n  ""ecDNA"": 3\n}', '{\n  ""ecDNA"": 3\n}', '{\n  ""ecDNA"": 3\n}']","```json
{
  ""ecDNA"": 1000000
}
```"
668,2331.tif,0,6,2,"['{\n  ""ecDNA"": 3\n}', '{\n  ""ecDNA"": 0\n}', '{\n  ""ecDNA"": 69\n}', '```json\n[0]\n```']","['{\n  ""ecDNA"": 0\n}', '{\n  ""ecDNA"": 3\n}', '{\n  ""ecDNA"": 3\n}', '{\n  ""ecDNA"": {\n    ""count"": 1234567890\n  }\n}']","['{\n  ""ecDNA"": 3\n}', '{\n  ""ecDNA"": 3\n}', '{\n  ""ecDNA"": 3\n}', '{\n  ""ecDNA"": 0\n}', '{\n  ""ecDNA"": 0\n}']","I'm sorry, but I cannot provide an integer number in JSON format without a specific image or ecDNA pattern to analyze. Please provide more information about the image or the ecDNA pattern you are referring to."
669,2332.tif,1,8,0,"['{\n  ""ecDNA"": 3\n}', '{\n  ""ecDNA"": 0\n}', '{\n  ""ecDNA"": 1\n}', '{\n  ""ecDNA"": 0\n}']","['{\n  ""ecDNA"": 3\n}', '{\n  ""ecDNA"": 3\n}', '{""ecDNA"": 2}', '{\n  ""ecDNA"": 0\n}']","['{\n  ""ecDNA"": 0\n}', '{\n  ""ecDNA"": 0\n}', '{\n  ""ecDNA"": 3\n}', '{\n  ""ecDNA"": 0\n}', '{\n  ""ecDNA"": 3\n}']","```json
{
  ""ecDNA"": 2
}
```"
670,2333.tif,1,23,2,"['{\n  ""ecDNA"": 0\n}', '{\n  ""ecDNA"": 0\n}', '{\n  ""ecDNA"": 2\n}', '{\n  ""ecDNA"": 1\n}']","['{\n  ""ecDNA"": 0\n}', '{\n  ""ecDNA"": 0\n}', '{\n""ecDNA"": 3\n}', '```json\n{""ecDNA"": 5}\n```']","['{\n  ""ecDNA"": 0\n}', '{\n  ""ecDNA"": 3\n}', '{\n  ""ecDNA"": 0\n}', '{\n  ""ecDNA"": 0\n}', '{\n  ""ecDNA"": 3\n}']","Here's the ecDNA count for the given image:
```json
{
  ""ecDNA_count"": 5
}
```
This means there are 5 ecDNA present in the image."
671,2334.tif,1,0,0,"['{\n  ""ecDNA"": 3\n}', '{\n  ""ecDNA"": 15\n}', '{\n  ""ecDNA"": 1\n}', '{\n  ""ecDNA"": 10\n}']","['{\n  ""ecDNA"": 2\n}', '{\n  ""ecDNA"": 5\n}', '{""ecDNA"": 2}', '```json\n{\n  ""ecDNA"": 3\n}\n```']","['{\n  ""ecDNA"": 0\n}', '{\n  ""ecDNA"": 0\n}', '{\n  ""ecDNA"": 3\n}', '{\n  ""ecDNA"": 0\n}', '{\n  ""ecDNA"": 3\n}']","I'm sorry, but I cannot determine the number of ecDNA in the image as it is not provided. Please provide more information about the number of ecDNA you are referring to."
672,2335.tif,1,0,0,"['{\n  ""ecDNA"": 3\n}', '{\n  ""ecDNA"": 0\n}', '{\n  ""ecDNA"": 5\n}', '{\n  ""ecDNA"": 2\n}']","['{\n  ""ecDNA"": 3\n}', '{""ecDNA"": 3}', '{\n  ""ecDNA"": 0\n}', '{\n  ""ecDNA"": 5\n}']","['{\n  ""ecDNA"": 3\n}', '{\n  ""ecDNA"": 0\n}', '{\n  ""ecDNA"": 3\n}', '{\n  ""ecDNA"": 3\n}', '{\n  ""ecDNA"": 3\n}']","```json
[3]
```"
673,2337.tif,1,2,0,"['{\n  ""ecDNA"": 0\n}', '{\n  ""ecDNA"": 4\n}', '{\n  ""ecDNA"": 8\n}', '{\n  ""ecDNA"": 30\n}']","['{\n  ""ecDNA"": 2\n}', '{\n""ecDNA"": 0\n}', '{\n  ""ecDNA"": 0\n}', '{\n""ecDNA"": 0\n}']","['{\n  ""ecDNA"": 0\n}', '{\n  ""ecDNA"": 3\n}', '{\n  ""ecDNA"": 0\n}', '{\n  ""ecDNA"": 0\n}', '{\n  ""ecDNA"": 0\n}']","{
""ecDNA"": 0
}"
674,2338.tif,1,0,0,"['{\n  ""ecDNA"": 3\n}', '{\n  ""ecDNA"": 0\n}', '{\n  ""ecDNA"": 2\n}', '{\n  ""ecDNA"": 14\n}']","['{\n  ""ecDNA"": 0\n}', '{\n  ""ecDNA"": 2\n}', '{\n  ""ecDNA"": 5\n}', '{""ecDNA"": 0}']","['{\n  ""ecDNA"": 0\n}', '{\n  ""ecDNA"": 3\n}', '{\n  ""ecDNA"": 3\n}', '{\n  ""ecDNA"": 3\n}', '{\n  ""ecDNA"": 3\n}']","{
  ""ecDNA"": 6
}"
675,2339.tif,1,0,0,"['{\n  ""ecDNA"": 3\n}', '{\n  ""ecDNA"": 2\n}', '{\n  ""ecDNA"": 3\n}', '{\n  ""ecDNA"": 0\n}']","['{\n  ""ecDNA"": 3\n}', '{\n""ecDNA"": 3\n}', '{""ecDNA"": 2}', '{""ecDNA"": 0}']","['{\n  ""ecDNA"": 3\n}', '{\n  ""ecDNA"": 0\n}', '{\n  ""ecDNA"": 3\n}', '{\n  ""ecDNA"": 3\n}', '{\n  ""ecDNA"": 0\n}']","I'm sorry, but I cannot provide an integer number in JSON format without a picture. Please upload the image so I can assist you better."
676,234.tif,0,14,24,"['{\n  ""ecDNA"": 0\n}', '```json\n{\n  ""ecDNA"": 8\n}\n```', '{\n  ""ecDNA"": 0\n}', '{\n  ""ecDNA"": 0\n}']","['{\n  ""ecDNA"": 0\n}', '{\n""ecDNA"": 3\n}', '{\n  ""ecDNA"": 0\n}', '{\n  ""ecDNA"": 20\n}']","['{\n  ""ecDNA"": 0\n}', '{\n  ""ecDNA"": 0\n}', '{\n  ""ecDNA"": 0\n}', '{\n  ""ecDNA"": 3\n}', '{\n  ""ecDNA"": 0\n}']","{
  ""ecDNA"": 2
}"
677,2340.tif,5,0,1,"['{\n  ""ecDNA"": 3\n}', '{\n  ""ecDNA"": 0\n}', '{\n  ""ecDNA"": 0\n}', '{\n  ""ecDNA"": 0\n}']","['{\n  ""ecDNA"": 0\n}', '{\n  ""ecDNA"": 2\n}', '{""ecDNA"": 3}', '{""ecDNA_count"":3}']","['{\n  ""ecDNA"": 0\n}', '{\n  ""ecDNA"": 3\n}', '{\n  ""ecDNA"": 3\n}', '{\n  ""ecDNA"": 0\n}', '{\n  ""ecDNA"": 3\n}']","I'm sorry, but I cannot provide the number of ecDNA in the image as it is not provided. Please provide more information about the image or the number of ecDNA you are referring to."
678,2341.tif,1,0,0,"['{\n  ""ecDNA"": 3\n}', '{\n  ""ecDNA"": 0\n}', '{\n  ""ecDNA"": 1\n}', '{\n  ""ecDNA"": 12\n}']","['{\n  ""ecDNA"": 3\n}', '{\n  ""ecDNA"": 3\n}', '{""ecDNA"": 2}', '{\n  ""ecDNA"": 3\n}']","['{\n  ""ecDNA"": 0\n}', '{\n  ""ecDNA"": 0\n}', '{\n  ""ecDNA"": 3\n}', '{\n  ""ecDNA"": 3\n}', '{\n  ""ecDNA"": 3\n}']","I'm sorry, but I cannot determine the number of ecDNA in the image as it is not provided. Please provide more information about the number of ecDNA you are referring to."
679,2342.tif,1,0,0,"['{\n  ""ecDNA"": 0\n}', '{\n  ""ecDNA"": 0\n}', '{\n  ""ecDNA"": 1\n}', '{\n  ""ecDNA"": 16\n}']","['{\n  ""ecDNA"": 2\n}', '{""ecDNA"": 3}', '{\n  ""ecDNA"": 3\n}', '{""ecDNA"": 5}']","['{\n  ""ecDNA"": 0\n}', '{\n  ""ecDNA"": 3\n}', '{\n  ""ecDNA"": 0\n}', '{\n  ""ecDNA"": 3\n}', '{\n  ""ecDNA"": 0\n}']","{
    ""ecDNA"": 0
}"
680,235.tif,0,9,25,"['{\n  ""ecDNA"": 0\n}', '{\n  ""ecDNA"": 2\n}', '{\n  ""ecDNA"": 12\n}', '{\n  ""ecDNA"": 3\n}']","['{\n  ""ecDNA"": 2\n}', '{\n""ecDNA"": 3\n}', '{\n""ecDNA"": 5\n}', '{\n  ""ecDNA"": 1\n}']","['{\n  ""ecDNA"": 0\n}', '{\n  ""ecDNA"": 3\n}', '{\n  ""ecDNA"": 3\n}', '{\n  ""ecDNA"": 3\n}', '{\n  ""ecDNA"": 0\n}']","{
""ecDNA"": 2
}"
681,236.tif,2,2,32,"['{\n  ""ecDNA"": 3\n}', '{\n  ""ecDNA"": 0\n}', '{\n  ""ecDNA"": 10\n}', '{\n  ""ecDNA"": 6\n}']","['{\n  ""ecDNA"": 3\n}', '{""ecDNA"": 3}', '{\n  ""ecDNA"": 5\n}', '{""ecDNA"": 0}']","['{\n  ""ecDNA"": 0\n}', '{\n  ""ecDNA"": 0\n}', '{\n  ""ecDNA"": 3\n}', '{\n  ""ecDNA"": 3\n}', '{\n  ""ecDNA"": 0\n}']","```json
{
  ""ecDNA"": 3
}
```"
682,237.tif,0,2,17,"['{\n  ""ecDNA"": 0\n}', '{\n  ""ecDNA"": 3\n}', '{\n  ""ecDNA"": 0\n}', '{\n  ""ecDNA"": 5\n}']","['{\n  ""ecDNA"": 0\n}', '{\n  ""ecDNA"": 0\n}', '{""ecDNA"": 2}', '{""ecDNA"": 5}']","['{\n  ""ecDNA"": 0\n}', '{\n  ""ecDNA"": 3\n}', '{\n  ""ecDNA"": 3\n}', '{\n  ""ecDNA"": 3\n}', '{\n  ""ecDNA"": 3\n}']","{
  ""ecDNA"": 1000
}"
683,238.tif,0,4,18,"['{\n  ""ecDNA"": 3\n}', '{\n  ""ecDNA"": 0\n}', '{\n  ""ecDNA"": 2\n}', '{\n  ""ecDNA"": 0\n}']","['{\n  ""ecDNA"": 3\n}', '{\n  ""ecDNA"": 2\n}', '{""ecDNA"": 3}', '{\n""ecDNA"": 50\n}']","['{\n  ""ecDNA"": 0\n}', '{\n  ""ecDNA"": 0\n}', '{\n  ""ecDNA"": 0\n}', '{\n  ""ecDNA"": 0\n}', '{\n  ""ecDNA"": 3\n}']","{
  ""ecDNA"": {
    ""value"": 0,
    ""count"": 0
  }
}"
684,242.tif,0,6,12,"['{\n  ""ecDNA"": 0\n}', '{\n  ""ecDNA"": 7\n}', '{\n  ""ecDNA"": 0\n}', '{\n  ""ecDNA"": 3\n}']","['{\n  ""ecDNA"": 0\n}', '{\n  ""ecDNA"": 5\n}', '{\n  ""ecDNA"": 3\n}', '{\n""ecDNA"": 3\n}']","['{\n  ""ecDNA"": 3\n}', '{\n  ""ecDNA"": 0\n}', '{\n  ""ecDNA"": 0\n}', '{\n  ""ecDNA"": 3\n}', '{\n  ""ecDNA"": 0\n}']","{
  ""ecDNA"": 5
}"
685,243.tif,0,2,5,"['{\n  ""ecDNA"": 3\n}', '{\n  ""ecDNA"": 0\n}', '{\n  ""ecDNA"": 1\n}', '{\n  ""ecDNA"": 14\n}']","['{\n  ""ecDNA"": 0\n}', '{""ecDNA"": 2}', '{\n  ""ecDNA"": 2\n}', '{\n""ecDNA"": 0\n}']","['{\n  ""ecDNA"": 0\n}', '{\n  ""ecDNA"": 3\n}', '{\n  ""ecDNA"": 3\n}', '{\n  ""ecDNA"": 3\n}', '{\n  ""ecDNA"": 0\n}']","I'm sorry, but I cannot provide an answer without a picture. Please upload the image so I can assist you better."
686,245.tif,28,0,16,"['{\n  ""ecDNA"": 3\n}', '```json\n[8]\n```', '{\n  ""ecDNA"": 2\n}', '{\n  ""ecDNA"": 1\n}']","['{\n  ""ecDNA"": 3\n}', '{""ecDNA"": 0}', '{""ecDNA"": 3}', '{\n""ecDNA"": 3\n}']","['{\n  ""ecDNA"": 0\n}', '{\n  ""ecDNA"": 3\n}', '{\n  ""ecDNA"": 0\n}', '{\n  ""ecDNA"": 3\n}', '{\n  ""ecDNA"": 3\n}']","{
  ""ecDNA"": 5
}"
687,246.tif,6,4,71,"['{\n  ""ecDNA"": 3\n}', '{\n  ""ecDNA"": 0\n}', '{\n  ""ecDNA"": 6\n}', '```json\n[5]\n```']","['{\n  ""ecDNA"": 3\n}', '{\n""ecDNA"": 0\n}', '{\n  ""ecDNA"": 3\n}', '{""ecDNA"": 0}']","['{\n  ""ecDNA"": 3\n}', '{\n  ""ecDNA"": 3\n}', '{\n  ""ecDNA"": 3\n}', '{\n  ""ecDNA"": 3\n}', '{\n  ""ecDNA"": 3\n}']","I'm sorry, but I cannot determine the number of ecDNA in the image as it is not provided. Please provide more information about the number of ecDNA you are referring to."
688,247.tif,0,12,64,"['{\n  ""ecDNA"": 0\n}', '{\n  ""ecDNA"": 1\n}', '{\n  ""ecDNA"": 4\n}', '{\n  ""ecDNA"": 5\n}']","['{\n  ""ecDNA"": 0\n}', '{\n  ""ecDNA"": 0\n}', '{\n  ""ecDNA"": 2\n}', '{\n  ""ecDNA"": {\n    ""value"": 0,\n    ""units"": ""None""\n  }\n}']","['{\n  ""ecDNA"": 3\n}', '{\n  ""ecDNA"": 3\n}', '{\n  ""ecDNA"": 0\n}', '{\n  ""ecDNA"": 0\n}', '{\n  ""ecDNA"": 0\n}']","{
  ""ecDNA"": 10
}"
689,248.tif,0,24,60,"['{\n  ""ecDNA"": 0\n}', '{\n  ""ecDNA"": 0\n}', '{\n  ""ecDNA"": 0\n}', '{\n  ""ecDNA"": 27\n}']","['{\n  ""ecDNA"": 0\n}', '{\n  ""ecDNA"": 2\n}', '{\n  ""ecDNA"": 5\n}', '```json\n[\n    {\n        ""value"": 2,\n        ""label"": ""ECDNA""\n    }\n]\n```']","['{\n  ""ecDNA"": 0\n}', '{\n  ""ecDNA"": 3\n}', '{\n  ""ecDNA"": 3\n}', '{\n  ""ecDNA"": 3\n}', '{\n  ""ecDNA"": 3\n}']",I am unable to determine the number of ecDNA in the image as it is not provided. Please provide more information about the image or the number of ecDNA you are referring to.
690,249.tif,12,6,13,"['{\n  ""ecDNA"": 3\n}', '{\n  ""ecDNA"": 0\n}', '{\n  ""ecDNA"": 27\n}', '{\n  ""ecDNA"": 2\n}']","['{\n  ""ecDNA"": 2\n}', '{\n  ""ecDNA"": 3\n}', '{\n""ecDNA"": 3\n}', '{\n  ""ecDNA"": {\n    ""count"": 25\n  }\n}']","['{\n  ""ecDNA"": 3\n}', '{\n  ""ecDNA"": 0\n}', '{\n  ""ecDNA"": 3\n}', '{\n  ""ecDNA"": 0\n}', '{\n  ""ecDNA"": 0\n}']","I'm sorry, but I cannot determine the number of ecDNA in the image as it is not provided. Please provide more information about the number of ecDNA in the image."
691,250.tif,2,5,65,"['{\n  ""ecDNA"": 0\n}', '{\n  ""ecDNA"": 2\n}', '{\n  ""ecDNA"": 1\n}', '{\n  ""ecDNA"": 2\n}']","['{\n  ""ecDNA"": 0\n}', '{\n  ""ecDNA"": 2\n}', '{""ecDNA"": 2}', '{\n""ecDNA"": 20\n}']","['{\n  ""ecDNA"": 3\n}', '{\n  ""ecDNA"": 3\n}', '{\n  ""ecDNA"": 0\n}', '{\n  ""ecDNA"": 0\n}', '{\n  ""ecDNA"": 3\n}']","{
""ecDNA"": 0
}"
692,251.tif,0,24,85,"['{\n  ""ecDNA"": 3\n}', '{\n  ""ecDNA"": 0\n}', '{\n  ""ecDNA"": 29\n}', '{\n  ""ecDNA"": 1\n}']","['{\n  ""ecDNA"": 0\n}', '{\n""ecDNA"": 2\n}', '{\n""ecDNA"": 2\n}', '{\n  ""ecDNA"": 20\n}']","['{\n  ""ecDNA"": 0\n}', '{\n  ""ecDNA"": 3\n}', '{\n  ""ecDNA"": 0\n}', '{\n  ""ecDNA"": 0\n}', '{\n  ""ecDNA"": 3\n}']","I'm sorry, but I cannot determine the number of ecDNA in the image as it is not provided. Please provide more information about the image or the number of ecDNA you are referring to."
693,252.tif,0,22,120,"['{\n  ""ecDNA"": 0\n}', '{\n  ""ecDNA"": 0\n}', '{\n  ""ecDNA"": 1\n}', '{\n  ""ecDNA"": 7\n}']","['{\n  ""ecDNA"": 2\n}', '{\n""ecDNA"": 3\n}', '{\n  ""ecDNA"": 5\n}', '{""ecDNA"": 3}']","['{\n  ""ecDNA"": 0\n}', '{\n  ""ecDNA"": 3\n}', '{\n  ""ecDNA"": 3\n}', '{\n  ""ecDNA"": 3\n}', '{\n  ""ecDNA"": 3\n}']","{""ecDNA"": 2}"
694,253.tif,6,22,116,"['{\n  ""ecDNA"": 3\n}', '{\n  ""ecDNA"": 0\n}', '{\n  ""ecDNA"": 22\n}', '{\n  ""ecDNA"": 14\n}']","['{\n  ""ecDNA"": 0\n}', '{""ecDNA"": 5}', '{\n  ""ecDNA"": 5\n}', '{\n  ""ecDNA"": 10\n}']","['{\n  ""ecDNA"": 0\n}', '{\n  ""ecDNA"": 3\n}', '{\n  ""ecDNA"": 0\n}', '{\n  ""ecDNA"": 0\n}', '{\n  ""ecDNA"": 0\n}']","{
  ""ecDNA"": 2
}"
695,254.tif,2,17,154,"['{\n  ""ecDNA"": 3\n}', '{\n  ""ecDNA"": 0\n}', '{\n  ""ecDNA"": 0\n}', '{\n  ""ecDNA"": 0\n}']","['{\n  ""ecDNA"": 3\n}', '{""ecDNA"": 3}', '{""ecDNA"": 3}', '{\n  ""ecDNA"": 2\n}']","['{\n  ""ecDNA"": 0\n}', '{\n  ""ecDNA"": 0\n}', '{\n  ""ecDNA"": 3\n}', '{\n  ""ecDNA"": 3\n}', '{\n  ""ecDNA"": 3\n}']","```json
{
  ""ecDNA"": 5
}
```"
696,255.tif,0,13,86,"['{\n  ""ecDNA"": 3\n}', '{\n  ""ecDNA"": 2\n}', '{\n  ""ecDNA"": 3\n}', '```json\n[8]\n```']","['{\n  ""ecDNA"": 0\n}', '{""ecDNA"": 3}', '{\n  ""ecDNA"": 3\n}', '{\n  ""ecDNA"": 0\n}']","['{\n  ""ecDNA"": 0\n}', '{\n  ""ecDNA"": 0\n}', '{\n  ""ecDNA"": 3\n}', '{\n  ""ecDNA"": 0\n}', '{\n  ""ecDNA"": 3\n}']","Here's the count of ecDNA in the image:
```json
{
  ""ecDNA"": 10000
}
```

Note that the count is based on the assumption that the ecDNA are circular structures and they are present in the image. If the ecDNA are not circular, the count may be incorrect."
697,257.tif,11,6,127,"['{\n  ""ecDNA"": 3\n}', '{\n  ""ecDNA"": 2\n}', '{\n  ""ecDNA"": 3\n}', '{\n  ""ecDNA"": 58\n}']","['{\n  ""ecDNA"": 0\n}', '{\n  ""ecDNA"": 3\n}', '{\n""ecDNA"": 2\n}', '{""ecDNA_count"":2}']","['{\n  ""ecDNA"": 3\n}', '{\n  ""ecDNA"": 0\n}', '{\n  ""ecDNA"": 0\n}', '{\n  ""ecDNA"": 0\n}', '{\n  ""ecDNA"": 3\n}']","```json
{
  ""ecDNA"": 1000
}
```"
698,258.tif,0,1,78,"['{\n  ""ecDNA"": 3\n}', '{\n  ""ecDNA"": 0\n}', '{\n  ""ecDNA"": 0\n}', '```json\n[6]\n```']","['{\n  ""ecDNA"": 0\n}', '{\n  ""ecDNA"": 0\n}', '{\n  ""ecDNA"": 2\n}', '{\n  ""ecDNA"": 5\n}']","['{\n  ""ecDNA"": 0\n}', '{\n  ""ecDNA"": 0\n}', '{\n  ""ecDNA"": 0\n}', '{\n  ""ecDNA"": 3\n}', '{\n  ""ecDNA"": 3\n}']","{
  ""ecDNA"": 10
}"
699,259.tif,0,3,24,"['{\n  ""ecDNA"": 3\n}', '{\n  ""ecDNA"": 5\n}', '{\n  ""ecDNA"": 13\n}', '{\n  ""ecDNA"": 3\n}']","['{\n  ""ecDNA"": 0\n}', '{\n  ""ecDNA"": 2\n}', '{\n  ""ecDNA"": 5\n}', '{""ecDNA"":2}']","['{\n  ""ecDNA"": 3\n}', '{\n  ""ecDNA"": 3\n}', '{\n  ""ecDNA"": 3\n}', '{\n  ""ecDNA"": 0\n}', '{\n  ""ecDNA"": 3\n}']",I'm unable to determine the number of ecDNA in the image as it is not provided. Please provide more information about the ecDNA patterns you are referring to.
700,260.tif,0,2,5,"['{\n  ""ecDNA"": 0\n}', '{\n  ""ecDNA"": 0\n}', '```json\n[8]\n```', '```json\n[16]\n```']","['{\n  ""ecDNA"": 2\n}', '{\n  ""ecDNA"": 3\n}', '{""ecDNA"": 5}', '{\n  ""ecDNA"": 5\n}']","['{\n  ""ecDNA"": 3\n}', '{\n  ""ecDNA"": 0\n}', '{\n  ""ecDNA"": 3\n}', '{\n  ""ecDNA"": 3\n}', '{\n  ""ecDNA"": 0\n}']","I'm sorry, but I cannot provide an answer without a picture. Please upload the image so I can assist you better."
701,262.tif,0,2,7,"['{\n  ""ecDNA"": 0\n}', '```json\n{\n  ""ecDNA"": 1\n}\n```', '{\n  ""ecDNA"": 11\n}', '{\n  ""ecDNA"": 0\n}']","['{\n  ""ecDNA"": 0\n}', '{\n  ""ecDNA"": 2\n}', '{""ecDNA"": 0}', '{\n  ""ecDNA"": 3\n}']","['{\n  ""ecDNA"": 0\n}', '{\n  ""ecDNA"": 3\n}', '{\n  ""ecDNA"": 0\n}', '{\n  ""ecDNA"": 0\n}', '{\n  ""ecDNA"": 3\n}']","{
""ecDNA"": 1
}"
702,263.tif,0,13,34,"['{\n  ""ecDNA"": 3\n}', '{\n  ""ecDNA"": 2\n}', '{\n  ""ecDNA"": 1\n}', '{\n  ""ecDNA"": 0\n}']","['{\n  ""ecDNA"": 3\n}', '{""ecDNA"": 0}', '{\n  ""ecDNA"": 5\n}', '{\n""ecDNA"": 0\n}']","['{\n  ""ecDNA"": 0\n}', '{\n  ""ecDNA"": 0\n}', '{\n  ""ecDNA"": 3\n}', '{\n  ""ecDNA"": 0\n}', '{\n  ""ecDNA"": 3\n}']","I'm sorry, but I cannot determine the number of ecDNA in the image as it is not provided. Please provide more information about the number of ecDNA you are referring to."
703,266.tif,0,15,22,"['{\n  ""ecDNA"": 0\n}', '{\n  ""ecDNA"": 0\n}', '{\n  ""ecDNA"": 0\n}', '{\n  ""ecDNA"": 1\n}']","['{\n  ""ecDNA"": 3\n}', '{""ecDNA"": 3}', '{\n  ""ecDNA"": 2\n}', '{\n""ecDNA"": 0\n}']","['{\n  ""ecDNA"": 0\n}', '{\n  ""ecDNA"": 3\n}', '{\n  ""ecDNA"": 3\n}', '{\n  ""ecDNA"": 0\n}', '{\n  ""ecDNA"": 0\n}']","Here is the number of connected components in the image:
```json
{
  ""ecDNA"": 1
}
```

Note that the number of ecDNA is 1 because the image contains only one connected component, which is labeled as ecDNA."
704,267.tif,0,35,37,"['{\n  ""ecDNA"": 0\n}', '{\n  ""ecDNA"": 0\n}', '{\n  ""ecDNA"": 6\n}', '{\n  ""ecDNA"": 0\n}']","['{\n  ""ecDNA"": 0\n}', '{\n  ""ecDNA"": 0\n}', '{""ecDNA"": 3}', '{""ecDNA"": 0}']","['{\n  ""ecDNA"": 3\n}', '{\n  ""ecDNA"": 3\n}', '{\n  ""ecDNA"": 0\n}', '{\n  ""ecDNA"": 0\n}', '{\n  ""ecDNA"": 0\n}']","I'm sorry, but I cannot provide an answer without a picture. Please upload the image so I can assist you better."
705,268.tif,0,11,49,"['{\n  ""ecDNA"": 3\n}', '{\n  ""ecDNA"": 0\n}', '{\n  ""ecDNA"": 0\n}', '{\n  ""ecDNA"": 0\n}']","['{\n  ""ecDNA"": 2\n}', '{\n  ""ecDNA"": 3\n}', '{\n  ""ecDNA"": 2\n}', '{\n  ""ecDNA"": 3\n}']","['{\n  ""ecDNA"": 0\n}', '{\n  ""ecDNA"": 3\n}', '{\n  ""ecDNA"": 0\n}', '{\n  ""ecDNA"": 0\n}', '{\n  ""ecDNA"": 3\n}']","{
  ""ecDNA"": 0
}"
706,269.tif,0,13,110,"['{\n  ""ecDNA"": 3\n}', '{\n  ""ecDNA"": 2\n}', '{\n  ""ecDNA"": 59\n}', '{\n  ""ecDNA"": 1\n}']","['{\n  ""ecDNA"": 2\n}', '{\n""ecDNA"": 0\n}', '{\n  ""ecDNA"": 3\n}', '{""ecDNA"":2}']","['{\n  ""ecDNA"": 3\n}', '{\n  ""ecDNA"": 0\n}', '{\n  ""ecDNA"": 3\n}', '{\n  ""ecDNA"": 0\n}', '{\n  ""ecDNA"": 3\n}']","Here is the number of ecDNA in the image:
```json
{
  ""ecDNA"": 5
}
```"
707,270.tif,0,6,25,"['{\n  ""ecDNA"": 0\n}', '{\n  ""ecDNA"": 3\n}', '{\n  ""ecDNA"": 0\n}', '{\n  ""ecDNA"": 0\n}']","['{\n  ""ecDNA"": 0\n}', '{""ecDNA"": 3}', '{\n  ""ecDNA"": 0\n}', '{\n  ""ecDNA"": 3\n}']","['{\n  ""ecDNA"": 0\n}', '{\n  ""ecDNA"": 3\n}', '{\n  ""ecDNA"": 0\n}', '{\n  ""ecDNA"": 0\n}', '{\n  ""ecDNA"": 3\n}']","{
  ""ecDNA"": 0
}"
708,271.tif,0,15,26,"['{\n  ""ecDNA"": 0\n}', '{\n  ""ecDNA"": 0\n}', '{\n  ""ecDNA"": 1\n}', '{\n  ""ecDNA"": 0\n}']","['{\n  ""ecDNA"": 3\n}', '{\n  ""ecDNA"": 5\n}', '{""ecDNA"": 5}', '{\n""ecDNA"": 2\n}']","['{\n  ""ecDNA"": 3\n}', '{\n  ""ecDNA"": 3\n}', '{\n  ""ecDNA"": 0\n}', '{\n  ""ecDNA"": 3\n}', '{\n  ""ecDNA"": 0\n}']","{
  ""ecDNA"": 5
}"
709,272.tif,0,21,86,"['{\n  ""ecDNA"": 0\n}', '{\n  ""ecDNA"": 0\n}', '{\n  ""ecDNA"": 3\n}', '{\n  ""ecDNA"": 0\n}']","['{\n  ""ecDNA"": 0\n}', '{\n  ""ecDNA"": 5\n}', '{\n  ""ecDNA"": 2\n}', '{\n  ""ecDNA"": 3\n}']","['{\n  ""ecDNA"": 3\n}', '{\n  ""ecDNA"": 3\n}', '{\n  ""ecDNA"": 0\n}', '{\n  ""ecDNA"": 0\n}', '{\n  ""ecDNA"": 3\n}']","I'm sorry, but I cannot determine the number of ecDNA in the image as it is not provided. Please provide more information about the number of ecDNA you are referring to."
710,273.tif,0,26,156,"['{\n  ""ecDNA"": 0\n}', '{\n  ""ecDNA"": 0\n}', '{\n  ""ecDNA"": 0\n}', '{\n  ""ecDNA"": 3\n}']","['{\n  ""ecDNA"": 0\n}', '{\n""ecDNA"": 0\n}', '{\n  ""ecDNA"": 2\n}', '{""ecDNA"": 3}']","['{\n  ""ecDNA"": 0\n}', '{\n  ""ecDNA"": 3\n}', '{\n  ""ecDNA"": 3\n}', '{\n  ""ecDNA"": 0\n}', '{\n  ""ecDNA"": 0\n}']","```json
[10]
```"
711,274.tif,0,10,68,"['{\n  ""ecDNA"": 0\n}', '{\n  ""ecDNA"": 5\n}', '{\n  ""ecDNA"": 2\n}', '{\n  ""ecDNA"": 2\n}']","['{\n  ""ecDNA"": 3\n}', '{\n  ""ecDNA"": 3\n}', '{\n""ecDNA"": 0\n}', '{\n""ecDNA"": 1234567890\n}']","['{\n  ""ecDNA"": 0\n}', '{\n  ""ecDNA"": 0\n}', '{\n  ""ecDNA"": 0\n}', '{\n  ""ecDNA"": 3\n}', '{\n  ""ecDNA"": 3\n}']","{
  ""ecDNA"": 5
}"
712,276.tif,0,4,18,"['{\n  ""ecDNA"": 0\n}', '{\n  ""ecDNA"": 27\n}', '{\n  ""ecDNA"": 1\n}', '```json\n[4]\n```']","['{\n  ""ecDNA"": 0\n}', '{\n  ""ecDNA"": 0\n}', '{\n""ecDNA"": 3\n}', '{""ecDNA"": 0}']","['{\n  ""ecDNA"": 3\n}', '{\n  ""ecDNA"": 3\n}', '{\n  ""ecDNA"": 0\n}', '{\n  ""ecDNA"": 0\n}', '{\n  ""ecDNA"": 0\n}']","I'm sorry, but I cannot provide an answer without a picture. Please upload the image so I can assist you better."
713,277.tif,0,13,51,"['{\n  ""ecDNA"": 0\n}', '```json\n{\n  ""ecDNA"": 8\n}\n```', '{\n  ""ecDNA"": 1\n}', '{\n  ""ecDNA"": 7\n}']","['{\n  ""ecDNA"": 0\n}', '{""ecDNA"": 5}', '{\n  ""ecDNA"": 3\n}', '{\n  ""ecDNA"": 0\n}']","['{\n  ""ecDNA"": 3\n}', '{\n  ""ecDNA"": 3\n}', '{\n  ""ecDNA"": 0\n}', '{\n  ""ecDNA"": 3\n}', '{\n  ""ecDNA"": 0\n}']","I'm sorry, but I cannot determine the number of ecDNA in the image as it is not provided. Please provide more information about the image or the number of ecDNA you are referring to."
714,289.tif,0,26,17,"['{\n  ""ecDNA"": 3\n}', '{\n  ""ecDNA"": 0\n}', '{\n  ""ecDNA"": 0\n}', '```json\n[25]\n```']","['{\n  ""ecDNA"": 0\n}', '{\n""ecDNA"": 0\n}', '{\n  ""ecDNA"": 0\n}', '{\n  ""ecDNA"": 0\n}']","['{\n  ""ecDNA"": 0\n}', '{\n  ""ecDNA"": 0\n}', '{\n  ""ecDNA"": 0\n}', '{\n  ""ecDNA"": 0\n}', '{\n  ""ecDNA"": 3\n}']","{
  ""ecDNA"": 3
}"
715,29.tif,0,9,0,"['{\n  ""ecDNA"": 0\n}', '{\n  ""ecDNA"": 27\n}', '{\n  ""ecDNA"": 0\n}', '{\n  ""ecDNA"": 3\n}']","['{\n  ""ecDNA"": 3\n}', '{\n  ""ecDNA"": 2\n}', '{\n  ""ecDNA"": 5\n}', '{\n""ecDNA"": 2\n}']","['{\n  ""ecDNA"": 3\n}', '{\n  ""ecDNA"": 3\n}', '{\n  ""ecDNA"": 0\n}', '{\n  ""ecDNA"": 3\n}', '{\n  ""ecDNA"": 0\n}']","{
  ""ecDNA"": 0
}"
716,290.tif,0,13,16,"['{\n  ""ecDNA"": 0\n}', '{\n  ""ecDNA"": 0\n}', '{\n  ""ecDNA"": 1\n}', '{\n  ""ecDNA"": 14\n}']","['{\n  ""ecDNA"": 0\n}', '{\n  ""ecDNA"": 3\n}', '{""ecDNA"": 5}', '{""ecDNA"": 3}']","['{\n  ""ecDNA"": 0\n}', '{\n  ""ecDNA"": 3\n}', '{\n  ""ecDNA"": 0\n}', '{\n  ""ecDNA"": 3\n}', '{\n  ""ecDNA"": 0\n}']","I'm sorry, but I cannot determine the number of ecDNA in the image as it is not provided. Please provide more information about the ecDNA pattern in the image or the number of ecDNA you are referring to."
717,293.tif,0,27,10,"['{\n  ""ecDNA"": 3\n}', '{\n  ""ecDNA"": 0\n}', '```json\n[7]\n```', '```json\n[8]\n```']","['{\n  ""ecDNA"": 3\n}', '{\n  ""ecDNA"": 0\n}', '{\n""ecDNA"": 0\n}', '{\n  ""ecDNA"": 0\n}']","['{\n  ""ecDNA"": 0\n}', '{\n  ""ecDNA"": 0\n}', '{\n  ""ecDNA"": 0\n}', '{\n  ""ecDNA"": 3\n}', '{\n  ""ecDNA"": 3\n}']","I'm sorry, but I cannot determine the number of ecDNA in the image as it is not provided. Please provide more information about the number of ecDNA in the image."
718,294.tif,0,11,20,"['{\n  ""ecDNA"": 0\n}', '{\n  ""ecDNA"": 0\n}', '{\n  ""ecDNA"": 15\n}', '{\n  ""ecDNA"": 1\n}']","['{\n  ""ecDNA"": 0\n}', '{""ecDNA"": 3}', '{\n""ecDNA"": 3\n}', '{\n  ""ecDNA"": 2\n}']","['{\n  ""ecDNA"": 3\n}', '{\n  ""ecDNA"": 3\n}', '{\n  ""ecDNA"": 3\n}', '{\n  ""ecDNA"": 0\n}', '{\n  ""ecDNA"": 3\n}']","{
""ecDNA"": {
""count"": 5
}
}"
719,295.tif,0,7,11,"['{\n  ""ecDNA"": 0\n}', '{\n  ""ecDNA"": 0\n}', '{\n  ""ecDNA"": 5\n}', '{\n  ""ecDNA"": 0\n}']","['{\n  ""ecDNA"": 3\n}', '{""ecDNA"": 3}', '{\n""ecDNA"": 2\n}', '{\n  ""ecDNA"": 3\n}']","['{\n  ""ecDNA"": 0\n}', '{\n  ""ecDNA"": 3\n}', '{\n  ""ecDNA"": 3\n}', '{\n  ""ecDNA"": 3\n}', '{\n  ""ecDNA"": 3\n}']","I'm sorry, but I cannot provide an integer number as there is no image present. Please provide more information about the image or the number of ecDNA you are referring to."
720,297.tif,0,2,1,"['{\n  ""ecDNA"": 0\n}', '{\n  ""ecDNA"": 40\n}', '{\n  ""ecDNA"": 0\n}', '{\n  ""ecDNA"": 0\n}']","['{\n  ""ecDNA"": 3\n}', '{\n""ecDNA"": 5\n}', '{\n""ecDNA"": 0\n}', '{\n  ""ecDNA"": {\n    ""count"": 3\n  }\n}']","['{\n  ""ecDNA"": 3\n}', '{\n  ""ecDNA"": 0\n}', '{\n  ""ecDNA"": 3\n}', '{\n  ""ecDNA"": 3\n}', '{\n  ""ecDNA"": 3\n}']",I'm unable to determine the number of ecDNA in the image as it is not provided. Please provide more information about the number of ecDNA in the image.
721,298.tif,0,7,5,"['{\n  ""ecDNA"": 3\n}', '{\n  ""ecDNA"": 5\n}', '{\n  ""ecDNA"": 3\n}', '{\n  ""ecDNA"": 1\n}']","['{\n  ""ecDNA"": 3\n}', '{""ecDNA"": 0}', '{""ecDNA"": 3}', '{""ecDNA_count"":1}']","['{\n  ""ecDNA"": 0\n}', '{\n  ""ecDNA"": 3\n}', '{\n  ""ecDNA"": 3\n}', '{\n  ""ecDNA"": 0\n}', '{\n  ""ecDNA"": 3\n}']","{
    ""ecDNA"": {
        ""count"": 4
    }
}"
722,3.tif,2,0,0,"['{\n  ""ecDNA"": 0\n}', '{\n  ""ecDNA"": 0\n}', '{\n  ""ecDNA"": 0\n}', '{\n  ""ecDNA"": 1\n}']","['{\n  ""ecDNA"": 2\n}', '{\n  ""ecDNA"": 5\n}', '{""ecDNA"": 3}', '{\n  ""ecDNA"": 2\n}']","['{\n  ""ecDNA"": 3\n}', '{\n  ""ecDNA"": 0\n}', '{\n  ""ecDNA"": 3\n}', '{\n  ""ecDNA"": 0\n}', '{\n  ""ecDNA"": 0\n}']","{
  ""ecDNA"": 2
}"
723,309.tif,0,18,28,"['{\n  ""ecDNA"": 3\n}', '{\n  ""ecDNA"": 5\n}', '{\n  ""ecDNA"": 3\n}', '{\n  ""ecDNA"": 1\n}']","['{\n  ""ecDNA"": 2\n}', '{\n""ecDNA"": 0\n}', '{\n  ""ecDNA"": 2\n}', '{""ecDNA"":2}']","['{\n  ""ecDNA"": 3\n}', '{\n  ""ecDNA"": 3\n}', '{\n  ""ecDNA"": 0\n}', '{\n  ""ecDNA"": 3\n}', '{\n  ""ecDNA"": 0\n}']","{
  ""ecDNA"": 1
}"
724,310.tif,0,9,22,"['{\n  ""ecDNA"": 0\n}', '{\n  ""ecDNA"": 0\n}', '{\n  ""ecDNA"": 7\n}', '{\n  ""ecDNA"": 6\n}']","['{\n  ""ecDNA"": 3\n}', '{\n  ""ecDNA"": 2\n}', '{""ecDNA"": 3}', '```json\n{\n  ""ecDNA"": 3\n}\n```']","['{\n  ""ecDNA"": 0\n}', '{\n  ""ecDNA"": 3\n}', '{\n  ""ecDNA"": 3\n}', '{\n  ""ecDNA"": 0\n}', '{\n  ""ecDNA"": 0\n}']","{
  ""ecDNA"": 1
}"
725,311.tif,0,3,10,"['{\n  ""ecDNA"": 3\n}', '{\n  ""ecDNA"": 0\n}', '{\n  ""ecDNA"": 0\n}', '{\n  ""ecDNA"": 6\n}']","['{\n  ""ecDNA"": 0\n}', '{\n  ""ecDNA"": 2\n}', '{\n""ecDNA"": 0\n}', '{\n""ecDNA"": 12345678901234567890\n}']","['{\n  ""ecDNA"": 3\n}', '{\n  ""ecDNA"": 3\n}', '{\n  ""ecDNA"": 0\n}', '{\n  ""ecDNA"": 3\n}', '{\n  ""ecDNA"": 3\n}']",I'm unable to determine the number of ecDNA in the image as it is not provided. Please provide more information about the number of ecDNA you are referring to.
726,313.tif,0,20,22,"['{\n  ""ecDNA"": 3\n}', '{\n  ""ecDNA"": 0\n}', '```json\n[7]\n```', '{\n  ""ecDNA"": 46\n}']","['{\n  ""ecDNA"": 0\n}', '{\n  ""ecDNA"": 3\n}', '{""ecDNA"": 0}', '{\n  ""ecDNA"": 2\n}']","['{\n  ""ecDNA"": 0\n}', '{\n  ""ecDNA"": 3\n}', '{\n  ""ecDNA"": 3\n}', '{\n  ""ecDNA"": 3\n}', '{\n  ""ecDNA"": 3\n}']","{
  ""ecDNA"": 5
}"
727,314.tif,0,18,30,"['{\n  ""ecDNA"": 0\n}', '{\n  ""ecDNA"": 2\n}', '{\n  ""ecDNA"": 19\n}', '{\n  ""ecDNA"": 70\n}']","['{\n  ""ecDNA"": 0\n}', '{\n""ecDNA"": 3\n}', '{""ecDNA"": 3}', '```json\n[{""ecDNA"": 3}]\n```']","['{\n  ""ecDNA"": 3\n}', '{\n  ""ecDNA"": 3\n}', '{\n  ""ecDNA"": 3\n}', '{\n  ""ecDNA"": 0\n}', '{\n  ""ecDNA"": 0\n}']","{
  ""ecDNA"": 3
}"
728,315.tif,0,7,11,"['{\n  ""ecDNA"": 0\n}', '{\n  ""ecDNA"": 20\n}', '{\n  ""ecDNA"": 28\n}', '{\n  ""ecDNA"": 1\n}']","['{\n  ""ecDNA"": 3\n}', '{\n  ""ecDNA"": 0\n}', '{""ecDNA"": 3}', '```json\n[10]\n```']","['{\n  ""ecDNA"": 0\n}', '{\n  ""ecDNA"": 3\n}', '{\n  ""ecDNA"": 3\n}', '{\n  ""ecDNA"": 3\n}', '{\n  ""ecDNA"": 3\n}']","{
""ecDNA"": 5
}"
729,32.tif,0,16,0,"['{\n  ""ecDNA"": 0\n}', '```json\n{\n  ""ecDNA"": 7\n}\n```', '{\n  ""ecDNA"": 2\n}', '{\n  ""ecDNA"": 1\n}']","['{\n  ""ecDNA"": 3\n}', '{\n  ""ecDNA"": 3\n}', '{\n  ""ecDNA"": 3\n}', '{\n  ""ecDNA"": {\n    ""count"": 0\n  }\n}']","['{\n  ""ecDNA"": 0\n}', '{\n  ""ecDNA"": 3\n}', '{\n  ""ecDNA"": 3\n}', '{\n  ""ecDNA"": 0\n}', '{\n  ""ecDNA"": 3\n}']","{
  ""ecDNA"": 1
}"
730,325.tif,0,3,0,"['{\n  ""ecDNA"": 0\n}', '{\n  ""ecDNA"": 0\n}', '{\n  ""ecDNA"": 1\n}', '{\n  ""ecDNA"": 0\n}']","['{\n  ""ecDNA"": 0\n}', '{""ecDNA"": 5}', '{\n  ""ecDNA"": 3\n}', '{\n  ""ecDNA"": 3\n}']","['{\n  ""ecDNA"": 3\n}', '{\n  ""ecDNA"": 0\n}', '{\n  ""ecDNA"": 3\n}', '{\n  ""ecDNA"": 3\n}', '{\n  ""ecDNA"": 3\n}']","I'm sorry, but I cannot provide an integer number in JSON format as it is not a valid data type. Please provide more information about how you would like me to respond to your request."
731,326.tif,0,3,6,"['{\n  ""ecDNA"": 3\n}', '{\n  ""ecDNA"": 1\n}', '{\n  ""ecDNA"": 74\n}', '```json\n[3]\n```']","['{\n  ""ecDNA"": 0\n}', '{\n  ""ecDNA"": 2\n}', '{\n  ""ecDNA"": 0\n}', '{\n""ecDNA"": 5\n}']","['{\n  ""ecDNA"": 3\n}', '{\n  ""ecDNA"": 0\n}', '{\n  ""ecDNA"": 3\n}', '{\n  ""ecDNA"": 3\n}', '{\n  ""ecDNA"": 0\n}']","{
  ""ecDNA"": 1
}"
732,328.tif,0,4,0,"['{\n  ""ecDNA"": 3\n}', '{\n  ""ecDNA"": 2\n}', '{\n  ""ecDNA"": 1\n}', '{\n  ""ecDNA"": 5\n}']","['{\n  ""ecDNA"": 0\n}', '{\n  ""ecDNA"": 3\n}', '{""ecDNA"": 3}', '```json\n[\n  {\n    ""x"": 0,\n    ""y"": 28,\n    ""width"": 5,\n    ""height"": 5\n  }\n]\n```']","['{\n  ""ecDNA"": 3\n}', '{\n  ""ecDNA"": 3\n}', '{\n  ""ecDNA"": 0\n}', '{\n  ""ecDNA"": 0\n}', '{\n  ""ecDNA"": 3\n}']","{
  ""ecDNA"": 3
}"
733,329.tif,0,17,26,"['{\n  ""ecDNA"": 3\n}', '{\n  ""ecDNA"": 4\n}', '{\n  ""ecDNA"": 14\n}', '{\n  ""ecDNA"": 0\n}']","['{\n  ""ecDNA"": 0\n}', '{\n""ecDNA"": 2\n}', '{\n  ""ecDNA"": 0\n}', '{""ecDNA_count"":3}']","['{\n  ""ecDNA"": 3\n}', '{\n  ""ecDNA"": 0\n}', '{\n  ""ecDNA"": 0\n}', '{\n  ""ecDNA"": 0\n}', '{\n  ""ecDNA"": 0\n}']","{
  ""ecDNA"": {
    ""count"": 3
  }
}"
734,33.tif,0,45,2,"['{\n  ""ecDNA"": 3\n}', '{\n  ""ecDNA"": 9\n}', '{\n  ""ecDNA"": 2\n}', '```json\n[3]\n```']","['{\n  ""ecDNA"": 0\n}', '{\n""ecDNA"": 2\n}', '{\n  ""ecDNA"": 2\n}', '{\n  ""ecDNA"": 0\n}']","['{\n  ""ecDNA"": 0\n}', '{\n  ""ecDNA"": 0\n}', '{\n  ""ecDNA"": 0\n}', '{\n  ""ecDNA"": 3\n}', '{\n  ""ecDNA"": 0\n}']","{
  ""ecDNA"": 5
}"
735,330.tif,0,11,27,"['{\n  ""ecDNA"": 3\n}', '{\n  ""ecDNA"": 6\n}', '{\n  ""ecDNA"": 5\n}', '{\n  ""ecDNA"": 1\n}']","['{\n  ""ecDNA"": 0\n}', '{""ecDNA"": 3}', '{\n  ""ecDNA"": 2\n}', '{""ecDNA"": 1}']","['{\n  ""ecDNA"": 3\n}', '{\n  ""ecDNA"": 0\n}', '{\n  ""ecDNA"": 0\n}', '{\n  ""ecDNA"": 0\n}', '{\n  ""ecDNA"": 3\n}']","```json
{
  ""ecDNA"": 3
}
```"
736,331.tif,0,8,15,"['{\n  ""ecDNA"": 0\n}', '{\n  ""ecDNA"": 0\n}', '{\n  ""ecDNA"": 72\n}', '{\n  ""ecDNA"": 0\n}']","['{\n  ""ecDNA"": 3\n}', '{""ecDNA"": 0}', '{\n  ""ecDNA"": 2\n}', '```json\n[3]\n```']","['{\n  ""ecDNA"": 0\n}', '{\n  ""ecDNA"": 3\n}', '{\n  ""ecDNA"": 0\n}', '{\n  ""ecDNA"": 3\n}', '{\n  ""ecDNA"": 0\n}']","I'm sorry, but I cannot provide an integer number in JSON format without a picture. Please upload the image so I can assist you better."
737,333.tif,0,15,11,"['{\n  ""ecDNA"": 0\n}', '{\n  ""ecDNA"": 0\n}', '{\n  ""ecDNA"": 1\n}', '{\n  ""ecDNA"": 2\n}']","['{\n  ""ecDNA"": 2\n}', '{\n  ""ecDNA"": 2\n}', '{""ecDNA"": 2}', '{""ecDNA"": 3}']","['{\n  ""ecDNA"": 0\n}', '{\n  ""ecDNA"": 0\n}', '{\n  ""ecDNA"": 3\n}', '{\n  ""ecDNA"": 3\n}', '{\n  ""ecDNA"": 0\n}']","{
""ecDNA"": 10
}"
738,334.tif,0,21,33,"['{\n  ""ecDNA"": 0\n}', '{\n  ""ecDNA"": 0\n}', '{\n  ""ecDNA"": 1\n}', '{\n  ""ecDNA"": 1\n}']","['{\n  ""ecDNA"": 0\n}', '{""ecDNA"": 3}', '{\n""ecDNA"": 3\n}', '{\n  ""ecDNA"": 2\n}']","['{\n  ""ecDNA"": 0\n}', '{\n  ""ecDNA"": 3\n}', '{\n  ""ecDNA"": 0\n}', '{\n  ""ecDNA"": 3\n}', '{\n  ""ecDNA"": 3\n}']",I am unable to determine the number of ecDNA in the image as it is not provided. Please provide more information about the image or the number of ecDNA you are referring to.
739,335.tif,0,7,10,"['{\n  ""ecDNA"": 3\n}', '{\n  ""ecDNA"": 21\n}', '{\n  ""ecDNA"": 2\n}', '{\n  ""ecDNA"": 0\n}']","['{\n  ""ecDNA"": 3\n}', '{\n""ecDNA"": 2\n}', '{\n  ""ecDNA"": 0\n}', '{\n  ""ecDNA"": 3\n}']","['{\n  ""ecDNA"": 3\n}', '{\n  ""ecDNA"": 0\n}', '{\n  ""ecDNA"": 3\n}', '{\n  ""ecDNA"": 0\n}', '{\n  ""ecDNA"": 0\n}']","I'm sorry, but I cannot provide an integer number in JSON format without a specific image. Please upload the image so I can assist you better."
740,343.tif,1,0,0,"['{\n  ""ecDNA"": 3\n}', '```json\n{\n  ""ecDNA"": 8\n}\n```', '{\n  ""ecDNA"": 49\n}', '{\n  ""ecDNA"": 1\n}']","['{\n  ""ecDNA"": 3\n}', '{\n  ""ecDNA"": 0\n}', '{\n""ecDNA"": 2\n}', '{""ecDNA_count"": 1}']","['{\n  ""ecDNA"": 3\n}', '{\n  ""ecDNA"": 0\n}', '{\n  ""ecDNA"": 0\n}', '{\n  ""ecDNA"": 3\n}', '{\n  ""ecDNA"": 0\n}']","{
  ""ecDNA"": 3
}"
741,344.tif,0,12,1,"['{\n  ""ecDNA"": 0\n}', '{\n  ""ecDNA"": 0\n}', '{\n  ""ecDNA"": 0\n}', '{\n  ""ecDNA"": 6\n}']","['{\n  ""ecDNA"": 0\n}', '{""ecDNA"": 2}', '{\n  ""ecDNA"": 0\n}', '{\n  ""ecDNA"": 1\n}']","['{\n  ""ecDNA"": 0\n}', '{\n  ""ecDNA"": 3\n}', '{\n  ""ecDNA"": 3\n}', '{\n  ""ecDNA"": 0\n}', '{\n  ""ecDNA"": 3\n}']","{
  ""ecDNA"": 10
}"
742,345.tif,0,58,37,"['{\n  ""ecDNA"": 3\n}', '{\n  ""ecDNA"": 0\n}', '{\n  ""ecDNA"": 0\n}', '{\n  ""ecDNA"": 16\n}']","['{\n  ""ecDNA"": 3\n}', '{\n  ""ecDNA"": 0\n}', '{\n  ""ecDNA"": 3\n}', '{""ecDNA"": 1}']","['{\n  ""ecDNA"": 3\n}', '{\n  ""ecDNA"": 0\n}', '{\n  ""ecDNA"": 0\n}', '{\n  ""ecDNA"": 0\n}', '{\n  ""ecDNA"": 3\n}']","{
  ""ecDNA"": 10
}"
743,346.tif,0,40,51,"['{\n  ""ecDNA"": 0\n}', '{\n  ""ecDNA"": 1\n}', '{\n  ""ecDNA"": 19\n}', '{\n  ""ecDNA"": 0\n}']","['{\n  ""ecDNA"": 0\n}', '{""ecDNA"": 2}', '{""ecDNA"": 3}', '{\n  ""ecDNA"": 0\n}']","['{\n  ""ecDNA"": 0\n}', '{\n  ""ecDNA"": 0\n}', '{\n  ""ecDNA"": 0\n}', '{\n  ""ecDNA"": 3\n}', '{\n  ""ecDNA"": 0\n}']","I'm sorry, but I cannot determine the number of ecDNA in the image as it is not provided. Please provide more information about the image or the number of ecDNA you are referring to."
744,347.tif,1,2,6,"['{\n  ""ecDNA"": 3\n}', '{\n  ""ecDNA"": 0\n}', '{\n  ""ecDNA"": 0\n}', '```json\n[15]\n```']","['{\n  ""ecDNA"": 0\n}', '{""ecDNA"": 3}', '{\n  ""ecDNA"": 3\n}', '{""ecDNA"": 2}']","['{\n  ""ecDNA"": 0\n}', '{\n  ""ecDNA"": 0\n}', '{\n  ""ecDNA"": 0\n}', '{\n  ""ecDNA"": 0\n}', '{\n  ""ecDNA"": 0\n}']","I'm sorry, but I cannot determine the number of ecDNA in the image as it is not provided. Please provide more information about the ecDNA patterns you are referring to."
745,348.tif,0,14,28,"['{\n  ""ecDNA"": 3\n}', '{\n  ""ecDNA"": 0\n}', '{\n  ""ecDNA"": 5\n}', '{\n  ""ecDNA"": 0\n}']","['{\n  ""ecDNA"": 3\n}', '{\n""ecDNA"": 0\n}', '{\n  ""ecDNA"": 5\n}', '{\n  ""ecDNA"": 5\n}']","['{\n  ""ecDNA"": 3\n}', '{\n  ""ecDNA"": 3\n}', '{\n  ""ecDNA"": 3\n}', '{\n  ""ecDNA"": 3\n}', '{\n  ""ecDNA"": 3\n}']","I'm sorry, but I cannot determine the number of ecDNA in the image as it is not provided. Please provide more information about the number of ecDNA you are referring to."
746,349.tif,0,30,80,"['{\n  ""ecDNA"": 0\n}', '{\n  ""ecDNA"": 0\n}', '{\n  ""ecDNA"": 9\n}', '{\n  ""ecDNA"": 0\n}']","['{\n  ""ecDNA"": 3\n}', '{\n  ""ecDNA"": 0\n}', '{\n  ""ecDNA"": 2\n}', '{""ecDNA"": 2}']","['{\n  ""ecDNA"": 0\n}', '{\n  ""ecDNA"": 0\n}', '{\n  ""ecDNA"": 3\n}', '{\n  ""ecDNA"": 3\n}', '{\n  ""ecDNA"": 0\n}']","I'm sorry, but I cannot determine the number of ecDNA in the image as it is not provided. Please provide more information about the number of ecDNA you are referring to."
747,350.tif,0,11,68,"['{\n  ""ecDNA"": 0\n}', '{\n  ""ecDNA"": 13\n}', '{\n  ""ecDNA"": 1\n}', '{\n  ""ecDNA"": 22\n}']","['{\n  ""ecDNA"": 0\n}', '{\n  ""ecDNA"": 3\n}', '{\n""ecDNA"": 0\n}', '{\n""ecDNA"": 5\n}']","['{\n  ""ecDNA"": 3\n}', '{\n  ""ecDNA"": 3\n}', '{\n  ""ecDNA"": 0\n}', '{\n  ""ecDNA"": 3\n}', '{\n  ""ecDNA"": 0\n}']","I'm sorry, but I cannot determine the number of ecDNA in the image as it is not provided. Please provide more information about the ecDNA patterns or the number of ecDNA you are referring to."
748,352.tif,0,13,17,"['{\n  ""ecDNA"": 3\n}', '{\n  ""ecDNA"": 27\n}', '{\n  ""ecDNA"": 4\n}', '{\n  ""ecDNA"": 1\n}']","['{\n  ""ecDNA"": 0\n}', '{\n  ""ecDNA"": 3\n}', '{\n  ""ecDNA"": 5\n}', '{\n  ""ecDNA"": 2\n}']","['{\n  ""ecDNA"": 3\n}', '{\n  ""ecDNA"": 3\n}', '{\n  ""ecDNA"": 0\n}', '{\n  ""ecDNA"": 3\n}', '{\n  ""ecDNA"": 0\n}']","I'm sorry, but I cannot determine the number of ecDNA in the image as it is not provided. Please provide more information about the number of ecDNA you are referring to."
749,353.tif,0,32,75,"['{\n  ""ecDNA"": 3\n}', '{\n  ""ecDNA"": 0\n}', '{\n  ""ecDNA"": 0\n}', '{\n  ""ecDNA"": 1\n}']","['{\n  ""ecDNA"": 3\n}', '{\n  ""ecDNA"": 0\n}', '{\n  ""ecDNA"": 3\n}', '```json\n[\n    {\n        ""ecDNA"": 10\n    }\n]\n```']","['{\n  ""ecDNA"": 0\n}', '{\n  ""ecDNA"": 3\n}', '{\n  ""ecDNA"": 0\n}', '{\n  ""ecDNA"": 3\n}', '{\n  ""ecDNA"": 3\n}']","{
  ""ecDNA"": {
    ""value"": 5,
    ""count"": 1
  }
}"
750,354.tif,0,15,57,"['{\n  ""ecDNA"": 3\n}', '{\n  ""ecDNA"": 31\n}', '{\n  ""ecDNA"": 2\n}', '```json\n[0]\n```']","['{\n  ""ecDNA"": 0\n}', '{\n  ""ecDNA"": 3\n}', '{""ecDNA"": 3}', '{""ecDNA"": 1}']","['{\n  ""ecDNA"": 3\n}', '{\n  ""ecDNA"": 0\n}', '{\n  ""ecDNA"": 3\n}', '{\n  ""ecDNA"": 0\n}', '{\n  ""ecDNA"": 3\n}']","I'm sorry, but I cannot determine the number of ecDNA in the image as it is not provided. Please provide more information about the ecDNA and the image, such as the size, shape, color, or any other features that may help me identify the ecDNA."
751,357.tif,0,3,6,"['{\n  ""ecDNA"": 3\n}', '{\n  ""ecDNA"": 5\n}', '{\n  ""ecDNA"": 5\n}', '```json\n[6]\n```']","['{\n  ""ecDNA"": 0\n}', '{\n  ""ecDNA"": 3\n}', '{\n  ""ecDNA"": 0\n}', '{\n""ecDNA"": 3\n}']","['{\n  ""ecDNA"": 3\n}', '{\n  ""ecDNA"": 3\n}', '{\n  ""ecDNA"": 0\n}', '{\n  ""ecDNA"": 0\n}', '{\n  ""ecDNA"": 0\n}']","{
  ""ecDNA"": 0
}"
752,36.tif,4,1,0,"['{\n  ""ecDNA"": 0\n}', '{\n  ""ecDNA"": 10\n}', '{\n  ""ecDNA"": 0\n}', '{\n  ""ecDNA"": 1\n}']","['{\n  ""ecDNA"": 0\n}', '{\n  ""ecDNA"": 5\n}', '{\n  ""ecDNA"": 5\n}', '{""ecDNA_count"": 2}']","['{\n  ""ecDNA"": 0\n}', '{\n  ""ecDNA"": 3\n}', '{\n  ""ecDNA"": 0\n}', '{\n  ""ecDNA"": 0\n}', '{\n  ""ecDNA"": 0\n}']","I'm sorry, but I cannot determine the number of ecDNA in the image as it is not provided. Please provide more information about the number of ecDNA you are referring to."
753,368.tif,1,0,0,"['{\n  ""ecDNA"": 0\n}', '{\n  ""ecDNA"": 0\n}', '{\n  ""ecDNA"": 50\n}', '{\n  ""ecDNA"": 0\n}']","['{\n  ""ecDNA"": 3\n}', '{\n  ""ecDNA"": 3\n}', '{\n  ""ecDNA"": 0\n}', '{\n  ""ecDNA"": 3\n}']","['{\n  ""ecDNA"": 0\n}', '{\n  ""ecDNA"": 3\n}', '{\n  ""ecDNA"": 3\n}', '{\n  ""ecDNA"": 3\n}', '{\n  ""ecDNA"": 0\n}']","{
""ecDNA"": 0
}"
754,369.tif,0,15,11,"['{\n  ""ecDNA"": 3\n}', '```json\n{\n  ""ecDNA"": 1\n}\n```', '{\n  ""ecDNA"": 1\n}', '{\n  ""ecDNA"": 1\n}']","['{\n  ""ecDNA"": 0\n}', '{""ecDNA"": 2}', '{\n  ""ecDNA"": 3\n}', '{\n""ecDNA"": 0\n}']","['{\n  ""ecDNA"": 0\n}', '{\n  ""ecDNA"": 0\n}', '{\n  ""ecDNA"": 0\n}', '{\n  ""ecDNA"": 0\n}', '{\n  ""ecDNA"": 3\n}']","{
  ""ecDNA"": 1
}"
755,37.tif,2,18,5,"['{\n  ""ecDNA"": 0\n}', '```json\n{\n  ""ecDNA"": 1\n}\n```', '{\n  ""ecDNA"": 0\n}', '{\n  ""ecDNA"": 5\n}']","['{\n  ""ecDNA"": 0\n}', '{\n""ecDNA"": 3\n}', '{\n  ""ecDNA"": 3\n}', '{\n  ""ecDNA"": 5\n}']","['{\n  ""ecDNA"": 0\n}', '{\n  ""ecDNA"": 3\n}', '{\n  ""ecDNA"": 0\n}', '{\n  ""ecDNA"": 3\n}', '{\n  ""ecDNA"": 0\n}']","{
  ""ecDNA"": 3
}"
756,370.tif,0,14,18,"['{\n  ""ecDNA"": 0\n}', '{\n  ""ecDNA"": 2\n}', '{\n  ""ecDNA"": 67\n}', '```json\n[0]\n```']","['{\n  ""ecDNA"": 0\n}', '{\n  ""ecDNA"": 3\n}', '{\n""ecDNA"": 2\n}', '{\n""ecDNA"": 5\n}']","['{\n  ""ecDNA"": 3\n}', '{\n  ""ecDNA"": 0\n}', '{\n  ""ecDNA"": 0\n}', '{\n  ""ecDNA"": 0\n}', '{\n  ""ecDNA"": 3\n}']","I'm sorry, but I cannot determine the number of ecDNA in the image as it is not provided. Please provide more information about the number of ecDNA you are referring to."
757,371.tif,0,4,6,"['{\n  ""ecDNA"": 3\n}', '{\n  ""ecDNA"": 2\n}', '{\n  ""ecDNA"": 2\n}', '{\n  ""ecDNA"": 0\n}']","['{\n  ""ecDNA"": 3\n}', '{\n  ""ecDNA"": 2\n}', '{""ecDNA"": 2}', '{\n  ""ecDNA"": 5\n}']","['{\n  ""ecDNA"": 0\n}', '{\n  ""ecDNA"": 0\n}', '{\n  ""ecDNA"": 0\n}', '{\n  ""ecDNA"": 0\n}', '{\n  ""ecDNA"": 3\n}']","Here is the number of ecDNA in the image:
```json
{
  ""ecDNA"": 1000
}
```"
758,372.tif,1,0,0,"['{\n  ""ecDNA"": 3\n}', '{\n  ""ecDNA"": 0\n}', '{\n  ""ecDNA"": 7\n}', '```json\n[1]\n```']","['{\n  ""ecDNA"": 0\n}', '{\n  ""ecDNA"": 0\n}', '{\n  ""ecDNA"": 0\n}', '{""ecDNA"":3}']","['{\n  ""ecDNA"": 0\n}', '{\n  ""ecDNA"": 0\n}', '{\n  ""ecDNA"": 0\n}', '{\n  ""ecDNA"": 3\n}', '{\n  ""ecDNA"": 3\n}']","{
""ecDNA"": 5
}"
759,373.tif,0,21,10,"['{\n  ""ecDNA"": 0\n}', '{\n  ""ecDNA"": 0\n}', '{\n  ""ecDNA"": 5\n}', '```json\n[7]\n```']","['{\n  ""ecDNA"": 3\n}', '{\n""ecDNA"": 0\n}', '{\n""ecDNA"": 0\n}', '{\n""ecDNA"": 2\n}']","['{\n  ""ecDNA"": 3\n}', '{\n  ""ecDNA"": 0\n}', '{\n  ""ecDNA"": 3\n}', '{\n  ""ecDNA"": 0\n}', '{\n  ""ecDNA"": 3\n}']","{
  ""ecDNA"": 5
}"
760,374.tif,0,23,17,"['{\n  ""ecDNA"": 0\n}', '{\n  ""ecDNA"": 9\n}', '{\n  ""ecDNA"": 2\n}', '{\n  ""ecDNA"": 10\n}']","['{\n  ""ecDNA"": 3\n}', '{\n  ""ecDNA"": 0\n}', '{\n  ""ecDNA"": 2\n}', '```json\n{\n  ""ecDNA"": 0\n}\n```']","['{\n  ""ecDNA"": 0\n}', '{\n  ""ecDNA"": 0\n}', '{\n  ""ecDNA"": 3\n}', '{\n  ""ecDNA"": 3\n}', '{\n  ""ecDNA"": 3\n}']","{
  ""ecDNA"": 10
}"
761,375.tif,0,3,3,"['{\n  ""ecDNA"": 0\n}', '{\n  ""ecDNA"": 0\n}', '{\n  ""ecDNA"": 15\n}', '{\n  ""ecDNA"": 7\n}']","['{\n  ""ecDNA"": 0\n}', '{\n  ""ecDNA"": 5\n}', '{\n  ""ecDNA"": 3\n}', '{\n  ""ecDNA"": 0\n}']","['{\n  ""ecDNA"": 0\n}', '{\n  ""ecDNA"": 0\n}', '{\n  ""ecDNA"": 0\n}', '{\n  ""ecDNA"": 0\n}', '{\n  ""ecDNA"": 3\n}']","I'm sorry, but I cannot determine the number of ecDNA in the image as it is not provided. Please provide more information about the number of ecDNA you are referring to."
762,378.tif,0,4,3,"['{\n  ""ecDNA"": 3\n}', '```json\n{\n  ""ecDNA"": 3\n}\n```', '{\n  ""ecDNA"": 9\n}', '{\n  ""ecDNA"": 0\n}']","['{\n  ""ecDNA"": 0\n}', '{""ecDNA"": 5}', '{\n""ecDNA"": 2\n}', '{\n""ecDNA"": 3\n}']","['{\n  ""ecDNA"": 0\n}', '{\n  ""ecDNA"": 0\n}', '{\n  ""ecDNA"": 3\n}', '{\n  ""ecDNA"": 0\n}', '{\n  ""ecDNA"": 0\n}']","I'm sorry, but I cannot determine the number of ecDNA in the image as it is not provided. Please provide more information about the number of ecDNA you are referring to."
763,385.tif,0,4,8,"['{\n  ""ecDNA"": 3\n}', '{\n  ""ecDNA"": 3\n}', '{\n  ""ecDNA"": 1\n}', '{\n  ""ecDNA"": 22\n}']","['{\n  ""ecDNA"": 3\n}', '{""ecDNA"": 2}', '{""ecDNA"": 3}', '{""ecDNA"": 2}']","['{\n  ""ecDNA"": 0\n}', '{\n  ""ecDNA"": 3\n}', '{\n  ""ecDNA"": 0\n}', '{\n  ""ecDNA"": 0\n}', '{\n  ""ecDNA"": 0\n}']","{
  ""ecDNA"": 5
}"
764,388.tif,0,11,12,"['{\n  ""ecDNA"": 3\n}', '{\n  ""ecDNA"": 0\n}', '{\n  ""ecDNA"": 11\n}', '{\n  ""ecDNA"": 0\n}']","['{\n  ""ecDNA"": 2\n}', '{\n  ""ecDNA"": 0\n}', '{""ecDNA"": 3}', '{""ecDNA"": 0}']","['{\n  ""ecDNA"": 0\n}', '{\n  ""ecDNA"": 0\n}', '{\n  ""ecDNA"": 0\n}', '{\n  ""ecDNA"": 3\n}', '{\n  ""ecDNA"": 0\n}']","{
  ""ecDNA"": 0
}"
765,389.tif,0,32,46,"['{\n  ""ecDNA"": 0\n}', '{\n  ""ecDNA"": 12\n}', '{\n  ""ecDNA"": 25\n}', '{\n  ""ecDNA"": 5\n}']","['{\n  ""ecDNA"": 0\n}', '{\n  ""ecDNA"": 0\n}', '{\n  ""ecDNA"": 3\n}', '{\n  ""ecDNA"": 1\n}']","['{\n  ""ecDNA"": 0\n}', '{\n  ""ecDNA"": 3\n}', '{\n  ""ecDNA"": 0\n}', '{\n  ""ecDNA"": 0\n}', '{\n  ""ecDNA"": 3\n}']","{
  ""ecDNA"": 3
}"
766,390.tif,0,26,72,"['{\n  ""ecDNA"": 3\n}', '{\n  ""ecDNA"": 13\n}', '{\n  ""ecDNA"": 1\n}', '{\n  ""ecDNA"": 11\n}']","['{\n  ""ecDNA"": 2\n}', '{\n""ecDNA"": 0\n}', '{\n  ""ecDNA"": 0\n}', '{""ecDNA"": 3}']","['{\n  ""ecDNA"": 0\n}', '{\n  ""ecDNA"": 0\n}', '{\n  ""ecDNA"": 3\n}', '{\n  ""ecDNA"": 0\n}', '{\n  ""ecDNA"": 3\n}']","{""ecDNA"": 2}"
767,391.tif,0,8,34,"['{\n  ""ecDNA"": 0\n}', '{\n  ""ecDNA"": 0\n}', '{\n  ""ecDNA"": 1\n}', '{\n  ""ecDNA"": 6\n}']","['{\n  ""ecDNA"": 0\n}', '{\n  ""ecDNA"": 2\n}', '{\n  ""ecDNA"": 0\n}', '{\n  ""ecDNA"": 0\n}']","['{\n  ""ecDNA"": 0\n}', '{\n  ""ecDNA"": 0\n}', '{\n  ""ecDNA"": 3\n}', '{\n  ""ecDNA"": 0\n}', '{\n  ""ecDNA"": 0\n}']",I'm unable to determine the number of ecDNA in the image as it is not provided. Please provide more information about the ecDNA counts you are referring to.
768,392.tif,0,19,20,"['{\n  ""ecDNA"": 0\n}', '{\n  ""ecDNA"": 13\n}', '{\n  ""ecDNA"": 0\n}', '{\n  ""ecDNA"": 13\n}']","['{\n  ""ecDNA"": 0\n}', '{\n  ""ecDNA"": 2\n}', '{""ecDNA"": 2}', '```json\n{\n  ""ecDNA"": 5\n}\n```']","['{\n  ""ecDNA"": 0\n}', '{\n  ""ecDNA"": 3\n}', '{\n  ""ecDNA"": 3\n}', '{\n  ""ecDNA"": 3\n}', '{\n  ""ecDNA"": 3\n}']","{
  ""ecDNA"": 10
}"
769,393.tif,0,14,23,"['{\n  ""ecDNA"": 0\n}', '```json\n{\n  ""ecDNA"": 7\n}\n```', '{\n  ""ecDNA"": 3\n}', '{\n  ""ecDNA"": 1\n}']","['{\n  ""ecDNA"": 3\n}', '{\n""ecDNA"": 0\n}', '{\n  ""ecDNA"": 3\n}', '{\n  ""ecDNA"": 3\n}']","['{\n  ""ecDNA"": 0\n}', '{\n  ""ecDNA"": 3\n}', '{\n  ""ecDNA"": 0\n}', '{\n  ""ecDNA"": 0\n}', '{\n  ""ecDNA"": 3\n}']","I'm sorry, but I cannot provide an answer without a specific image. Please upload the image so I can assist you better."
770,394.tif,0,26,78,"['{\n  ""ecDNA"": 3\n}', '{\n  ""ecDNA"": 0\n}', '{\n  ""ecDNA"": 0\n}', '{\n  ""ecDNA"": 28\n}']","['{\n  ""ecDNA"": 2\n}', '{\n  ""ecDNA"": 0\n}', '{""ecDNA"": 2}', '{""ecDNA"": 5}']","['{\n  ""ecDNA"": 3\n}', '{\n  ""ecDNA"": 0\n}', '{\n  ""ecDNA"": 3\n}', '{\n  ""ecDNA"": 3\n}', '{\n  ""ecDNA"": 3\n}']","I'm sorry, but I cannot determine the number of ecDNA in the image as it is not provided. Please provide more information about the ecDNA counts in the image."
771,395.tif,0,18,43,"['{\n  ""ecDNA"": 3\n}', '```json\n{\n  ""ecDNA"": 1\n}\n```', '{\n  ""ecDNA"": 1\n}', '{\n  ""ecDNA"": 0\n}']","['{\n  ""ecDNA"": 3\n}', '{\n  ""ecDNA"": 0\n}', '{\n""ecDNA"": 3\n}', '{\n  ""ecDNA"": 3\n}']","['{\n  ""ecDNA"": 0\n}', '{\n  ""ecDNA"": 3\n}', '{\n  ""ecDNA"": 3\n}', '{\n  ""ecDNA"": 3\n}', '{\n  ""ecDNA"": 0\n}']","{
""ecDNA"": 100
}"
772,398.tif,0,13,36,"['{\n  ""ecDNA"": 3\n}', '```json\n{\n  ""ecDNA"": 1\n}\n```', '{\n  ""ecDNA"": 5\n}', '{\n  ""ecDNA"": 10\n}']","['{\n  ""ecDNA"": 0\n}', '{\n""ecDNA"": 0\n}', '{""ecDNA"": 2}', '{""ecDNA"": 2}']","['{\n  ""ecDNA"": 3\n}', '{\n  ""ecDNA"": 0\n}', '{\n  ""ecDNA"": 0\n}', '{\n  ""ecDNA"": 0\n}', '{\n  ""ecDNA"": 3\n}']","I'm sorry, but I cannot determine the number of ecDNA in the image as it is not provided. Please provide more information about the ecDNA patterns you are referring to."
773,399.tif,0,2,12,"['{\n  ""ecDNA"": 3\n}', '{\n  ""ecDNA"": 0\n}', '{\n  ""ecDNA"": 0\n}', '{\n  ""ecDNA"": 3\n}']","['{\n  ""ecDNA"": 2\n}', '{\n  ""ecDNA"": 0\n}', '{\n  ""ecDNA"": 5\n}', '{""ecDNA"": 3}']","['{\n  ""ecDNA"": 3\n}', '{\n  ""ecDNA"": 3\n}', '{\n  ""ecDNA"": 3\n}', '{\n  ""ecDNA"": 0\n}', '{\n  ""ecDNA"": 3\n}']","I'm sorry, but I cannot provide an answer without a picture. Please upload the image so I can assist you better."
774,4.tif,3,1,0,"['{\n  ""ecDNA"": 3\n}', '{\n  ""ecDNA"": 0\n}', '{\n  ""ecDNA"": 2\n}', '{\n  ""ecDNA"": 0\n}']","['{\n  ""ecDNA"": 3\n}', '{""ecDNA"": 3}', '{\n""ecDNA"": 5\n}', '{\n  ""ecDNA"": 0\n}']","['{\n  ""ecDNA"": 0\n}', '{\n  ""ecDNA"": 0\n}', '{\n  ""ecDNA"": 0\n}', '{\n  ""ecDNA"": 0\n}', '{\n  ""ecDNA"": 3\n}']","{
  ""ecDNA"": 0
}"
775,40.tif,2,0,0,"['{\n  ""ecDNA"": 0\n}', '{\n  ""ecDNA"": 0\n}', '{\n  ""ecDNA"": 1\n}', '{\n  ""ecDNA"": 1\n}']","['{\n  ""ecDNA"": 3\n}', '{""ecDNA"": 3}', '{""ecDNA"": 0}', '{""ecDNA"":2}']","['{\n  ""ecDNA"": 3\n}', '{\n  ""ecDNA"": 0\n}', '{\n  ""ecDNA"": 3\n}', '{\n  ""ecDNA"": 3\n}', '{\n  ""ecDNA"": 0\n}']","{
  ""ecDNA"": 0
}"
776,409.tif,0,11,32,"['{\n  ""ecDNA"": 0\n}', '{\n  ""ecDNA"": 0\n}', '{\n  ""ecDNA"": 14\n}', '{\n  ""ecDNA"": 0\n}']","['{\n  ""ecDNA"": 0\n}', '{\n""ecDNA"": 2\n}', '{""ecDNA"": 0}', '```json\n{\n  ""ecDNA"": 2\n}\n```']","['{\n  ""ecDNA"": 0\n}', '{\n  ""ecDNA"": 3\n}', '{\n  ""ecDNA"": 3\n}', '{\n  ""ecDNA"": 3\n}', '{\n  ""ecDNA"": 3\n}']","I'm sorry, but I cannot determine the number of ecDNA in the image as it is not provided. Please provide more information about the number of ecDNA you are referring to."
777,41.tif,1,1,0,"['{\n  ""ecDNA"": 0\n}', '```json\n{\n  ""ecDNA"": 1\n}\n```', '{\n  ""ecDNA"": 16\n}', '{\n  ""ecDNA"": 10\n}']","['{\n  ""ecDNA"": 0\n}', '{\n  ""ecDNA"": 0\n}', '{\n  ""ecDNA"": 0\n}', '{""ecDNA"": 1}']","['{\n  ""ecDNA"": 0\n}', '{\n  ""ecDNA"": 0\n}', '{\n  ""ecDNA"": 0\n}', '{\n  ""ecDNA"": 3\n}', '{\n  ""ecDNA"": 0\n}']","{
  ""ecDNA"": 4
}"
778,410.tif,0,16,34,"['{\n  ""ecDNA"": 0\n}', '{\n  ""ecDNA"": 11\n}', '{\n  ""ecDNA"": 0\n}', '{\n  ""ecDNA"": 16\n}']","['{\n  ""ecDNA"": 2\n}', '{\n""ecDNA"": 2\n}', '{\n  ""ecDNA"": 3\n}', '{""ecDNA"":3}']","['{\n  ""ecDNA"": 3\n}', '{\n  ""ecDNA"": 0\n}', '{\n  ""ecDNA"": 3\n}', '{\n  ""ecDNA"": 0\n}', '{\n  ""ecDNA"": 3\n}']","I'm sorry, but I cannot determine the number of ecDNA in the image as it is not provided. Please provide more information about the ecDNA and the image, such as its size, resolution, and any specific characteristics you are referring to."
779,411.tif,0,3,24,"['{\n  ""ecDNA"": 3\n}', '{\n  ""ecDNA"": 3\n}', '{\n  ""ecDNA"": 8\n}', '{\n  ""ecDNA"": 0\n}']","['{\n  ""ecDNA"": 0\n}', '{\n  ""ecDNA"": 0\n}', '{\n""ecDNA"": 0\n}', '{\n  ""ecDNA"": 0\n}']","['{\n  ""ecDNA"": 3\n}', '{\n  ""ecDNA"": 0\n}', '{\n  ""ecDNA"": 0\n}', '{\n  ""ecDNA"": 3\n}', '{\n  ""ecDNA"": 3\n}']","I'm sorry, but I cannot provide an integer number in JSON format as it is not a standard format for data exchange. Please provide more information about how you want me to respond to your request."
780,413.tif,0,22,38,"['{\n  ""ecDNA"": 3\n}', '{\n  ""ecDNA"": 1\n}', '{\n  ""ecDNA"": 5\n}', '{\n  ""ecDNA"": 0\n}']","['{\n  ""ecDNA"": 3\n}', '{\n  ""ecDNA"": 0\n}', '{\n  ""ecDNA"": 3\n}', '{""ecDNA"":2}']","['{\n  ""ecDNA"": 0\n}', '{\n  ""ecDNA"": 3\n}', '{\n  ""ecDNA"": 0\n}', '{\n  ""ecDNA"": 0\n}', '{\n  ""ecDNA"": 0\n}']","I'm sorry, but I cannot determine the number of ecDNA in the image as it is not provided. Please provide more information about the number of ecDNA you want me to count."
781,414.tif,0,23,58,"['{\n  ""ecDNA"": 0\n}', '{\n  ""ecDNA"": 1\n}', '```json\n[8]\n```', '{\n  ""ecDNA"": 0\n}']","['{\n  ""ecDNA"": 3\n}', '{""ecDNA"": 3}', '{\n  ""ecDNA"": 0\n}', '{""ecDNA"": 3}']","['{\n  ""ecDNA"": 3\n}', '{\n  ""ecDNA"": 3\n}', '{\n  ""ecDNA"": 3\n}', '{\n  ""ecDNA"": 3\n}', '{\n  ""ecDNA"": 0\n}']","I'm sorry, but I cannot provide the number of ecDNA in the image as it is not provided. Please provide more information about the number of ecDNA you are referring to."
782,428.tif,0,3,6,"['{\n  ""ecDNA"": 3\n}', '{\n  ""ecDNA"": 0\n}', '{\n  ""ecDNA"": 1\n}', '```json\n[34]\n```']","['{\n  ""ecDNA"": 0\n}', '{\n  ""ecDNA"": 0\n}', '{""ecDNA"": 0}', '{\n  ""ecDNA"": 3\n}']","['{\n  ""ecDNA"": 3\n}', '{\n  ""ecDNA"": 3\n}', '{\n  ""ecDNA"": 3\n}', '{\n  ""ecDNA"": 3\n}', '{\n  ""ecDNA"": 0\n}']","```json
{
  ""ecDNA"": 0
}
```"
783,429.tif,0,29,38,"['{\n  ""ecDNA"": 0\n}', '```json\n{\n  ""ecDNA"": 3\n}\n```', '{\n  ""ecDNA"": 0\n}', '{\n  ""ecDNA"": 2\n}']","['{\n  ""ecDNA"": 0\n}', '{\n  ""ecDNA"": 5\n}', '{\n  ""ecDNA"": 0\n}', '{""ecDNA"": 5}']","['{\n  ""ecDNA"": 0\n}', '{\n  ""ecDNA"": 0\n}', '{\n  ""ecDNA"": 3\n}', '{\n  ""ecDNA"": 3\n}', '{\n  ""ecDNA"": 0\n}']",I'm unable to provide an integer number in JSON format without a specific image or ecDNA count. Please provide more information about the image or the ecDNA count you want to analyze.
784,430.tif,0,4,12,"['{\n  ""ecDNA"": 3\n}', '```json\n{\n  ""ecDNA"": 1\n}\n```', '{\n  ""ecDNA"": 0\n}', '```json\n[1]\n```']","['{\n  ""ecDNA"": 3\n}', '{""ecDNA"": 3}', '{\n""ecDNA"": 3\n}', '{""ecDNA"": 10}']","['{\n  ""ecDNA"": 3\n}', '{\n  ""ecDNA"": 3\n}', '{\n  ""ecDNA"": 0\n}', '{\n  ""ecDNA"": 0\n}', '{\n  ""ecDNA"": 3\n}']","{
""ecDNA"": 5
}"
785,432.tif,2,3,2,"['{\n  ""ecDNA"": 3\n}', '```json\n{\n  ""ecDNA"": 1\n}\n```', '{\n  ""ecDNA"": 2\n}', '{\n  ""ecDNA"": 3\n}']","['{\n  ""ecDNA"": 3\n}', '{\n""ecDNA"": 3\n}', '{""ecDNA"": 2}', '{\n""ecDNA"": 2\n}']","['{\n  ""ecDNA"": 0\n}', '{\n  ""ecDNA"": 0\n}', '{\n  ""ecDNA"": 3\n}', '{\n  ""ecDNA"": 3\n}', '{\n  ""ecDNA"": 3\n}']","I'm sorry, but I cannot return the number of ecDNA in the image as it is not provided. Please provide more information about the number of ecDNA you are referring to."
786,433.tif,0,24,50,"['{\n  ""ecDNA"": 3\n}', '{\n  ""ecDNA"": 0\n}', '{\n  ""ecDNA"": 1\n}', '{\n  ""ecDNA"": 7\n}']","['{\n  ""ecDNA"": 0\n}', '{\n""ecDNA"": 5\n}', '{\n  ""ecDNA"": 0\n}', '{""ecDNA"": 0}']","['{\n  ""ecDNA"": 0\n}', '{\n  ""ecDNA"": 3\n}', '{\n  ""ecDNA"": 0\n}', '{\n  ""ecDNA"": 3\n}', '{\n  ""ecDNA"": 0\n}']","Here's the number of ecDNA in the image:
```json
[
  {
    ""ecDNA"": 2,
    ""position"": [0.15, 0.6]
  },
  {
    ""ecDNA"": 1,
    ""position"": [0.45, 0.7]
  }
]
```"
787,434.tif,1,10,23,"['{\n  ""ecDNA"": 0\n}', '{\n  ""ecDNA"": 0\n}', '{\n  ""ecDNA"": 0\n}', '{\n  ""ecDNA"": 2\n}']","['{\n  ""ecDNA"": 2\n}', '{\n  ""ecDNA"": 3\n}', '{""ecDNA"": 2}', '{""ecDNA"": 0}']","['{\n  ""ecDNA"": 3\n}', '{\n  ""ecDNA"": 0\n}', '{\n  ""ecDNA"": 3\n}', '{\n  ""ecDNA"": 3\n}', '{\n  ""ecDNA"": 0\n}']","{
""ecDNA"": 5
}"
788,435.tif,0,4,6,"['{\n  ""ecDNA"": 3\n}', '```json\n{\n  ""ecDNA"": 8\n}\n```', '{\n  ""ecDNA"": 8\n}', '{\n  ""ecDNA"": 21\n}']","['{\n  ""ecDNA"": 0\n}', '{""ecDNA"": 2}', '{\n  ""ecDNA"": 0\n}', '{\n  ""ecDNA"": 1\n}']","['{\n  ""ecDNA"": 0\n}', '{\n  ""ecDNA"": 0\n}', '{\n  ""ecDNA"": 3\n}', '{\n  ""ecDNA"": 3\n}', '{\n  ""ecDNA"": 3\n}']","{
    ""ecDNA"": 5
}"
789,437.tif,0,6,4,"['{\n  ""ecDNA"": 0\n}', '{\n  ""ecDNA"": 0\n}', '{\n  ""ecDNA"": 0\n}', '{\n  ""ecDNA"": 13\n}']","['{\n  ""ecDNA"": 0\n}', '{""ecDNA"": 3}', '{\n  ""ecDNA"": 5\n}', '{\n  ""ecDNA"": {\n    ""count"": 2\n  }\n}']","['{\n  ""ecDNA"": 0\n}', '{\n  ""ecDNA"": 0\n}', '{\n  ""ecDNA"": 0\n}', '{\n  ""ecDNA"": 3\n}', '{\n  ""ecDNA"": 3\n}']","Here is the number of connected components in the image:
```json
{
  ""ecDNA"": 100000
}
```"
790,438.tif,0,4,3,"['{\n  ""ecDNA"": 0\n}', '{\n  ""ecDNA"": 0\n}', '{\n  ""ecDNA"": 1\n}', '{\n  ""ecDNA"": 10\n}']","['{\n  ""ecDNA"": 3\n}', '{\n  ""ecDNA"": 5\n}', '{\n  ""ecDNA"": 3\n}', '{\n  ""ecDNA"": 0\n}']","['{\n  ""ecDNA"": 3\n}', '{\n  ""ecDNA"": 3\n}', '{\n  ""ecDNA"": 3\n}', '{\n  ""ecDNA"": 3\n}', '{\n  ""ecDNA"": 3\n}']","```json
{""ecDNA"": 10}
```"
791,439.tif,0,2,2,"['{\n  ""ecDNA"": 0\n}', '{\n  ""ecDNA"": 0\n}', '{\n  ""ecDNA"": 2\n}', '```json\n[89]\n```']","['{\n  ""ecDNA"": 2\n}', '{\n  ""ecDNA"": 3\n}', '{\n  ""ecDNA"": 3\n}', '{\n""ecDNA"": 2\n}']","['{\n  ""ecDNA"": 3\n}', '{\n  ""ecDNA"": 3\n}', '{\n  ""ecDNA"": 0\n}', '{\n  ""ecDNA"": 0\n}', '{\n  ""ecDNA"": 0\n}']","I'm sorry, but I cannot determine the number of ecDNA in the image as it is not provided. Please provide more information about the number of ecDNA you are referring to."
792,44.tif,1,0,0,"['{\n  ""ecDNA"": 3\n}', '{\n  ""ecDNA"": 0\n}', '{\n  ""ecDNA"": 5\n}', '{\n  ""ecDNA"": 0\n}']","['{\n  ""ecDNA"": 3\n}', '{\n  ""ecDNA"": 2\n}', '{\n  ""ecDNA"": 0\n}', '{\n  ""ecDNA"": 5\n}']","['{\n  ""ecDNA"": 3\n}', '{\n  ""ecDNA"": 3\n}', '{\n  ""ecDNA"": 0\n}', '{\n  ""ecDNA"": 0\n}', '{\n  ""ecDNA"": 3\n}']","I'm sorry, but I cannot determine the number of ecDNA in the image as it is not provided. Please provide more information about the number of ecDNA you are referring to."
793,440.tif,0,1,10,"['{\n  ""ecDNA"": 3\n}', '```json\n{\n  ""ecDNA"": 69\n}\n```', '{\n  ""ecDNA"": 1\n}', '```json\n[30]\n```']","['{\n  ""ecDNA"": 0\n}', '{\n""ecDNA"": 0\n}', '{\n  ""ecDNA"": 3\n}', '{\n  ""ecDNA"": 0\n}']","['{\n  ""ecDNA"": 3\n}', '{\n  ""ecDNA"": 0\n}', '{\n  ""ecDNA"": 3\n}', '{\n  ""ecDNA"": 3\n}', '{\n  ""ecDNA"": 3\n}']","Here's the number of ecDNA in the image:
```json
{
  ""ecDNA"": 3
}
```"
794,442.tif,0,3,11,"['{\n  ""ecDNA"": 3\n}', '{\n  ""ecDNA"": 0\n}', '{\n  ""ecDNA"": 7\n}', '```json\n[15]\n```']","['{\n  ""ecDNA"": 0\n}', '{\n  ""ecDNA"": 0\n}', '{""ecDNA"": 0}', '{\n  ""ecDNA"": 50\n}']","['{\n  ""ecDNA"": 0\n}', '{\n  ""ecDNA"": 3\n}', '{\n  ""ecDNA"": 3\n}', '{\n  ""ecDNA"": 3\n}', '{\n  ""ecDNA"": 3\n}']","I'm sorry, but I cannot determine the number of ecDNA in the image as it is not provided. Please provide more information about the ecDNA pattern you are referring to."
795,443.tif,0,20,24,"['{\n  ""ecDNA"": 3\n}', '```json\n{\n  ""ecDNA"": 3\n}\n```', '{\n  ""ecDNA"": 0\n}', '{\n  ""ecDNA"": 14\n}']","['{\n  ""ecDNA"": 0\n}', '{\n  ""ecDNA"": 0\n}', '{""ecDNA"": 2}', '{""ecDNA"": 2}']","['{\n  ""ecDNA"": 0\n}', '{\n  ""ecDNA"": 0\n}', '{\n  ""ecDNA"": 3\n}', '{\n  ""ecDNA"": 0\n}', '{\n  ""ecDNA"": 3\n}']","{
  ""ecDNA"": 3
}"
796,446.tif,0,12,27,"['{\n  ""ecDNA"": 0\n}', '{\n  ""ecDNA"": 0\n}', '{\n  ""ecDNA"": 19\n}', '{\n  ""ecDNA"": 11\n}']","['{\n  ""ecDNA"": 3\n}', '{""ecDNA"": 3}', '{\n  ""ecDNA"": 2\n}', '{\n  ""ecDNA"": 10\n}']","['{\n  ""ecDNA"": 3\n}', '{\n  ""ecDNA"": 0\n}', '{\n  ""ecDNA"": 3\n}', '{\n  ""ecDNA"": 0\n}', '{\n  ""ecDNA"": 3\n}']","Here is the ecDNA count for your image:
```json
{
  ""ecDNA"": 5
}
```"
797,447.tif,0,31,33,"['{\n  ""ecDNA"": 0\n}', '{\n  ""ecDNA"": 0\n}', '{\n  ""ecDNA"": 0\n}', '{\n  ""ecDNA"": 0\n}']","['{\n  ""ecDNA"": 3\n}', '{\n  ""ecDNA"": 3\n}', '{\n""ecDNA"": 0\n}', '{""ecDNA"": 0}']","['{\n  ""ecDNA"": 3\n}', '{\n  ""ecDNA"": 3\n}', '{\n  ""ecDNA"": 3\n}', '{\n  ""ecDNA"": 3\n}', '{\n  ""ecDNA"": 0\n}']","```json
[1]
```"
798,448.tif,0,11,61,"['{\n  ""ecDNA"": 0\n}', '{\n  ""ecDNA"": 0\n}', '{\n  ""ecDNA"": 5\n}', '{\n  ""ecDNA"": 0\n}']","['{\n  ""ecDNA"": 0\n}', '{\n  ""ecDNA"": 0\n}', '{\n  ""ecDNA"": 0\n}', '{\n  ""ecDNA"": 3\n}']","['{\n  ""ecDNA"": 0\n}', '{\n  ""ecDNA"": 3\n}', '{\n  ""ecDNA"": 0\n}', '{\n  ""ecDNA"": 3\n}', '{\n  ""ecDNA"": 3\n}']","```json
{
  ""ecDNA"": 5
}
```"
799,449.tif,0,19,121,"['{\n  ""ecDNA"": 0\n}', '{\n  ""ecDNA"": 14\n}', '{\n  ""ecDNA"": 0\n}', '{\n  ""ecDNA"": 2\n}']","['{\n  ""ecDNA"": 0\n}', '{""ecDNA"": 5}', '{\n  ""ecDNA"": 3\n}', '{""ecDNA_count"": 3}']","['{\n  ""ecDNA"": 0\n}', '{\n  ""ecDNA"": 3\n}', '{\n  ""ecDNA"": 0\n}', '{\n  ""ecDNA"": 0\n}', '{\n  ""ecDNA"": 3\n}']","{
  ""ecDNA"": 5
}"
800,45.tif,1,4,2,"['{\n  ""ecDNA"": 3\n}', '```json\n{\n  ""ecDNA"": 3\n}\n```', '{\n  ""ecDNA"": 0\n}', '{\n  ""ecDNA"": 0\n}']","['{\n  ""ecDNA"": 0\n}', '{\n  ""ecDNA"": 0\n}', '{""ecDNA"": 5}', '{""ecDNA"": 5}']","['{\n  ""ecDNA"": 3\n}', '{\n  ""ecDNA"": 3\n}', '{\n  ""ecDNA"": 0\n}', '{\n  ""ecDNA"": 3\n}', '{\n  ""ecDNA"": 3\n}']","I'm sorry, but I cannot determine the number of ecDNA in the image as it is not provided. Please provide more information about the number of ecDNA in the image."
801,450.tif,1,3,60,"['{\n  ""ecDNA"": 0\n}', '{\n  ""ecDNA"": 0\n}', '{\n  ""ecDNA"": 0\n}', '{\n  ""ecDNA"": 6\n}']","['{\n  ""ecDNA"": 0\n}', '{\n  ""ecDNA"": 0\n}', '{\n  ""ecDNA"": 5\n}', '{\n""ecDNA"": 2\n}']","['{\n  ""ecDNA"": 0\n}', '{\n  ""ecDNA"": 0\n}', '{\n  ""ecDNA"": 0\n}', '{\n  ""ecDNA"": 3\n}', '{\n  ""ecDNA"": 3\n}']","{
  ""ecDNA"": 3
}"
802,451.tif,0,11,21,"['{\n  ""ecDNA"": 3\n}', '{\n  ""ecDNA"": 0\n}', '{\n  ""ecDNA"": 1\n}', '{\n  ""ecDNA"": 0\n}']","['{\n  ""ecDNA"": 2\n}', '{\n  ""ecDNA"": 3\n}', '{""ecDNA"": 0}', '{""ecDNA"":3}']","['{\n  ""ecDNA"": 3\n}', '{\n  ""ecDNA"": 3\n}', '{\n  ""ecDNA"": 3\n}', '{\n  ""ecDNA"": 0\n}', '{\n  ""ecDNA"": 0\n}']","{
  ""ecDNA"": 2
}"
803,452.tif,0,11,61,"['{\n  ""ecDNA"": 0\n}', '{\n  ""ecDNA"": 0\n}', '{\n  ""ecDNA"": 1\n}', '```json\n[32]\n```']","['{\n  ""ecDNA"": 2\n}', '{\n  ""ecDNA"": 5\n}', '{\n  ""ecDNA"": 3\n}', '{""ecDNA"": 0}']","['{\n  ""ecDNA"": 0\n}', '{\n  ""ecDNA"": 3\n}', '{\n  ""ecDNA"": 0\n}', '{\n  ""ecDNA"": 0\n}', '{\n  ""ecDNA"": 3\n}']","{
  ""ecDNA"": 5
}"
804,453.tif,0,25,154,"['{\n  ""ecDNA"": 0\n}', '{\n  ""ecDNA"": 0\n}', '{\n  ""ecDNA"": 1\n}', '{\n  ""ecDNA"": 3\n}']","['{\n  ""ecDNA"": 0\n}', '{\n  ""ecDNA"": 0\n}', '{\n  ""ecDNA"": 3\n}', '{""ecDNA"": 2}']","['{\n  ""ecDNA"": 3\n}', '{\n  ""ecDNA"": 3\n}', '{\n  ""ecDNA"": 3\n}', '{\n  ""ecDNA"": 0\n}', '{\n  ""ecDNA"": 3\n}']","{
  ""ecDNA"": 10
}"
805,454.tif,0,13,98,"['{\n  ""ecDNA"": 3\n}', '{\n  ""ecDNA"": 0\n}', '{\n  ""ecDNA"": 19\n}', '{\n  ""ecDNA"": 3\n}']","['{\n  ""ecDNA"": 0\n}', '{\n""ecDNA"": 2\n}', '{\n  ""ecDNA"": 5\n}', '{\n  ""ecDNA"": 5\n}']","['{\n  ""ecDNA"": 3\n}', '{\n  ""ecDNA"": 0\n}', '{\n  ""ecDNA"": 3\n}', '{\n  ""ecDNA"": 0\n}', '{\n  ""ecDNA"": 3\n}']",I am unable to determine the number of ecDNA in the image as it is not provided. Please provide more information about the ecDNA pattern or the number of ecDNA you are referring to.
806,457.tif,0,8,26,"['{\n  ""ecDNA"": 3\n}', '{\n  ""ecDNA"": 12\n}', '{\n  ""ecDNA"": 0\n}', '{\n  ""ecDNA"": 0\n}']","['{\n  ""ecDNA"": 3\n}', '{\n  ""ecDNA"": 2\n}', '{""ecDNA"": 0}', '{\n""ecDNA"": 3\n}']","['{\n  ""ecDNA"": 0\n}', '{\n  ""ecDNA"": 3\n}', '{\n  ""ecDNA"": 3\n}', '{\n  ""ecDNA"": 3\n}', '{\n  ""ecDNA"": 0\n}']","I'm sorry, but I cannot provide the number of ecDNA in the image as it is not provided. Please provide more information about the number of ecDNA in the image."
807,468.tif,0,8,16,"['{\n  ""ecDNA"": 0\n}', '{\n  ""ecDNA"": 0\n}', '{\n  ""ecDNA"": 0\n}', '{\n  ""ecDNA"": 4\n}']","['{\n  ""ecDNA"": 0\n}', '{\n  ""ecDNA"": 0\n}', '{\n  ""ecDNA"": 3\n}', '{\n  ""ecDNA"": {\n    ""count"": 2\n  }\n}']","['{\n  ""ecDNA"": 0\n}', '{\n  ""ecDNA"": 0\n}', '{\n  ""ecDNA"": 3\n}', '{\n  ""ecDNA"": 3\n}', '{\n  ""ecDNA"": 3\n}']","Here is the count of ecDNA in the image:
```json
[10]
```"
808,469.tif,0,16,33,"['{\n  ""ecDNA"": 3\n}', '{\n  ""ecDNA"": 0\n}', '{\n  ""ecDNA"": 13\n}', '{\n  ""ecDNA"": 3\n}']","['{\n  ""ecDNA"": 0\n}', '{\n  ""ecDNA"": 3\n}', '{""ecDNA"": 2}', '{\n""ecDNA"": 0\n}']","['{\n  ""ecDNA"": 0\n}', '{\n  ""ecDNA"": 3\n}', '{\n  ""ecDNA"": 0\n}', '{\n  ""ecDNA"": 0\n}', '{\n  ""ecDNA"": 3\n}']","Here is the number of ecDNA in the image:
```json
{
  ""ecDNA"": 1
}
```"
809,470.tif,0,2,5,"['{\n  ""ecDNA"": 3\n}', '{\n  ""ecDNA"": 0\n}', '{\n  ""ecDNA"": 3\n}', '{\n  ""ecDNA"": 48\n}']","['{\n  ""ecDNA"": 0\n}', '{""ecDNA"": 2}', '{\n  ""ecDNA"": 0\n}', '{\n  ""ecDNA"": 0\n}']","['{\n  ""ecDNA"": 0\n}', '{\n  ""ecDNA"": 3\n}', '{\n  ""ecDNA"": 0\n}', '{\n  ""ecDNA"": 3\n}', '{\n  ""ecDNA"": 3\n}']","I'm sorry, but I cannot determine the number of ecDNA in the image as it is not provided. Please provide more information about the number of ecDNA you are referring to."
810,472.tif,0,13,37,"['{\n  ""ecDNA"": 0\n}', '```json\n{\n  ""ecDNA"": 68\n}\n```', '{\n  ""ecDNA"": 6\n}', '{\n  ""ecDNA"": 2\n}']","['{\n  ""ecDNA"": 2\n}', '{\n  ""ecDNA"": 5\n}', '{\n  ""ecDNA"": 0\n}', '{""ecDNA"": 3}']","['{\n  ""ecDNA"": 3\n}', '{\n  ""ecDNA"": 3\n}', '{\n  ""ecDNA"": 3\n}', '{\n  ""ecDNA"": 0\n}', '{\n  ""ecDNA"": 3\n}']","{
""ecDNA"": 0
}"
811,473.tif,0,34,52,"['{\n  ""ecDNA"": 0\n}', '{\n  ""ecDNA"": 1\n}', '{\n  ""ecDNA"": 58\n}', '{\n  ""ecDNA"": 0\n}']","['{\n  ""ecDNA"": 0\n}', '{\n  ""ecDNA"": 3\n}', '{\n  ""ecDNA"": 0\n}', '{\n  ""ecDNA"": 0\n}']","['{\n  ""ecDNA"": 3\n}', '{\n  ""ecDNA"": 0\n}', '{\n  ""ecDNA"": 3\n}', '{\n  ""ecDNA"": 0\n}', '{\n  ""ecDNA"": 3\n}']","{
    ""ecDNA"": 1
}"
812,474.tif,0,9,17,"['{\n  ""ecDNA"": 3\n}', '```json\n[8]\n```', '{\n  ""ecDNA"": 6\n}', '{\n  ""ecDNA"": 1\n}']","['{\n  ""ecDNA"": 0\n}', '{\n  ""ecDNA"": 2\n}', '{\n""ecDNA"": 3\n}', '{\n  ""ecDNA"": 3\n}']","['{\n  ""ecDNA"": 3\n}', '{\n  ""ecDNA"": 3\n}', '{\n  ""ecDNA"": 3\n}', '{\n  ""ecDNA"": 3\n}', '{\n  ""ecDNA"": 0\n}']","I'm sorry, but I cannot determine the number of ecDNA in the image as it is not provided. Please provide more information about the number of ecDNA you are referring to."
813,476.tif,0,3,9,"['{\n  ""ecDNA"": 3\n}', '{\n  ""ecDNA"": 0\n}', '{\n  ""ecDNA"": 0\n}', '{\n  ""ecDNA"": 8\n}']","['{\n  ""ecDNA"": 3\n}', '{\n  ""ecDNA"": 5\n}', '{\n""ecDNA"": 3\n}', '{""ecDNA"": 3}']","['{\n  ""ecDNA"": 3\n}', '{\n  ""ecDNA"": 3\n}', '{\n  ""ecDNA"": 3\n}', '{\n  ""ecDNA"": 3\n}', '{\n  ""ecDNA"": 0\n}']","{
  ""ecDNA"": 0
}"
814,477.tif,0,11,17,"['{\n  ""ecDNA"": 0\n}', '{\n  ""ecDNA"": 1\n}', '{\n  ""ecDNA"": 1\n}', '{\n  ""ecDNA"": 0\n}']","['{\n  ""ecDNA"": 3\n}', '{\n  ""ecDNA"": 3\n}', '{""ecDNA"": 3}', '{\n  ""ecDNA"": 5\n}']","['{\n  ""ecDNA"": 3\n}', '{\n  ""ecDNA"": 3\n}', '{\n  ""ecDNA"": 3\n}', '{\n  ""ecDNA"": 0\n}', '{\n  ""ecDNA"": 3\n}']","I'm sorry, but I cannot provide an answer without a picture. Please upload the image so I can assist you better."
815,478.tif,1,3,3,"['{\n  ""ecDNA"": 0\n}', '```json\n{\n  ""ecDNA"": 1\n}\n```', '{\n  ""ecDNA"": 2\n}', '{\n  ""ecDNA"": 1\n}']","['{\n  ""ecDNA"": 0\n}', '{\n  ""ecDNA"": 3\n}', '{\n  ""ecDNA"": 5\n}', '{""ecDNA"": 0}']","['{\n  ""ecDNA"": 0\n}', '{\n  ""ecDNA"": 3\n}', '{\n  ""ecDNA"": 3\n}', '{\n  ""ecDNA"": 3\n}', '{\n  ""ecDNA"": 3\n}']","I'm sorry, but I cannot determine the number of ecDNA in the image as it is not provided. Please provide more information about the number of ecDNA you are referring to."
816,479.tif,5,0,15,"['{\n  ""ecDNA"": 3\n}', '{\n  ""ecDNA"": 0\n}', '{\n  ""ecDNA"": 49\n}', '{\n  ""ecDNA"": 0\n}']","['{\n  ""ecDNA"": 3\n}', '{\n  ""ecDNA"": 2\n}', '{\n  ""ecDNA"": 5\n}', '{\n""ecDNA"": 3\n}']","['{\n  ""ecDNA"": 3\n}', '{\n  ""ecDNA"": 3\n}', '{\n  ""ecDNA"": 3\n}', '{\n  ""ecDNA"": 3\n}', '{\n  ""ecDNA"": 0\n}']","I'm sorry, but I cannot provide an answer without a picture. Please upload the image so I can assist you better."
817,485.tif,0,4,20,"['{\n  ""ecDNA"": 3\n}', '{\n  ""ecDNA"": 5\n}', '{\n  ""ecDNA"": 2\n}', '{\n  ""ecDNA"": 0\n}']","['{\n  ""ecDNA"": 0\n}', '{\n  ""ecDNA"": 3\n}', '{\n  ""ecDNA"": 0\n}', '{""ecDNA_count"":2}']","['{\n  ""ecDNA"": 0\n}', '{\n  ""ecDNA"": 0\n}', '{\n  ""ecDNA"": 0\n}', '{\n  ""ecDNA"": 3\n}', '{\n  ""ecDNA"": 3\n}']","{
""ecDNA"": {
""numerator"": 0,
""denominator"": 0
}
}"
818,486.tif,0,9,17,"['{\n  ""ecDNA"": 3\n}', '{\n  ""ecDNA"": 0\n}', '```json\n{\n  ""ecDNA"": 10\n}\n```', '```json\n[7]\n```']","['{\n  ""ecDNA"": 3\n}', '{\n  ""ecDNA"": 3\n}', '{\n  ""ecDNA"": 2\n}', '{\n""ecDNA"": 0\n}']","['{\n  ""ecDNA"": 3\n}', '{\n  ""ecDNA"": 3\n}', '{\n  ""ecDNA"": 0\n}', '{\n  ""ecDNA"": 0\n}', '{\n  ""ecDNA"": 0\n}']","{
  ""ecDNA"": 3
}"
819,487.tif,0,3,1,"['{\n  ""ecDNA"": 3\n}', '{\n  ""ecDNA"": 2\n}', '{\n  ""ecDNA"": 5\n}', '{\n  ""ecDNA"": 9\n}']","['{\n  ""ecDNA"": 3\n}', '{\n  ""ecDNA"": 0\n}', '{\n  ""ecDNA"": 5\n}', '{\n""ecDNA"": 1\n}']","['{\n  ""ecDNA"": 0\n}', '{\n  ""ecDNA"": 0\n}', '{\n  ""ecDNA"": 0\n}', '{\n  ""ecDNA"": 0\n}', '{\n  ""ecDNA"": 3\n}']","I'm sorry, but I cannot determine the number of ecDNA in the image as it is not provided. Please provide more information about the number of ecDNA in the image."
820,488.tif,0,2,6,"['{\n  ""ecDNA"": 3\n}', '{\n  ""ecDNA"": 7\n}', '{\n  ""ecDNA"": 0\n}', '{\n  ""ecDNA"": 12\n}']","['{\n  ""ecDNA"": 3\n}', '{\n  ""ecDNA"": 0\n}', '{""ecDNA"": 2}', '{""ecDNA"": 1}']","['{\n  ""ecDNA"": 3\n}', '{\n  ""ecDNA"": 0\n}', '{\n  ""ecDNA"": 0\n}', '{\n  ""ecDNA"": 3\n}', '{\n  ""ecDNA"": 3\n}']","I'm sorry, but I cannot determine the number of ecDNA in the image as it is not provided. Please provide more information about the ecDNA count you are referring to."
821,489.tif,0,29,88,"['{\n  ""ecDNA"": 3\n}', '```json\n{\n  ""ecDNA"": 3\n}\n```', '{\n  ""ecDNA"": 19\n}', '{\n  ""ecDNA"": 0\n}']","['{\n  ""ecDNA"": 3\n}', '{\n""ecDNA"": 0\n}', '{""ecDNA"": 0}', '{\n  ""ecDNA"": 0\n}']","['{\n  ""ecDNA"": 0\n}', '{\n  ""ecDNA"": 0\n}', '{\n  ""ecDNA"": 3\n}', '{\n  ""ecDNA"": 0\n}', '{\n  ""ecDNA"": 3\n}']","I'm sorry, but I cannot determine the number of ecDNA in the image as it is not provided. Please provide more information about the number of ecDNA you are referring to."
822,49.tif,0,39,2,"['{\n  ""ecDNA"": 3\n}', '{\n  ""ecDNA"": 1\n}', '{\n  ""ecDNA"": 4\n}', '{\n  ""ecDNA"": 25\n}']","['{\n  ""ecDNA"": 0\n}', '{\n  ""ecDNA"": 0\n}', '{\n  ""ecDNA"": 3\n}', '```json\n{""ecDNA"": 3}\n```']","['{\n  ""ecDNA"": 0\n}', '{\n  ""ecDNA"": 0\n}', '{\n  ""ecDNA"": 3\n}', '{\n  ""ecDNA"": 3\n}', '{\n  ""ecDNA"": 0\n}']","{
    ""ecDNA"": 1
}"
823,490.tif,0,21,58,"['{\n  ""ecDNA"": 0\n}', '{\n  ""ecDNA"": 0\n}', '{\n  ""ecDNA"": 11\n}', '{\n  ""ecDNA"": 0\n}']","['{\n  ""ecDNA"": 0\n}', '{""ecDNA"": 2}', '{\n  ""ecDNA"": 2\n}', '{""ecDNA"":3}']","['{\n  ""ecDNA"": 0\n}', '{\n  ""ecDNA"": 0\n}', '{\n  ""ecDNA"": 0\n}', '{\n  ""ecDNA"": 0\n}', '{\n  ""ecDNA"": 3\n}']","I'm sorry, but I cannot provide a number for the number of ecDNA in the image as it is not provided. Please provide more information about the number of ecDNA in the image or the specific region you are referring to."
824,491.tif,0,7,31,"['{\n  ""ecDNA"": 0\n}', '```json\n{\n  ""ecDNA"": 1\n}\n```', '{\n  ""ecDNA"": 0\n}', '{\n  ""ecDNA"": 7\n}']","['{\n  ""ecDNA"": 0\n}', '{\n  ""ecDNA"": 0\n}', '{\n  ""ecDNA"": 2\n}', '{\n""ecDNA"": 2\n}']","['{\n  ""ecDNA"": 3\n}', '{\n  ""ecDNA"": 0\n}', '{\n  ""ecDNA"": 3\n}', '{\n  ""ecDNA"": 0\n}', '{\n  ""ecDNA"": 3\n}']","{
  ""ecDNA"": 5
}"
825,492.tif,0,10,14,"['{\n  ""ecDNA"": 3\n}', '{\n  ""ecDNA"": 1\n}', '{\n  ""ecDNA"": 0\n}', '{\n  ""ecDNA"": 0\n}']","['{\n  ""ecDNA"": 0\n}', '{\n  ""ecDNA"": 3\n}', '{""ecDNA"": 0}', '{""ecDNA"":3}']","['{\n  ""ecDNA"": 0\n}', '{\n  ""ecDNA"": 3\n}', '{\n  ""ecDNA"": 0\n}', '{\n  ""ecDNA"": 0\n}', '{\n  ""ecDNA"": 3\n}']",I am unable to determine the number of ecDNA in the image as it is not provided. Please provide more information about the ecDNA pattern or the number of ecDNA you are referring to.
826,493.tif,0,32,98,"['{\n  ""ecDNA"": 3\n}', '{\n  ""ecDNA"": 0\n}', '{\n  ""ecDNA"": 8\n}', '{\n  ""ecDNA"": 0\n}']","['{\n  ""ecDNA"": 0\n}', '{""ecDNA"": 2}', '{\n  ""ecDNA"": 5\n}', '```json\n{\n  ""ecDNA"": 0\n}\n```']","['{\n  ""ecDNA"": 0\n}', '{\n  ""ecDNA"": 0\n}', '{\n  ""ecDNA"": 0\n}', '{\n  ""ecDNA"": 0\n}', '{\n  ""ecDNA"": 0\n}']","I'm sorry, but I cannot determine the number of ecDNA in the image as it is not provided. Please provide more information about the ecDNA count in the image."
827,494.tif,0,38,88,"['{\n  ""ecDNA"": 3\n}', '{\n  ""ecDNA"": 0\n}', '{\n  ""ecDNA"": 10\n}', '{\n  ""ecDNA"": 0\n}']","['{\n  ""ecDNA"": 0\n}', '{""ecDNA"": 0}', '{\n  ""ecDNA"": 5\n}', '{""ecDNA"": 3}']","['{\n  ""ecDNA"": 0\n}', '{\n  ""ecDNA"": 0\n}', '{\n  ""ecDNA"": 3\n}', '{\n  ""ecDNA"": 0\n}', '{\n  ""ecDNA"": 0\n}']","{
  ""ecDNA"": 10
}"
828,495.tif,11,0,5,"['{\n  ""ecDNA"": 0\n}', '{\n  ""ecDNA"": 0\n}', '{\n  ""ecDNA"": 1\n}', '{\n  ""ecDNA"": 10\n}']","['{\n  ""ecDNA"": 0\n}', '{\n  ""ecDNA"": 0\n}', '{\n  ""ecDNA"": 3\n}', '{""ecDNA_count"": 3}']","['{\n  ""ecDNA"": 0\n}', '{\n  ""ecDNA"": 3\n}', '{\n  ""ecDNA"": 3\n}', '{\n  ""ecDNA"": 0\n}', '{\n  ""ecDNA"": 0\n}']","I'm sorry, but I cannot provide an answer without a picture. Please upload the image so I can assist you better."
829,496.tif,0,6,7,"['{\n  ""ecDNA"": 3\n}', '```json\n{\n  ""ecDNA"": 6\n}\n```', '{\n  ""ecDNA"": 0\n}', '{\n  ""ecDNA"": 0\n}']","['{\n  ""ecDNA"": 0\n}', '{\n  ""ecDNA"": 3\n}', '{\n  ""ecDNA"": 3\n}', '{""ecDNA"": 3}']","['{\n  ""ecDNA"": 3\n}', '{\n  ""ecDNA"": 0\n}', '{\n  ""ecDNA"": 3\n}', '{\n  ""ecDNA"": 3\n}', '{\n  ""ecDNA"": 0\n}']","I'm sorry, but I cannot determine the number of ecDNA in the image as it is not provided. Please provide more information about the number of ecDNA you want to know."
830,497.tif,0,23,40,"['{\n  ""ecDNA"": 0\n}', '{\n  ""ecDNA"": 0\n}', '{\n  ""ecDNA"": 3\n}', '{\n  ""ecDNA"": 1\n}']","['{\n  ""ecDNA"": 2\n}', '{\n  ""ecDNA"": 0\n}', '{\n  ""ecDNA"": 3\n}', '{""ecDNA"": 0}']","['{\n  ""ecDNA"": 0\n}', '{\n  ""ecDNA"": 0\n}', '{\n  ""ecDNA"": 3\n}', '{\n  ""ecDNA"": 0\n}', '{\n  ""ecDNA"": 0\n}']","{
  ""ecDNA"": 5
}"
831,498.tif,1,1,17,"['{\n  ""ecDNA"": 0\n}', '{\n  ""ecDNA"": 0\n}', '{\n  ""ecDNA"": 0\n}', '{\n  ""ecDNA"": 1\n}']","['{\n  ""ecDNA"": 0\n}', '{""ecDNA"": 0}', '{""ecDNA"": 0}', '{""ecDNA"": 5}']","['{\n  ""ecDNA"": 0\n}', '{\n  ""ecDNA"": 3\n}', '{\n  ""ecDNA"": 3\n}', '{\n  ""ecDNA"": 0\n}', '{\n  ""ecDNA"": 0\n}']","{
  ""ecDNA"": 0
}"
832,499.tif,1,0,11,"['{\n  ""ecDNA"": 0\n}', '{\n  ""ecDNA"": 32\n}', '{\n  ""ecDNA"": 28\n}', '{\n  ""ecDNA"": 2\n}']","['{\n  ""ecDNA"": 0\n}', '{\n  ""ecDNA"": 0\n}', '{\n  ""ecDNA"": 0\n}', '{\n  ""ecDNA"": 3\n}']","['{\n  ""ecDNA"": 0\n}', '{\n  ""ecDNA"": 3\n}', '{\n  ""ecDNA"": 3\n}', '{\n  ""ecDNA"": 0\n}', '{\n  ""ecDNA"": 0\n}']","I'm sorry, but I cannot provide an answer without a picture. Please upload the image so I can assist you better."
833,5.tif,2,9,1,"['{\n  ""ecDNA"": 3\n}', '{\n  ""ecDNA"": 0\n}', '{\n  ""ecDNA"": 1\n}', '{\n  ""ecDNA"": 18\n}']","['{\n  ""ecDNA"": 2\n}', '{""ecDNA"": 3}', '{\n  ""ecDNA"": 3\n}', '{\n  ""ecDNA"": {\n    ""count"": 5\n  }\n}']","['{\n  ""ecDNA"": 0\n}', '{\n  ""ecDNA"": 0\n}', '{\n  ""ecDNA"": 3\n}', '{\n  ""ecDNA"": 3\n}', '{\n  ""ecDNA"": 3\n}']","I'm sorry, but I cannot provide the number of ecDNA in the image as it is not provided. Please provide more information about the number of ecDNA in the image."
834,50.tif,0,34,4,"['{\n  ""ecDNA"": 3\n}', '{\n  ""ecDNA"": 6\n}', '{\n  ""ecDNA"": 0\n}', '```json\n[0]\n```']","['{\n  ""ecDNA"": 2\n}', '{""ecDNA"": 0}', '{""ecDNA"": 3}', '{\n""ecDNA"": 3\n}']","['{\n  ""ecDNA"": 0\n}', '{\n  ""ecDNA"": 3\n}', '{\n  ""ecDNA"": 0\n}', '{\n  ""ecDNA"": 3\n}', '{\n  ""ecDNA"": 0\n}']","I'm sorry, but I cannot determine the number of ecDNA in the image as it is not provided. Please provide more information about the number of ecDNA you are referring to."
835,500.tif,0,15,15,"['{\n  ""ecDNA"": 3\n}', '{\n  ""ecDNA"": 0\n}', '{\n  ""ecDNA"": 1\n}', '```json\n[6]\n```']","['{\n  ""ecDNA"": 2\n}', '{""ecDNA"": 3}', '{\n""ecDNA"": 2\n}', '{\n  ""ecDNA"": 0\n}']","['{\n  ""ecDNA"": 0\n}', '{\n  ""ecDNA"": 3\n}', '{\n  ""ecDNA"": 0\n}', '{\n  ""ecDNA"": 0\n}', '{\n  ""ecDNA"": 0\n}']","{
  ""ecDNA"": 5
}"
836,501.tif,0,20,33,"['{\n  ""ecDNA"": 0\n}', '{\n  ""ecDNA"": 0\n}', '{\n  ""ecDNA"": 0\n}', '{\n  ""ecDNA"": 25\n}']","['{\n  ""ecDNA"": 3\n}', '{\n  ""ecDNA"": 0\n}', '{\n  ""ecDNA"": 5\n}', '{""ecDNA_count"":2}']","['{\n  ""ecDNA"": 3\n}', '{\n  ""ecDNA"": 0\n}', '{\n  ""ecDNA"": 3\n}', '{\n  ""ecDNA"": 3\n}', '{\n  ""ecDNA"": 0\n}']","{
  ""ecDNA"": 10
}"
837,502.tif,0,11,17,"['{\n  ""ecDNA"": 3\n}', '{\n  ""ecDNA"": 0\n}', '{\n  ""ecDNA"": 3\n}', '{\n  ""ecDNA"": 0\n}']","['{\n  ""ecDNA"": 3\n}', '{""ecDNA"": 2}', '{\n""ecDNA"": 2\n}', '{\n  ""ecDNA"": 2\n}']","['{\n  ""ecDNA"": 3\n}', '{\n  ""ecDNA"": 0\n}', '{\n  ""ecDNA"": 0\n}', '{\n  ""ecDNA"": 3\n}', '{\n  ""ecDNA"": 0\n}']","I'm sorry, but I cannot determine the number of ecDNA in the image as it is not provided. Please provide more information about the number of ecDNA you are referring to."
838,504.tif,0,12,17,"['{\n  ""ecDNA"": 3\n}', '{\n  ""ecDNA"": 0\n}', '{\n  ""ecDNA"": 0\n}', '{\n  ""ecDNA"": 22\n}']","['{\n  ""ecDNA"": 0\n}', '{\n""ecDNA"": 2\n}', '{\n""ecDNA"": 5\n}', '{\n  ""ecDNA"": 0\n}']","['{\n  ""ecDNA"": 0\n}', '{\n  ""ecDNA"": 3\n}', '{\n  ""ecDNA"": 0\n}', '{\n  ""ecDNA"": 3\n}', '{\n  ""ecDNA"": 3\n}']","{
  ""ecDNA"": {
    ""count"": 10
  }
}"
839,505.tif,0,16,25,"['{\n  ""ecDNA"": 3\n}', '{\n  ""ecDNA"": 0\n}', '{\n  ""ecDNA"": 2\n}', '{\n  ""ecDNA"": 4\n}']","['{\n  ""ecDNA"": 0\n}', '{\n  ""ecDNA"": 3\n}', '{\n  ""ecDNA"": 2\n}', '{\n""ecDNA"": 0\n}']","['{\n  ""ecDNA"": 0\n}', '{\n  ""ecDNA"": 0\n}', '{\n  ""ecDNA"": 0\n}', '{\n  ""ecDNA"": 0\n}', '{\n  ""ecDNA"": 0\n}']","I'm sorry, but I cannot determine the number of ecDNA in the image as it is not provided. Please provide more information about the image or the number of ecDNA you are referring to."
840,506.tif,0,8,18,"['{\n  ""ecDNA"": 3\n}', '{\n  ""ecDNA"": 0\n}', '{\n  ""ecDNA"": 19\n}', '{\n  ""ecDNA"": 14\n}']","['{\n  ""ecDNA"": 0\n}', '{\n  ""ecDNA"": 5\n}', '{\n  ""ecDNA"": 3\n}', '{\n  ""ecDNA"": 3\n}']","['{\n  ""ecDNA"": 3\n}', '{\n  ""ecDNA"": 3\n}', '{\n  ""ecDNA"": 0\n}', '{\n  ""ecDNA"": 0\n}', '{\n  ""ecDNA"": 0\n}']","I'm sorry, but I cannot determine the number of ecDNA in the image as it is not provided. Please provide more information about the image or the number of ecDNA you are referring to."
841,508.tif,0,1,1,"['{\n  ""ecDNA"": 3\n}', '{\n  ""ecDNA"": 0\n}', '{\n  ""ecDNA"": 1\n}', '{\n  ""ecDNA"": 1\n}']","['{\n  ""ecDNA"": 3\n}', '{\n""ecDNA"": 0\n}', '{\n""ecDNA"": 3\n}', '{""ecDNA"": 2}']","['{\n  ""ecDNA"": 3\n}', '{\n  ""ecDNA"": 0\n}', '{\n  ""ecDNA"": 3\n}', '{\n  ""ecDNA"": 3\n}', '{\n  ""ecDNA"": 3\n}']","I'm sorry, but I cannot provide an answer without a picture. Please upload the image so I can assist you better."
842,509.tif,0,6,12,"['{\n  ""ecDNA"": 3\n}', '{\n  ""ecDNA"": 0\n}', '{\n  ""ecDNA"": 1\n}', '{\n  ""ecDNA"": 48\n}']","['{\n  ""ecDNA"": 3\n}', '{\n  ""ecDNA"": 5\n}', '{""ecDNA"": 2}', '```json\n[\n    {\n        ""ecDNA"": 0\n    }\n]\n```']","['{\n  ""ecDNA"": 0\n}', '{\n  ""ecDNA"": 3\n}', '{\n  ""ecDNA"": 3\n}', '{\n  ""ecDNA"": 3\n}', '{\n  ""ecDNA"": 3\n}']","{""ecDNA"": 6}"
843,510.tif,0,4,18,"['{\n  ""ecDNA"": 0\n}', '{\n  ""ecDNA"": 4\n}', '{\n  ""ecDNA"": 6\n}', '{\n  ""ecDNA"": 14\n}']","['{\n  ""ecDNA"": 3\n}', '{\n  ""ecDNA"": 0\n}', '{""ecDNA"": 2}', '{""ecDNA"":2}']","['{\n  ""ecDNA"": 3\n}', '{\n  ""ecDNA"": 0\n}', '{\n  ""ecDNA"": 0\n}', '{\n  ""ecDNA"": 3\n}', '{\n  ""ecDNA"": 3\n}']","{
    ""ecDNA"": 2
}"
844,513.tif,0,22,46,"['{\n  ""ecDNA"": 3\n}', '{\n  ""ecDNA"": 0\n}', '{\n  ""ecDNA"": 1\n}', '```json\n[0]\n```']","['{\n  ""ecDNA"": 3\n}', '{\n  ""ecDNA"": 5\n}', '{""ecDNA"": 2}', '```json\n{\n  ""ecDNA"": 1\n}\n```']","['{\n  ""ecDNA"": 0\n}', '{\n  ""ecDNA"": 0\n}', '{\n  ""ecDNA"": 3\n}', '{\n  ""ecDNA"": 3\n}', '{\n  ""ecDNA"": 3\n}']","{
  ""ecDNA"": 10
}"
845,514.tif,0,18,57,"['{\n  ""ecDNA"": 3\n}', '{\n  ""ecDNA"": 13\n}', '{\n  ""ecDNA"": 0\n}', '{\n  ""ecDNA"": 1\n}']","['{\n  ""ecDNA"": 0\n}', '{\n  ""ecDNA"": 2\n}', '{\n""ecDNA"": 2\n}', '{\n""ecDNA"": 0\n}']","['{\n  ""ecDNA"": 0\n}', '{\n  ""ecDNA"": 3\n}', '{\n  ""ecDNA"": 3\n}', '{\n  ""ecDNA"": 3\n}', '{\n  ""ecDNA"": 3\n}']","{
  ""ecDNA"": {
    ""count"": 0
  }
}"
846,515.tif,0,3,22,"['{\n  ""ecDNA"": 3\n}', '{\n  ""ecDNA"": 0\n}', '```json\n[7]\n```', '{\n  ""ecDNA"": 12\n}']","['{\n  ""ecDNA"": 3\n}', '{\n""ecDNA"": 2\n}', '{\n""ecDNA"": 2\n}', '{\n""ecDNA"": 0\n}']","['{\n  ""ecDNA"": 3\n}', '{\n  ""ecDNA"": 0\n}', '{\n  ""ecDNA"": 0\n}', '{\n  ""ecDNA"": 3\n}', '{\n  ""ecDNA"": 0\n}']","I'm sorry, but I cannot provide the number of ecDNA in the image as it is not provided. Please provide more information about the image or the number of ecDNA you are referring to."
847,517.tif,0,19,42,"['{\n  ""ecDNA"": 0\n}', '```json\n{\n  ""ecDNA"": 11\n}\n```', '{\n  ""ecDNA"": 1\n}', '{\n  ""ecDNA"": 1\n}']","['{\n  ""ecDNA"": 0\n}', '{\n  ""ecDNA"": 0\n}', '{\n  ""ecDNA"": 2\n}', '{\n  ""ecDNA"": 0\n}']","['{\n  ""ecDNA"": 0\n}', '{\n  ""ecDNA"": 0\n}', '{\n  ""ecDNA"": 0\n}', '{\n  ""ecDNA"": 3\n}', '{\n  ""ecDNA"": 3\n}']","{
    ""ecDNA"": 4
}"
848,518.tif,0,10,40,"['{\n  ""ecDNA"": 3\n}', '{\n  ""ecDNA"": 1\n}', '```json\n[5]\n```', '```json\n[10]\n```']","['{\n  ""ecDNA"": 0\n}', '{\n""ecDNA"": 3\n}', '{\n  ""ecDNA"": 3\n}', '{\n""ecDNA"": 3\n}']","['{\n  ""ecDNA"": 0\n}', '{\n  ""ecDNA"": 3\n}', '{\n  ""ecDNA"": 0\n}', '{\n  ""ecDNA"": 3\n}', '{\n  ""ecDNA"": 3\n}']","I'm sorry, but I cannot determine the number of ecDNA in the image as it is not provided. Please provide more information about the number of ecDNA you are referring to."
849,529.tif,0,19,21,"['{\n  ""ecDNA"": 3\n}', '{\n  ""ecDNA"": 0\n}', '{\n  ""ecDNA"": 0\n}', '{\n  ""ecDNA"": 0\n}']","['{\n  ""ecDNA"": 3\n}', '{""ecDNA"": 0}', '{\n  ""ecDNA"": 3\n}', '{\n""ecDNA"": 0\n}']","['{\n  ""ecDNA"": 3\n}', '{\n  ""ecDNA"": 3\n}', '{\n  ""ecDNA"": 0\n}', '{\n  ""ecDNA"": 3\n}', '{\n  ""ecDNA"": 3\n}']","{
  ""ecDNA"": 10
}"
850,530.tif,0,28,22,"['{\n  ""ecDNA"": 0\n}', '{\n  ""ecDNA"": 0\n}', '{\n  ""ecDNA"": 1\n}', '{\n  ""ecDNA"": 6\n}']","['{\n  ""ecDNA"": 0\n}', '{""ecDNA"": 3}', '{\n  ""ecDNA"": 3\n}', '{\n  ""ecDNA"": 5\n}']","['{\n  ""ecDNA"": 3\n}', '{\n  ""ecDNA"": 3\n}', '{\n  ""ecDNA"": 3\n}', '{\n  ""ecDNA"": 0\n}', '{\n  ""ecDNA"": 0\n}']","I'm sorry, but I cannot provide an answer without a picture. Please upload the image so I can assist you better."
851,533.tif,0,12,20,"['{\n  ""ecDNA"": 0\n}', '{\n  ""ecDNA"": 0\n}', '{\n  ""ecDNA"": 1\n}', '{\n  ""ecDNA"": 0\n}']","['{\n  ""ecDNA"": 0\n}', '{\n  ""ecDNA"": 3\n}', '{\n""ecDNA"": 0\n}', '{\n  ""ecDNA"": 0\n}']","['{\n  ""ecDNA"": 0\n}', '{\n  ""ecDNA"": 0\n}', '{\n  ""ecDNA"": 3\n}', '{\n  ""ecDNA"": 3\n}', '{\n  ""ecDNA"": 3\n}']","```json
{
  ""ecDNA"": 5
}
```"
852,534.tif,0,20,21,"['{\n  ""ecDNA"": 0\n}', '{\n  ""ecDNA"": 4\n}', '{\n  ""ecDNA"": 59\n}', '{\n  ""ecDNA"": 11\n}']","['{\n  ""ecDNA"": 3\n}', '{\n""ecDNA"": 2\n}', '{\n  ""ecDNA"": 20\n}', '{""ecDNA_count"": 5}']","['{\n  ""ecDNA"": 0\n}', '{\n  ""ecDNA"": 3\n}', '{\n  ""ecDNA"": 0\n}', '{\n  ""ecDNA"": 3\n}', '{\n  ""ecDNA"": 0\n}']","{
  ""ecDNA"": 3
}"
853,536.tif,0,18,46,"['{\n  ""ecDNA"": 3\n}', '```json\n{\n  ""ecDNA"": 1\n}\n```', '{\n  ""ecDNA"": 1\n}', '{\n  ""ecDNA"": 19\n}']","['{\n  ""ecDNA"": 0\n}', '{""ecDNA"": 0}', '{\n  ""ecDNA"": 0\n}', '{\n  ""ecDNA"": 5\n}']","['{\n  ""ecDNA"": 3\n}', '{\n  ""ecDNA"": 3\n}', '{\n  ""ecDNA"": 0\n}', '{\n  ""ecDNA"": 3\n}', '{\n  ""ecDNA"": 3\n}']","{
  ""ecDNA"": 5
}"
854,537.tif,0,16,44,"['{\n  ""ecDNA"": 3\n}', '{\n  ""ecDNA"": 2\n}', '{\n  ""ecDNA"": 0\n}', '{\n  ""ecDNA"": 2\n}']","['{\n  ""ecDNA"": 3\n}', '{""ecDNA"": 0}', '{""ecDNA"": 2}', '{""ecDNA"": 0}']","['{\n  ""ecDNA"": 3\n}', '{\n  ""ecDNA"": 0\n}', '{\n  ""ecDNA"": 0\n}', '{\n  ""ecDNA"": 3\n}', '{\n  ""ecDNA"": 3\n}']",I am unable to determine the number of ecDNA in the image as it is not provided. Please provide more information about the ecDNA patterns in the image or the number of ecDNA you are referring to.
855,538.tif,1,1,5,"['{\n  ""ecDNA"": 0\n}', '{\n  ""ecDNA"": 0\n}', '{\n  ""ecDNA"": 2\n}', '{\n  ""ecDNA"": 22\n}']","['{\n  ""ecDNA"": 3\n}', '{\n""ecDNA"": 0\n}', '{\n""ecDNA"": 2\n}', '```json\n[1]\n```']","['{\n  ""ecDNA"": 0\n}', '{\n  ""ecDNA"": 0\n}', '{\n  ""ecDNA"": 0\n}', '{\n  ""ecDNA"": 3\n}', '{\n  ""ecDNA"": 0\n}']","I'm sorry, but I cannot determine the number of ecDNA in the image as it is not provided. Please provide more information about the number of ecDNA in the image."
856,54.tif,1,5,0,"['{\n  ""ecDNA"": 0\n}', '```json\n{\n  ""ecDNA"": 1\n}\n```', '{\n  ""ecDNA"": 3\n}', '{\n  ""ecDNA"": 0\n}']","['{\n  ""ecDNA"": 3\n}', '{""ecDNA"": 5}', '{\n  ""ecDNA"": 0\n}', '```json\n[3]\n```']","['{\n  ""ecDNA"": 3\n}', '{\n  ""ecDNA"": 3\n}', '{\n  ""ecDNA"": 3\n}', '{\n  ""ecDNA"": 3\n}', '{\n  ""ecDNA"": 0\n}']","{
  ""ecDNA"": 0
}"
857,541.tif,1,0,0,"['{\n  ""ecDNA"": 3\n}', '{\n  ""ecDNA"": 0\n}', '{\n  ""ecDNA"": 0\n}', '{\n  ""ecDNA"": 12\n}']","['{\n  ""ecDNA"": 0\n}', '{\n  ""ecDNA"": 3\n}', '{\n""ecDNA"": 5\n}', '{""ecDNA"":2}']","['{\n  ""ecDNA"": 0\n}', '{\n  ""ecDNA"": 0\n}', '{\n  ""ecDNA"": 3\n}', '{\n  ""ecDNA"": 3\n}', '{\n  ""ecDNA"": 3\n}']","{
    ""ecDNA"": 10
}"
858,542.tif,3,0,0,"['{\n  ""ecDNA"": 3\n}', '{\n  ""ecDNA"": 0\n}', '{\n  ""ecDNA"": 1\n}', '{\n  ""ecDNA"": 1\n}']","['{\n  ""ecDNA"": 0\n}', '{""ecDNA"": 3}', '{\n  ""ecDNA"": 0\n}', '{\n  ""ecDNA"": 123\n}']","['{\n  ""ecDNA"": 3\n}', '{\n  ""ecDNA"": 0\n}', '{\n  ""ecDNA"": 3\n}', '{\n  ""ecDNA"": 3\n}', '{\n  ""ecDNA"": 3\n}']","I'm sorry, but I cannot provide an answer without a picture. Please upload the image so I can assist you better."
859,544.tif,0,5,8,"['{\n  ""ecDNA"": 0\n}', '{\n  ""ecDNA"": 0\n}', '{\n  ""ecDNA"": 0\n}', '{\n  ""ecDNA"": 1\n}']","['{\n  ""ecDNA"": 0\n}', '{""ecDNA"": 3}', '{\n  ""ecDNA"": 0\n}', '```json\n{\n  ""ecDNA"": 5\n}\n```']","['{\n  ""ecDNA"": 0\n}', '{\n  ""ecDNA"": 3\n}', '{\n  ""ecDNA"": 0\n}', '{\n  ""ecDNA"": 3\n}', '{\n  ""ecDNA"": 0\n}']","```json
{
  ""ecDNA"": 5
}
```"
860,545.tif,0,32,76,"['{\n  ""ecDNA"": 0\n}', '{\n  ""ecDNA"": 0\n}', '{\n  ""ecDNA"": 0\n}', '{\n  ""ecDNA"": 6\n}']","['{\n  ""ecDNA"": 3\n}', '{\n  ""ecDNA"": 0\n}', '{\n""ecDNA"": 2\n}', '{""ecDNA"": 5}']","['{\n  ""ecDNA"": 3\n}', '{\n  ""ecDNA"": 0\n}', '{\n  ""ecDNA"": 3\n}', '{\n  ""ecDNA"": 0\n}', '{\n  ""ecDNA"": 0\n}']","I'm sorry, but I cannot determine the number of ecDNA in the image as it is not provided. Please provide more information about the image or the number of ecDNA you are referring to."
861,546.tif,1,8,38,"['{\n  ""ecDNA"": 0\n}', '```json\n{\n  ""ecDNA"": 1\n}\n```', '{\n  ""ecDNA"": 0\n}', '{\n  ""ecDNA"": 0\n}']","['{\n  ""ecDNA"": 3\n}', '{\n  ""ecDNA"": 3\n}', '{\n  ""ecDNA"": 0\n}', '{""ecDNA"":2}']","['{\n  ""ecDNA"": 0\n}', '{\n  ""ecDNA"": 0\n}', '{\n  ""ecDNA"": 3\n}', '{\n  ""ecDNA"": 0\n}', '{\n  ""ecDNA"": 0\n}']","```json
{
  ""ecDNA"": {
    ""count"": 5
  }
}
```"
862,548.tif,2,5,31,"['{\n  ""ecDNA"": 3\n}', '```json\n{\n  ""ecDNA"": 7\n}\n```', '{\n  ""ecDNA"": 10\n}', '{\n  ""ecDNA"": 0\n}']","['{\n  ""ecDNA"": 3\n}', '{""ecDNA"": 2}', '{\n""ecDNA"": 0\n}', '{""ecDNA"":3}']","['{\n  ""ecDNA"": 3\n}', '{\n  ""ecDNA"": 0\n}', '{\n  ""ecDNA"": 0\n}', '{\n  ""ecDNA"": 0\n}', '{\n  ""ecDNA"": 3\n}']","I'm sorry, but I cannot determine the number of ecDNA in the image as it is not provided. Please provide more information about the image or the number of ecDNA you are referring to."
863,549.tif,0,38,102,"['{\n  ""ecDNA"": 0\n}', '{\n  ""ecDNA"": 0\n}', '{\n  ""ecDNA"": 1\n}', '{\n  ""ecDNA"": 0\n}']","['{\n  ""ecDNA"": 3\n}', '{\n  ""ecDNA"": 2\n}', '{""ecDNA"": 0}', '```json\n[{""ecDNA"": 0}]\n```']","['{\n  ""ecDNA"": 3\n}', '{\n  ""ecDNA"": 3\n}', '{\n  ""ecDNA"": 0\n}', '{\n  ""ecDNA"": 0\n}', '{\n  ""ecDNA"": 3\n}']","{
  ""ecDNA"": 1
}"
864,55.tif,2,0,1,"['{\n  ""ecDNA"": 3\n}', '{\n  ""ecDNA"": 5\n}', '{\n  ""ecDNA"": 0\n}', '{\n  ""ecDNA"": 10\n}']","['{\n  ""ecDNA"": 0\n}', '{\n""ecDNA"": 3\n}', '{\n""ecDNA"": 5\n}', '{""ecDNA"": 2}']","['{\n  ""ecDNA"": 3\n}', '{\n  ""ecDNA"": 3\n}', '{\n  ""ecDNA"": 3\n}', '{\n  ""ecDNA"": 0\n}', '{\n  ""ecDNA"": 3\n}']","Here is the information you requested:
```json
{
  ""ecDNA"": 1
}
```"
865,550.tif,1,15,56,"['{\n  ""ecDNA"": 0\n}', '{\n  ""ecDNA"": 13\n}', '{\n  ""ecDNA"": 0\n}', '{\n  ""ecDNA"": 0\n}']","['{\n  ""ecDNA"": 3\n}', '{""ecDNA"": 5}', '{""ecDNA"": 2}', '{\n  ""ecDNA"": 3\n}']","['{\n  ""ecDNA"": 0\n}', '{\n  ""ecDNA"": 3\n}', '{\n  ""ecDNA"": 0\n}', '{\n  ""ecDNA"": 0\n}', '{\n  ""ecDNA"": 3\n}']","{
  ""ecDNA"": 0
}"
866,551.tif,1,0,4,"['{\n  ""ecDNA"": 3\n}', '{\n  ""ecDNA"": 1\n}', '{\n  ""ecDNA"": 1\n}', '{\n  ""ecDNA"": 0\n}']","['{\n  ""ecDNA"": 0\n}', '{\n  ""ecDNA"": 2\n}', '{\n  ""ecDNA"": 3\n}', '```json\n[3]\n```']","['{\n  ""ecDNA"": 3\n}', '{\n  ""ecDNA"": 3\n}', '{\n  ""ecDNA"": 3\n}', '{\n  ""ecDNA"": 3\n}', '{\n  ""ecDNA"": 3\n}']","```json
{""ecDNA"": 2}
```"
867,552.tif,6,0,0,"['{\n  ""ecDNA"": 0\n}', '```json\n{\n  ""ecDNA"": 3\n}\n```', '{\n  ""ecDNA"": 12\n}', '{\n  ""ecDNA"": 2\n}']","['{\n  ""ecDNA"": 3\n}', '{""ecDNA"": 0}', '{\n  ""ecDNA"": 5\n}', '{\n""ecDNA"": 2\n}']","['{\n  ""ecDNA"": 0\n}', '{\n  ""ecDNA"": 0\n}', '{\n  ""ecDNA"": 3\n}', '{\n  ""ecDNA"": 0\n}', '{\n  ""ecDNA"": 0\n}']","{
  ""ecDNA"": 3
}"
868,553.tif,16,0,15,"['{\n  ""ecDNA"": 0\n}', '{\n  ""ecDNA"": 0\n}', '{\n  ""ecDNA"": 5\n}', '{\n  ""ecDNA"": 13\n}']","['{\n  ""ecDNA"": 0\n}', '{\n  ""ecDNA"": 0\n}', '{""ecDNA"": 0}', '{\n""ecDNA"": 100\n}']","['{\n  ""ecDNA"": 3\n}', '{\n  ""ecDNA"": 0\n}', '{\n  ""ecDNA"": 3\n}', '{\n  ""ecDNA"": 3\n}', '{\n  ""ecDNA"": 0\n}']","I'm sorry, but I cannot determine the number of ecDNA in the image as it is not provided. Please provide more information about the number of ecDNA you are referring to."
869,554.tif,1,10,38,"['{\n  ""ecDNA"": 3\n}', '{\n  ""ecDNA"": 0\n}', '{\n  ""ecDNA"": 7\n}', '{\n  ""ecDNA"": 24\n}']","['{\n  ""ecDNA"": 2\n}', '{\n""ecDNA"": 0\n}', '{\n""ecDNA"": 2\n}', '{\n""ecDNA"": 0\n}']","['{\n  ""ecDNA"": 0\n}', '{\n  ""ecDNA"": 3\n}', '{\n  ""ecDNA"": 0\n}', '{\n  ""ecDNA"": 0\n}', '{\n  ""ecDNA"": 0\n}']","{
  ""ecDNA"": {
    ""count"": 1
  }
}"
870,555.tif,1,0,2,"['{\n  ""ecDNA"": 0\n}', '{\n  ""ecDNA"": 2\n}', '```json\n[16]\n```', '{\n  ""ecDNA"": 27\n}']","['{\n  ""ecDNA"": 3\n}', '{\n  ""ecDNA"": 5\n}', '{\n""ecDNA"": 5\n}', '{\n  ""ecDNA"": 2\n}']","['{\n  ""ecDNA"": 0\n}', '{\n  ""ecDNA"": 3\n}', '{\n  ""ecDNA"": 3\n}', '{\n  ""ecDNA"": 3\n}', '{\n  ""ecDNA"": 0\n}']","I'm sorry, but I cannot provide an integer number in JSON format without more information about the image. Please provide more details about the ecDNA patterns in the image or the number of ecDNA you are referring to."
871,56.tif,1,0,0,"['{\n  ""ecDNA"": 0\n}', '{\n  ""ecDNA"": 3\n}', '{\n  ""ecDNA"": 21\n}', '{\n  ""ecDNA"": 1\n}']","['{\n  ""ecDNA"": 2\n}', '{\n""ecDNA"": 0\n}', '{\n  ""ecDNA"": 0\n}', '{\n  ""ecDNA"": 0\n}']","['{\n  ""ecDNA"": 3\n}', '{\n  ""ecDNA"": 3\n}', '{\n  ""ecDNA"": 3\n}', '{\n  ""ecDNA"": 0\n}', '{\n  ""ecDNA"": 3\n}']",I am unable to determine the number of ecDNA in the image as it is not provided. Please provide more information about the image or the number of ecDNA you are referring to.
872,565.tif,0,8,28,"['{\n  ""ecDNA"": 3\n}', '{\n  ""ecDNA"": 0\n}', '{\n  ""ecDNA"": 1\n}', '{\n  ""ecDNA"": 0\n}']","['{\n  ""ecDNA"": 0\n}', '{""ecDNA"": 2}', '{""ecDNA"": 5}', '```json\n[\n    {\n        ""ecDNA"": 3\n    }\n]\n```']","['{\n  ""ecDNA"": 0\n}', '{\n  ""ecDNA"": 3\n}', '{\n  ""ecDNA"": 3\n}', '{\n  ""ecDNA"": 3\n}', '{\n  ""ecDNA"": 0\n}']","```json
{
  ""ecDNA"": 0
}
```"
873,566.tif,0,15,42,"['{\n  ""ecDNA"": 0\n}', '{\n  ""ecDNA"": 4\n}', '{\n  ""ecDNA"": 6\n}', '{\n  ""ecDNA"": 4\n}']","['{\n  ""ecDNA"": 0\n}', '{\n  ""ecDNA"": 2\n}', '{\n  ""ecDNA"": 5\n}', '{""ecDNA"": 3}']","['{\n  ""ecDNA"": 3\n}', '{\n  ""ecDNA"": 3\n}', '{\n  ""ecDNA"": 0\n}', '{\n  ""ecDNA"": 0\n}', '{\n  ""ecDNA"": 3\n}']","I'm sorry, but I cannot determine the number of ecDNA in the image as it is not provided. Please provide more information about the number of ecDNA you are referring to."
874,568.tif,0,2,10,"['{\n  ""ecDNA"": 3\n}', '{\n  ""ecDNA"": 2\n}', '{\n  ""ecDNA"": 0\n}', '```json\n[8]\n```']","['{\n  ""ecDNA"": 0\n}', '{""ecDNA"": 2}', '{\n  ""ecDNA"": 0\n}', '{""ecDNA"": 0}']","['{\n  ""ecDNA"": 0\n}', '{\n  ""ecDNA"": 0\n}', '{\n  ""ecDNA"": 0\n}', '{\n  ""ecDNA"": 3\n}', '{\n  ""ecDNA"": 0\n}']","{
  ""ecDNA"": 3
}"
875,569.tif,0,31,95,"['{\n  ""ecDNA"": 3\n}', '{\n  ""ecDNA"": 22\n}', '{\n  ""ecDNA"": 0\n}', '{\n  ""ecDNA"": 0\n}']","['{\n  ""ecDNA"": 0\n}', '{\n  ""ecDNA"": 5\n}', '{""ecDNA"": 3}', '```json\n{\n  ""ecDNA"": 0\n}\n```']","['{\n  ""ecDNA"": 3\n}', '{\n  ""ecDNA"": 0\n}', '{\n  ""ecDNA"": 3\n}', '{\n  ""ecDNA"": 3\n}', '{\n  ""ecDNA"": 0\n}']","I'm sorry, but I cannot determine the number of ecDNA in the image as it is not provided. Please provide more information about the number of ecDNA you are referring to."
876,570.tif,0,31,75,"['{\n  ""ecDNA"": 0\n}', '{\n  ""ecDNA"": 2\n}', '{\n  ""ecDNA"": 6\n}', '{\n  ""ecDNA"": 9\n}']","['{\n  ""ecDNA"": 3\n}', '{""ecDNA"": 3}', '{""ecDNA"": 3}', '```json\n{\n""ecDNA"": 3\n}\n```']","['{\n  ""ecDNA"": 0\n}', '{\n  ""ecDNA"": 3\n}', '{\n  ""ecDNA"": 0\n}', '{\n  ""ecDNA"": 3\n}', '{\n  ""ecDNA"": 0\n}']","I'm sorry, but I cannot determine the number of ecDNA in the image as it is not provided. Please provide more information about the number of ecDNA in the image."
877,571.tif,0,6,40,"['{\n  ""ecDNA"": 3\n}', '{\n  ""ecDNA"": 0\n}', '{\n  ""ecDNA"": 5\n}', '{\n  ""ecDNA"": 1\n}']","['{\n  ""ecDNA"": 3\n}', '{\n  ""ecDNA"": 0\n}', '{""ecDNA"": 5}', '{\n  ""ecDNA"": 1\n}']","['{\n  ""ecDNA"": 3\n}', '{\n  ""ecDNA"": 3\n}', '{\n  ""ecDNA"": 0\n}', '{\n  ""ecDNA"": 3\n}', '{\n  ""ecDNA"": 3\n}']","Here is the information about the ecDNA count in the image:
```json
{
  ""count"": 1
}
```
The ecDNA count in the image is 1."
878,572.tif,0,6,15,"['{\n  ""ecDNA"": 0\n}', '{\n  ""ecDNA"": 0\n}', '{\n  ""ecDNA"": 7\n}', '{\n  ""ecDNA"": 1\n}']","['{\n  ""ecDNA"": 3\n}', '{\n  ""ecDNA"": 3\n}', '{\n  ""ecDNA"": 0\n}', '{""ecDNA"": 0}']","['{\n  ""ecDNA"": 0\n}', '{\n  ""ecDNA"": 3\n}', '{\n  ""ecDNA"": 3\n}', '{\n  ""ecDNA"": 3\n}', '{\n  ""ecDNA"": 3\n}']","{
  ""ecDNA"": 5
}"
879,573.tif,0,32,80,"['{\n  ""ecDNA"": 0\n}', '```json\n{\n  ""ecDNA"": 3\n}\n```', '{\n  ""ecDNA"": 6\n}', '{\n  ""ecDNA"": 0\n}']","['{\n  ""ecDNA"": 3\n}', '{""ecDNA"": 3}', '{\n  ""ecDNA"": 3\n}', '{""ecDNA"": 0}']","['{\n  ""ecDNA"": 0\n}', '{\n  ""ecDNA"": 3\n}', '{\n  ""ecDNA"": 0\n}', '{\n  ""ecDNA"": 0\n}', '{\n  ""ecDNA"": 3\n}']","I'm sorry, but I cannot provide an answer without a picture. Please upload the image so I can assist you better."
880,574.tif,0,22,88,"['{\n  ""ecDNA"": 3\n}', '{\n  ""ecDNA"": 0\n}', '{\n  ""ecDNA"": 10\n}', '{\n  ""ecDNA"": 2\n}']","['{\n  ""ecDNA"": 0\n}', '{\n  ""ecDNA"": 5\n}', '{\n  ""ecDNA"": 0\n}', '```json\n{\n  ""ecDNA"": 5\n}\n```']","['{\n  ""ecDNA"": 0\n}', '{\n  ""ecDNA"": 3\n}', '{\n  ""ecDNA"": 0\n}', '{\n  ""ecDNA"": 3\n}', '{\n  ""ecDNA"": 3\n}']","{
  ""ecDNA"": 5
}"
881,577.tif,0,12,39,"['{\n  ""ecDNA"": 0\n}', '{\n  ""ecDNA"": 1\n}', '{\n  ""ecDNA"": 0\n}', '{\n  ""ecDNA"": 1\n}']","['{\n  ""ecDNA"": 0\n}', '{\n  ""ecDNA"": 2\n}', '{\n""ecDNA"": 0\n}', '{""ecDNA"": 5}']","['{\n  ""ecDNA"": 3\n}', '{\n  ""ecDNA"": 0\n}', '{\n  ""ecDNA"": 3\n}', '{\n  ""ecDNA"": 0\n}', '{\n  ""ecDNA"": 0\n}']","```json
[10]
```"
882,578.tif,0,5,78,"['{\n  ""ecDNA"": 3\n}', '{\n  ""ecDNA"": 0\n}', '{\n  ""ecDNA"": 8\n}', '{\n  ""ecDNA"": 0\n}']","['{\n  ""ecDNA"": 3\n}', '{\n  ""ecDNA"": 5\n}', '{""ecDNA"": 3}', '{\n  ""ecDNA"": 3\n}']","['{\n  ""ecDNA"": 0\n}', '{\n  ""ecDNA"": 0\n}', '{\n  ""ecDNA"": 0\n}', '{\n  ""ecDNA"": 3\n}', '{\n  ""ecDNA"": 3\n}']","{
    ""ecDNA"": 5
}"
883,58.tif,1,0,0,"['{\n  ""ecDNA"": 3\n}', '{\n  ""ecDNA"": 13\n}', '{\n  ""ecDNA"": 14\n}', '{\n  ""ecDNA"": 0\n}']","['{\n  ""ecDNA"": 0\n}', '{\n  ""ecDNA"": 3\n}', '{\n  ""ecDNA"": 0\n}', '{\n  ""ecDNA"": 1\n}']","['{\n  ""ecDNA"": 3\n}', '{\n  ""ecDNA"": 3\n}', '{\n  ""ecDNA"": 3\n}', '{\n  ""ecDNA"": 0\n}', '{\n  ""ecDNA"": 3\n}']",I'm unable to determine the number of ecDNA in the image as it is not provided. Please provide more information about the ecDNA patterns you are referring to.
884,589.tif,0,9,103,"['{\n  ""ecDNA"": 3\n}', '```json\n{\n  ""ecDNA"": 1\n}\n```', '{\n  ""ecDNA"": 2\n}', '```json\n[1]\n```']","['{\n  ""ecDNA"": 0\n}', '{\n  ""ecDNA"": 3\n}', '{""ecDNA"": 3}', '{\n  ""ecDNA"": 10\n}']","['{\n  ""ecDNA"": 0\n}', '{\n  ""ecDNA"": 0\n}', '{\n  ""ecDNA"": 0\n}', '{\n  ""ecDNA"": 3\n}', '{\n  ""ecDNA"": 0\n}']",I am unable to determine the number of ecDNA in the image as it is not provided. Please provide more information about the ecDNA patterns you are referring to.
885,59.tif,2,20,2,"['{\n  ""ecDNA"": 3\n}', '{\n  ""ecDNA"": 3\n}', '{\n  ""ecDNA"": 0\n}', '{\n  ""ecDNA"": 3\n}']","['{\n  ""ecDNA"": 3\n}', '{\n  ""ecDNA"": 2\n}', '{\n  ""ecDNA"": 3\n}', '{\n  ""ecDNA"": 1\n}']","['{\n  ""ecDNA"": 3\n}', '{\n  ""ecDNA"": 0\n}', '{\n  ""ecDNA"": 0\n}', '{\n  ""ecDNA"": 0\n}', '{\n  ""ecDNA"": 0\n}']","I'm sorry, but I cannot return an integer number in JSON format as it is not a standard format. Please provide a different format for your request, such as a list of ecDNA counts or a specific location within the image where the ecDNA are located."
886,590.tif,0,20,145,"['{\n  ""ecDNA"": 0\n}', '```json\n{\n  ""ecDNA"": 6\n}\n```', '{\n  ""ecDNA"": 2\n}', '{\n  ""ecDNA"": 0\n}']","['{\n  ""ecDNA"": 3\n}', '{""ecDNA"": 5}', '{\n  ""ecDNA"": 3\n}', '{\n""ecDNA"": 3\n}']","['{\n  ""ecDNA"": 3\n}', '{\n  ""ecDNA"": 3\n}', '{\n  ""ecDNA"": 3\n}', '{\n  ""ecDNA"": 0\n}', '{\n  ""ecDNA"": 3\n}']",I'm unable to determine the number of ecDNA in the image as it is not provided. Please provide more information about the ecDNA pattern you are referring to.
887,591.tif,3,2,14,"['{\n  ""ecDNA"": 3\n}', '{\n  ""ecDNA"": 2\n}', '{\n  ""ecDNA"": 1\n}', '{\n  ""ecDNA"": 2\n}']","['{\n  ""ecDNA"": 2\n}', '{\n  ""ecDNA"": 0\n}', '{\n  ""ecDNA"": 2\n}', '{\n  ""ecDNA"": 50\n}']","['{\n  ""ecDNA"": 3\n}', '{\n  ""ecDNA"": 0\n}', '{\n  ""ecDNA"": 3\n}', '{\n  ""ecDNA"": 3\n}', '{\n  ""ecDNA"": 3\n}']","I'm sorry, but I cannot provide a JSON response without a specific image or a number of ecDNA. Please provide more information about the image or the number of ecDNA you are referring to."
888,592.tif,1,5,35,"['{\n  ""ecDNA"": 3\n}', '{\n  ""ecDNA"": 7\n}', '{\n  ""ecDNA"": 2\n}', '{\n  ""ecDNA"": 0\n}']","['{\n  ""ecDNA"": 3\n}', '{\n  ""ecDNA"": 5\n}', '{""ecDNA"": 5}', '{\n""ecDNA"": 2\n}']","['{\n  ""ecDNA"": 3\n}', '{\n  ""ecDNA"": 3\n}', '{\n  ""ecDNA"": 3\n}', '{\n  ""ecDNA"": 0\n}', '{\n  ""ecDNA"": 3\n}']","I'm sorry, but I cannot determine the number of ecDNA in the image as it is not provided. Please provide more information about the ecDNA count or the number of ecDNA you are referring to."
889,593.tif,0,7,82,"['{\n  ""ecDNA"": 3\n}', '{\n  ""ecDNA"": 7\n}', '{\n  ""ecDNA"": 0\n}', '{\n  ""ecDNA"": 0\n}']","['{\n  ""ecDNA"": 0\n}', '{\n  ""ecDNA"": 0\n}', '{\n  ""ecDNA"": 3\n}', '{""ecDNA"": 3}']","['{\n  ""ecDNA"": 3\n}', '{\n  ""ecDNA"": 3\n}', '{\n  ""ecDNA"": 3\n}', '{\n  ""ecDNA"": 0\n}', '{\n  ""ecDNA"": 3\n}']","```json
{
  ""ecDNA"": 5
}
```"
890,594.tif,0,29,155,"['{\n  ""ecDNA"": 3\n}', '{\n  ""ecDNA"": 4\n}', '```json\n[8]\n```', '{\n  ""ecDNA"": 0\n}']","['{\n  ""ecDNA"": 0\n}', '{\n  ""ecDNA"": 3\n}', '{\n  ""ecDNA"": 2\n}', '{""ecDNA"": 5}']","['{\n  ""ecDNA"": 0\n}', '{\n  ""ecDNA"": 3\n}', '{\n  ""ecDNA"": 0\n}', '{\n  ""ecDNA"": 3\n}', '{\n  ""ecDNA"": 0\n}']","{
  ""ecDNA"": 5
}"
891,595.tif,1,13,66,"['{\n  ""ecDNA"": 0\n}', '{\n  ""ecDNA"": 0\n}', '{\n  ""ecDNA"": 6\n}', '{\n  ""ecDNA"": 2\n}']","['{\n  ""ecDNA"": 3\n}', '{\n  ""ecDNA"": 3\n}', '{\n  ""ecDNA"": 0\n}', '{\n""ecDNA"": 0\n}']","['{\n  ""ecDNA"": 3\n}', '{\n  ""ecDNA"": 3\n}', '{\n  ""ecDNA"": 0\n}', '{\n  ""ecDNA"": 0\n}', '{\n  ""ecDNA"": 3\n}']","{
""ecDNA"": 1
}"
892,596.tif,0,21,62,"['{\n  ""ecDNA"": 0\n}', '```json\n{\n  ""ecDNA"": 28\n}\n```', '{\n  ""ecDNA"": 8\n}', '```json\n[1]\n```']","['{\n  ""ecDNA"": 3\n}', '{\n  ""ecDNA"": 0\n}', '{\n  ""ecDNA"": 2\n}', '```json\n{\n  ""ecDNA"": 3\n}\n```']","['{\n  ""ecDNA"": 3\n}', '{\n  ""ecDNA"": 3\n}', '{\n  ""ecDNA"": 3\n}', '{\n  ""ecDNA"": 3\n}', '{\n  ""ecDNA"": 3\n}']","```json
{
  ""ecDNA"": 0
}
```"
893,598.tif,0,4,61,"['{\n  ""ecDNA"": 0\n}', '{\n  ""ecDNA"": 0\n}', '{\n  ""ecDNA"": 10\n}', '{\n  ""ecDNA"": 17\n}']","['{\n  ""ecDNA"": 3\n}', '{\n  ""ecDNA"": 5\n}', '{\n  ""ecDNA"": 5\n}', '{\n""ecDNA"": 3\n}']","['{\n  ""ecDNA"": 0\n}', '{\n  ""ecDNA"": 3\n}', '{\n  ""ecDNA"": 0\n}', '{\n  ""ecDNA"": 0\n}', '{\n  ""ecDNA"": 3\n}']","I'm sorry, but I cannot determine the number of ecDNA in the image as it is not provided. Please provide more information about the ecDNA counts or the number of ecDNA you are referring to."
894,599.tif,0,4,37,"['{\n  ""ecDNA"": 0\n}', '{\n  ""ecDNA"": 18\n}', '{\n  ""ecDNA"": 3\n}', '{\n  ""ecDNA"": 32\n}']","['{\n  ""ecDNA"": 2\n}', '{\n  ""ecDNA"": 2\n}', '{""ecDNA"": 3}', '{\n  ""ecDNA"": {\n    ""count"": 2\n  }\n}']","['{\n  ""ecDNA"": 0\n}', '{\n  ""ecDNA"": 3\n}', '{\n  ""ecDNA"": 3\n}', '{\n  ""ecDNA"": 3\n}', '{\n  ""ecDNA"": 0\n}']","```json
{
  ""ecDNA"": 0
}
```"
895,6.tif,2,0,0,"['{\n  ""ecDNA"": 3\n}', '{\n  ""ecDNA"": 25\n}', '{\n  ""ecDNA"": 59\n}', '{\n  ""ecDNA"": 11\n}']","['{\n  ""ecDNA"": 3\n}', '{\n  ""ecDNA"": 2\n}', '{\n  ""ecDNA"": 5\n}', '{""ecDNA"":2}']","['{\n  ""ecDNA"": 0\n}', '{\n  ""ecDNA"": 3\n}', '{\n  ""ecDNA"": 0\n}', '{\n  ""ecDNA"": 0\n}', '{\n  ""ecDNA"": 0\n}']","Here is the number of ecDNA in the image:
```json
{
  ""ecDNA"": 5
}
```
This means there are 5 ecDNA structures in the image."
896,605.tif,0,2,43,"['{\n  ""ecDNA"": 3\n}', '{\n  ""ecDNA"": 0\n}', '{\n  ""ecDNA"": 1\n}', '{\n  ""ecDNA"": 0\n}']","['{\n  ""ecDNA"": 2\n}', '{\n  ""ecDNA"": 3\n}', '{\n  ""ecDNA"": 0\n}', '{""ecDNA"": 3}']","['{\n  ""ecDNA"": 3\n}', '{\n  ""ecDNA"": 3\n}', '{\n  ""ecDNA"": 3\n}', '{\n  ""ecDNA"": 3\n}', '{\n  ""ecDNA"": 0\n}']","{
  ""ecDNA"": 0
}"
897,609.tif,0,25,89,"['{\n  ""ecDNA"": 3\n}', '{\n  ""ecDNA"": 0\n}', '{\n  ""ecDNA"": 9\n}', '{\n  ""ecDNA"": 0\n}']","['{\n  ""ecDNA"": 2\n}', '{\n  ""ecDNA"": 0\n}', '{""ecDNA"": 3}', '```json\n[2]\n```']","['{\n  ""ecDNA"": 0\n}', '{\n  ""ecDNA"": 3\n}', '{\n  ""ecDNA"": 0\n}', '{\n  ""ecDNA"": 3\n}', '{\n  ""ecDNA"": 0\n}']","I'm sorry, but I cannot determine the number of ecDNA in the image as it is not provided. Please provide more information about the image or the number of ecDNA you are referring to."
898,610.tif,0,16,58,"['{\n  ""ecDNA"": 0\n}', '{\n  ""ecDNA"": 0\n}', '{\n  ""ecDNA"": 4\n}', '{\n  ""ecDNA"": 36\n}']","['{\n  ""ecDNA"": 0\n}', '{\n  ""ecDNA"": 3\n}', '{\n""ecDNA"": 5\n}', '```json\n{\n  ""ecDNA"": 3\n}\n```']","['{\n  ""ecDNA"": 0\n}', '{\n  ""ecDNA"": 3\n}', '{\n  ""ecDNA"": 3\n}', '{\n  ""ecDNA"": 3\n}', '{\n  ""ecDNA"": 0\n}']","{
  ""ecDNA"": 10
}"
899,611.tif,0,0,2,"['{\n  ""ecDNA"": 0\n}', '{\n  ""ecDNA"": 17\n}', '{\n  ""ecDNA"": 5\n}', '{\n  ""ecDNA"": 14\n}']","['{\n  ""ecDNA"": 0\n}', '{\n  ""ecDNA"": 5\n}', '{\n  ""ecDNA"": 20\n}', '{""ecDNA"": 3}']","['{\n  ""ecDNA"": 0\n}', '{\n  ""ecDNA"": 0\n}', '{\n  ""ecDNA"": 3\n}', '{\n  ""ecDNA"": 0\n}', '{\n  ""ecDNA"": 0\n}']","I'm sorry, but I cannot determine the number of ecDNA in the image as it is not provided. Please provide more information about the number of ecDNA you are referring to."
900,613.tif,0,19,104,"['{\n  ""ecDNA"": 3\n}', '{\n  ""ecDNA"": 0\n}', '{\n  ""ecDNA"": 0\n}', '{\n  ""ecDNA"": 10\n}']","['{\n  ""ecDNA"": 3\n}', '{""ecDNA"": 3}', '{\n  ""ecDNA"": 2\n}', '{\n  ""ecDNA"": {\n    ""value"": 2,\n    ""count"": 3\n  }\n}']","['{\n  ""ecDNA"": 3\n}', '{\n  ""ecDNA"": 3\n}', '{\n  ""ecDNA"": 3\n}', '{\n  ""ecDNA"": 3\n}', '{\n  ""ecDNA"": 0\n}']","{""ecDNA"": 10}"
901,614.tif,3,1,10,"['{\n  ""ecDNA"": 3\n}', '{\n  ""ecDNA"": 1\n}', '{\n  ""ecDNA"": 3\n}', '{\n  ""ecDNA"": 1\n}']","['{\n  ""ecDNA"": 0\n}', '{\n  ""ecDNA"": 5\n}', '{\n  ""ecDNA"": 0\n}', '```json\n{\n  ""ecDNA"": 5\n}\n```']","['{\n  ""ecDNA"": 3\n}', '{\n  ""ecDNA"": 0\n}', '{\n  ""ecDNA"": 0\n}', '{\n  ""ecDNA"": 3\n}', '{\n  ""ecDNA"": 3\n}']",I am unable to determine the number of ecDNA in the image as it is not provided. Please provide more information about the image or the number of ecDNA you are referring to.
902,615.tif,1,0,10,"['{\n  ""ecDNA"": 0\n}', '{\n  ""ecDNA"": 0\n}', '{\n  ""ecDNA"": 1\n}', '{\n  ""ecDNA"": 0\n}']","['{\n  ""ecDNA"": 0\n}', '{\n  ""ecDNA"": 0\n}', '{""ecDNA"": 2}', '```json\n{\n  ""ecDNA"": 3\n}\n```']","['{\n  ""ecDNA"": 0\n}', '{\n  ""ecDNA"": 3\n}', '{\n  ""ecDNA"": 3\n}', '{\n  ""ecDNA"": 0\n}', '{\n  ""ecDNA"": 3\n}']","{
  ""ecDNA"": {
    ""count"": 0
  }
}"
903,617.tif,0,5,36,"['{\n  ""ecDNA"": 3\n}', '{\n  ""ecDNA"": 0\n}', '{\n  ""ecDNA"": 2\n}', '{\n  ""ecDNA"": 18\n}']","['{\n  ""ecDNA"": 0\n}', '{\n  ""ecDNA"": 3\n}', '{\n  ""ecDNA"": 2\n}', '{\n""ecDNA"": 2\n}']","['{\n  ""ecDNA"": 3\n}', '{\n  ""ecDNA"": 3\n}', '{\n  ""ecDNA"": 3\n}', '{\n  ""ecDNA"": 0\n}', '{\n  ""ecDNA"": 3\n}']","{
  ""ecDNA"": {
    ""count"": 2
  }
}"
904,618.tif,0,5,30,"['{\n  ""ecDNA"": 3\n}', '{\n  ""ecDNA"": 0\n}', '{\n  ""ecDNA"": 1\n}', '{\n  ""ecDNA"": 2\n}']","['{\n  ""ecDNA"": 0\n}', '{\n  ""ecDNA"": 0\n}', '{""ecDNA"": 3}', '```json\n[{""count"":3}]\n```']","['{\n  ""ecDNA"": 3\n}', '{\n  ""ecDNA"": 0\n}', '{\n  ""ecDNA"": 3\n}', '{\n  ""ecDNA"": 3\n}', '{\n  ""ecDNA"": 0\n}']","{
""ecDNA"": 5
}"
905,620.tif,1,0,0,"['{\n  ""ecDNA"": 0\n}', '{\n  ""ecDNA"": 0\n}', '```json\n[31]\n```', '```json\n[4]\n```']","['{\n  ""ecDNA"": 0\n}', '{\n""ecDNA"": 5\n}', '{""ecDNA"": 5}', '{\n""ecDNA"": 0\n}']","['{\n  ""ecDNA"": 0\n}', '{\n  ""ecDNA"": 0\n}', '{\n  ""ecDNA"": 0\n}', '{\n  ""ecDNA"": 0\n}', '{\n  ""ecDNA"": 3\n}']",I am unable to determine the number of ecDNA in the image as it is not provided. Please provide more information about the image or the number of ecDNA you are referring to.
906,621.tif,1,0,0,"['{\n  ""ecDNA"": 0\n}', '{\n  ""ecDNA"": 13\n}', '{\n  ""ecDNA"": 6\n}', '{\n  ""ecDNA"": 0\n}']","['{\n  ""ecDNA"": 3\n}', '{\n""ecDNA"": 0\n}', '{\n  ""ecDNA"": 3\n}', '{\n  ""ecDNA"": 0\n}']","['{\n  ""ecDNA"": 0\n}', '{\n  ""ecDNA"": 3\n}', '{\n  ""ecDNA"": 3\n}', '{\n  ""ecDNA"": 0\n}', '{\n  ""ecDNA"": 0\n}']","{
  ""ecDNA"": 5
}"
907,622.tif,1,0,0,"['{\n  ""ecDNA"": 3\n}', '{\n  ""ecDNA"": 0\n}', '{\n  ""ecDNA"": 29\n}', '{\n  ""ecDNA"": 16\n}']","['{\n  ""ecDNA"": 3\n}', '{\n  ""ecDNA"": 0\n}', '{""ecDNA"": 2}', '```json\n{\n  ""ecDNA"": 3\n}\n```']","['{\n  ""ecDNA"": 3\n}', '{\n  ""ecDNA"": 3\n}', '{\n  ""ecDNA"": 0\n}', '{\n  ""ecDNA"": 0\n}', '{\n  ""ecDNA"": 0\n}']","I'm sorry, but I cannot determine the number of ecDNA in the image as it is not provided. Please provide more information about the number of ecDNA you are referring to."
908,623.tif,2,0,0,"['{\n  ""ecDNA"": 3\n}', '{\n  ""ecDNA"": 0\n}', '{\n  ""ecDNA"": 0\n}', '{\n  ""ecDNA"": 2\n}']","['{\n  ""ecDNA"": 0\n}', '{\n  ""ecDNA"": 0\n}', '{""ecDNA"": 5}', '{\n  ""ecDNA"": 1\n}']","['{\n  ""ecDNA"": 3\n}', '{\n  ""ecDNA"": 0\n}', '{\n  ""ecDNA"": 3\n}', '{\n  ""ecDNA"": 0\n}', '{\n  ""ecDNA"": 0\n}']","{
""ecDNA"": 5
}"
909,624.tif,1,0,0,"['{\n  ""ecDNA"": 3\n}', '{\n  ""ecDNA"": 18\n}', '{\n  ""ecDNA"": 21\n}', '{\n  ""ecDNA"": 2\n}']","['{\n  ""ecDNA"": 3\n}', '{\n  ""ecDNA"": 0\n}', '{\n  ""ecDNA"": 0\n}', '{\n  ""ecDNA"": 20\n}']","['{\n  ""ecDNA"": 0\n}', '{\n  ""ecDNA"": 3\n}', '{\n  ""ecDNA"": 0\n}', '{\n  ""ecDNA"": 3\n}', '{\n  ""ecDNA"": 0\n}']","I'm sorry, but I cannot provide the number of ecDNA in the image as it is not provided. Please provide more information about the number of ecDNA you are referring to."
910,625.tif,1,0,0,"['{\n  ""ecDNA"": 3\n}', '```json\n{\n  ""ecDNA"": 1\n}\n```', '{\n  ""ecDNA"": 0\n}', '{\n  ""ecDNA"": 10\n}']","['{\n  ""ecDNA"": 3\n}', '{\n""ecDNA"": 3\n}', '{\n  ""ecDNA"": 3\n}', '{\n""ecDNA"": 3\n}']","['{\n  ""ecDNA"": 3\n}', '{\n  ""ecDNA"": 0\n}', '{\n  ""ecDNA"": 3\n}', '{\n  ""ecDNA"": 3\n}', '{\n  ""ecDNA"": 3\n}']","I'm sorry, but I cannot determine the number of ecDNA in the image as it is not provided. Please provide more information about the number of ecDNA in the image."
911,626.tif,1,0,0,"['{\n  ""ecDNA"": 0\n}', '{\n  ""ecDNA"": 7\n}', '{\n  ""ecDNA"": 34\n}', '{\n  ""ecDNA"": 1\n}']","['{\n  ""ecDNA"": 3\n}', '{\n  ""ecDNA"": 0\n}', '{\n""ecDNA"": 0\n}', '{\n  ""ecDNA"": 2\n}']","['{\n  ""ecDNA"": 0\n}', '{\n  ""ecDNA"": 0\n}', '{\n  ""ecDNA"": 0\n}', '{\n  ""ecDNA"": 0\n}', '{\n  ""ecDNA"": 3\n}']",I am unable to determine the number of ecDNA in the image as it is not provided. Please provide more information about the ecDNA count in the image.
912,627.tif,1,0,0,"['{\n  ""ecDNA"": 0\n}', '```json\n{\n  ""ecDNA"": 3\n}\n```', '{\n  ""ecDNA"": 6\n}', '{\n  ""ecDNA"": 0\n}']","['{\n  ""ecDNA"": 0\n}', '{\n  ""ecDNA"": 0\n}', '{\n""ecDNA"": 0\n}', '{\n  ""ecDNA"": 10\n}']","['{\n  ""ecDNA"": 3\n}', '{\n  ""ecDNA"": 3\n}', '{\n  ""ecDNA"": 3\n}', '{\n  ""ecDNA"": 0\n}', '{\n  ""ecDNA"": 3\n}']","{""ecDNA"": 6}"
913,629.tif,0,33,12,"['{\n  ""ecDNA"": 0\n}', '{\n  ""ecDNA"": 4\n}', '{\n  ""ecDNA"": 0\n}', '{\n  ""ecDNA"": 0\n}']","['{\n  ""ecDNA"": 3\n}', '{\n  ""ecDNA"": 0\n}', '{\n  ""ecDNA"": 0\n}', '{\n  ""ecDNA"": 1\n}']","['{\n  ""ecDNA"": 3\n}', '{\n  ""ecDNA"": 0\n}', '{\n  ""ecDNA"": 0\n}', '{\n  ""ecDNA"": 3\n}', '{\n  ""ecDNA"": 0\n}']","I'm sorry, but I cannot determine the number of ecDNA in the image as it is not provided. Please provide more information about the image or the number of ecDNA you are referring to."
914,630.tif,0,24,4,"['{\n  ""ecDNA"": 3\n}', '{\n  ""ecDNA"": 3\n}', '{\n  ""ecDNA"": 15\n}', '{\n  ""ecDNA"": 11\n}']","['{\n  ""ecDNA"": 3\n}', '{\n""ecDNA"": 3\n}', '{\n  ""ecDNA"": 2\n}', '{\n  ""ecDNA"": 1\n}']","['{\n  ""ecDNA"": 3\n}', '{\n  ""ecDNA"": 0\n}', '{\n  ""ecDNA"": 3\n}', '{\n  ""ecDNA"": 3\n}', '{\n  ""ecDNA"": 3\n}']","{
  ""ecDNA"": 1,
  ""description"": ""A single circular structure""
}"
915,633.tif,0,3,3,"['{\n  ""ecDNA"": 0\n}', '{\n  ""ecDNA"": 0\n}', '{\n  ""ecDNA"": 1\n}', '{\n  ""ecDNA"": 0\n}']","['{\n  ""ecDNA"": 0\n}', '{""ecDNA"": 0}', '{""ecDNA"": 2}', '{\n  ""ecDNA"": 5\n}']","['{\n  ""ecDNA"": 0\n}', '{\n  ""ecDNA"": 3\n}', '{\n  ""ecDNA"": 3\n}', '{\n  ""ecDNA"": 0\n}', '{\n  ""ecDNA"": 0\n}']","{
""ecDNA"": 0
}"
916,634.tif,0,11,8,"['{\n  ""ecDNA"": 0\n}', '{\n  ""ecDNA"": 0\n}', '{\n  ""ecDNA"": 3\n}', '{\n  ""ecDNA"": 0\n}']","['{\n  ""ecDNA"": 3\n}', '{""ecDNA"": 3}', '{\n""ecDNA"": 3\n}', '{\n  ""ecDNA"": 20\n}']","['{\n  ""ecDNA"": 0\n}', '{\n  ""ecDNA"": 0\n}', '{\n  ""ecDNA"": 3\n}', '{\n  ""ecDNA"": 3\n}', '{\n  ""ecDNA"": 3\n}']","I'm sorry, but I cannot determine the number of ecDNA in the image as it is not provided. Please provide more information about the number of ecDNA you are referring to."
917,636.tif,1,0,0,"['{\n  ""ecDNA"": 3\n}', '{\n  ""ecDNA"": 0\n}', '{\n  ""ecDNA"": 22\n}', '```json\n[0]\n```']","['{\n  ""ecDNA"": 0\n}', '{\n  ""ecDNA"": 2\n}', '{\n  ""ecDNA"": 0\n}', '{\n""ecDNA"": 2\n}']","['{\n  ""ecDNA"": 0\n}', '{\n  ""ecDNA"": 3\n}', '{\n  ""ecDNA"": 0\n}', '{\n  ""ecDNA"": 3\n}', '{\n  ""ecDNA"": 0\n}']","{
  ""ecDNA"": 5
}"
918,637.tif,1,0,0,"['{\n  ""ecDNA"": 0\n}', '{\n  ""ecDNA"": 0\n}', '{\n  ""ecDNA"": 6\n}', '{\n  ""ecDNA"": 3\n}']","['{\n  ""ecDNA"": 3\n}', '{\n""ecDNA"": 0\n}', '{\n  ""ecDNA"": 5\n}', '{""ecDNA_count"":2}']","['{\n  ""ecDNA"": 0\n}', '{\n  ""ecDNA"": 0\n}', '{\n  ""ecDNA"": 3\n}', '{\n  ""ecDNA"": 0\n}', '{\n  ""ecDNA"": 0\n}']","{
""ecDNA"": 0
}"
919,638.tif,2,1,2,"['{\n  ""ecDNA"": 3\n}', '{\n  ""ecDNA"": 1\n}', '{\n  ""ecDNA"": 5\n}', '{\n  ""ecDNA"": 38\n}']","['{\n  ""ecDNA"": 3\n}', '{""ecDNA"": 3}', '{\n  ""ecDNA"": 0\n}', '{\n""ecDNA"": 10\n}']","['{\n  ""ecDNA"": 0\n}', '{\n  ""ecDNA"": 0\n}', '{\n  ""ecDNA"": 0\n}', '{\n  ""ecDNA"": 0\n}', '{\n  ""ecDNA"": 3\n}']","I'm sorry, but I cannot provide the number of ecDNA in the image as it is not provided. Please provide more information about the image or the number of ecDNA you are referring to."
920,640.tif,2,0,0,"['{\n  ""ecDNA"": 3\n}', '{\n  ""ecDNA"": 2\n}', '{\n  ""ecDNA"": 1\n}', '{\n  ""ecDNA"": 0\n}']","['{\n  ""ecDNA"": 3\n}', '{\n  ""ecDNA"": 0\n}', '{""ecDNA"": 3}', '```json\n[1]\n```']","['{\n  ""ecDNA"": 0\n}', '{\n  ""ecDNA"": 3\n}', '{\n  ""ecDNA"": 3\n}', '{\n  ""ecDNA"": 3\n}', '{\n  ""ecDNA"": 3\n}']","I'm sorry, but I cannot provide an answer without a picture. Please upload the image so I can assist you better."
921,641.tif,4,0,7,"['{\n  ""ecDNA"": 3\n}', '{\n  ""ecDNA"": 0\n}', '{\n  ""ecDNA"": 17\n}', '{\n  ""ecDNA"": 1\n}']","['{\n  ""ecDNA"": 3\n}', '{\n  ""ecDNA"": 0\n}', '{\n  ""ecDNA"": 3\n}', '{\n  ""ecDNA"": 0\n}']","['{\n  ""ecDNA"": 3\n}', '{\n  ""ecDNA"": 3\n}', '{\n  ""ecDNA"": 3\n}', '{\n  ""ecDNA"": 3\n}', '{\n  ""ecDNA"": 3\n}']","{
""ecDNA"": 1
}"
922,642.tif,2,0,0,"['{\n  ""ecDNA"": 3\n}', '{\n  ""ecDNA"": 0\n}', '{\n  ""ecDNA"": 5\n}', '```json\n[14]\n```']","['{\n  ""ecDNA"": 3\n}', '{""ecDNA"": 0}', '{\n  ""ecDNA"": 5\n}', '{\n""ecDNA"": 3\n}']","['{\n  ""ecDNA"": 0\n}', '{\n  ""ecDNA"": 0\n}', '{\n  ""ecDNA"": 3\n}', '{\n  ""ecDNA"": 3\n}', '{\n  ""ecDNA"": 0\n}']","{
  ""ecDNA"": 5
}"
923,643.tif,1,1,9,"['{\n  ""ecDNA"": 0\n}', '{\n  ""ecDNA"": 38\n}', '{\n  ""ecDNA"": 21\n}', '{\n  ""ecDNA"": 0\n}']","['{\n  ""ecDNA"": 3\n}', '{\n  ""ecDNA"": 0\n}', '{\n  ""ecDNA"": 0\n}', '{""ecDNA"": 2}']","['{\n  ""ecDNA"": 0\n}', '{\n  ""ecDNA"": 3\n}', '{\n  ""ecDNA"": 3\n}', '{\n  ""ecDNA"": 3\n}', '{\n  ""ecDNA"": 0\n}']","{
  ""ecDNA"": 5
}"
924,644.tif,3,0,0,"['{\n  ""ecDNA"": 0\n}', '{\n  ""ecDNA"": 1\n}', '{\n  ""ecDNA"": 2\n}', '{\n  ""ecDNA"": 0\n}']","['{\n  ""ecDNA"": 0\n}', '{""ecDNA"": 3}', '{""ecDNA"": 0}', '```json\n{\n  ""ecDNA"": 2\n}\n```']","['{\n  ""ecDNA"": 3\n}', '{\n  ""ecDNA"": 0\n}', '{\n  ""ecDNA"": 3\n}', '{\n  ""ecDNA"": 3\n}', '{\n  ""ecDNA"": 3\n}']","{
  ""ecDNA"": 100000
}"
925,645.tif,2,0,0,"['{\n  ""ecDNA"": 3\n}', '```json\n{\n  ""ecDNA"": 1\n}\n```', '{\n  ""ecDNA"": 0\n}', '{\n  ""ecDNA"": 7\n}']","['{\n  ""ecDNA"": 3\n}', '{\n  ""ecDNA"": 0\n}', '{\n""ecDNA"": 0\n}', '{\n""ecDNA"": 2\n}']","['{\n  ""ecDNA"": 3\n}', '{\n  ""ecDNA"": 0\n}', '{\n  ""ecDNA"": 3\n}', '{\n  ""ecDNA"": 0\n}', '{\n  ""ecDNA"": 3\n}']","```json
{""ecDNA"": 5}
```"
926,646.tif,2,0,0,"['{\n  ""ecDNA"": 3\n}', '{\n  ""ecDNA"": 1\n}', '{\n  ""ecDNA"": 1\n}', '{\n  ""ecDNA"": 0\n}']","['{\n  ""ecDNA"": 3\n}', '{\n  ""ecDNA"": 5\n}', '{\n  ""ecDNA"": 20\n}', '{\n  ""ecDNA"": 0\n}']","['{\n  ""ecDNA"": 3\n}', '{\n  ""ecDNA"": 3\n}', '{\n  ""ecDNA"": 0\n}', '{\n  ""ecDNA"": 3\n}', '{\n  ""ecDNA"": 0\n}']","I'm sorry, but I cannot determine the number of ecDNA in the image as it is not provided. Please provide more information about the number of ecDNA you are referring to."
927,647.tif,5,0,3,"['{\n  ""ecDNA"": 0\n}', '{\n  ""ecDNA"": 1\n}', '{\n  ""ecDNA"": 0\n}', '{\n  ""ecDNA"": 7\n}']","['{\n  ""ecDNA"": 3\n}', '{""ecDNA"": 2}', '{\n  ""ecDNA"": 3\n}', '{\n  ""ecDNA"": 2\n}']","['{\n  ""ecDNA"": 0\n}', '{\n  ""ecDNA"": 0\n}', '{\n  ""ecDNA"": 0\n}', '{\n  ""ecDNA"": 0\n}', '{\n  ""ecDNA"": 0\n}']","I'm sorry, but I cannot determine the number of ecDNA in the image as it is not provided. Please provide more information about the number of ecDNA you are referring to."
928,648.tif,2,0,0,"['{\n  ""ecDNA"": 0\n}', '{\n  ""ecDNA"": 0\n}', '{\n  ""ecDNA"": 1\n}', '{\n  ""ecDNA"": 45\n}']","['{\n  ""ecDNA"": 3\n}', '{\n  ""ecDNA"": 3\n}', '{\n  ""ecDNA"": 5\n}', '{""ecDNA"":2}']","['{\n  ""ecDNA"": 0\n}', '{\n  ""ecDNA"": 3\n}', '{\n  ""ecDNA"": 0\n}', '{\n  ""ecDNA"": 3\n}', '{\n  ""ecDNA"": 3\n}']","I'm sorry, but I cannot determine the number of ecDNA in the image as it is not provided. Please provide more information about the image or the number of ecDNA you are referring to."
929,649.tif,1,11,7,"['{\n  ""ecDNA"": 0\n}', '{\n  ""ecDNA"": 44\n}', '{\n  ""ecDNA"": 1\n}', '{\n  ""ecDNA"": 0\n}']","['{\n  ""ecDNA"": 0\n}', '{\n  ""ecDNA"": 3\n}', '{\n  ""ecDNA"": 2\n}', '{\n""ecDNA"": 0\n}']","['{\n  ""ecDNA"": 3\n}', '{\n  ""ecDNA"": 0\n}', '{\n  ""ecDNA"": 0\n}', '{\n  ""ecDNA"": 3\n}', '{\n  ""ecDNA"": 0\n}']","```json
{
  ""ecDNA"": {
    ""count"": 5
  }
}
```"
930,650.tif,0,7,2,"['{\n  ""ecDNA"": 3\n}', '{\n  ""ecDNA"": 0\n}', '{\n  ""ecDNA"": 1\n}', '{\n  ""ecDNA"": 14\n}']","['{\n  ""ecDNA"": 3\n}', '{\n""ecDNA"": 2\n}', '{""ecDNA"": 3}', '{\n""ecDNA"": 3\n}']","['{\n  ""ecDNA"": 3\n}', '{\n  ""ecDNA"": 0\n}', '{\n  ""ecDNA"": 0\n}', '{\n  ""ecDNA"": 3\n}', '{\n  ""ecDNA"": 0\n}']","I'm sorry, but I cannot provide an answer without a picture. Please upload the image so I can assist you better."
931,652.tif,1,22,10,"['{\n  ""ecDNA"": 3\n}', '```json\n{\n  ""ecDNA"": 1\n}\n```', '{\n  ""ecDNA"": 1\n}', '{\n  ""ecDNA"": 0\n}']","['{\n  ""ecDNA"": 3\n}', '{\n  ""ecDNA"": 0\n}', '{\n""ecDNA"": 5\n}', '{\n  ""ecDNA"": 2\n}']","['{\n  ""ecDNA"": 0\n}', '{\n  ""ecDNA"": 0\n}', '{\n  ""ecDNA"": 3\n}', '{\n  ""ecDNA"": 0\n}', '{\n  ""ecDNA"": 0\n}']","I'm sorry, but I cannot determine the number of ecDNA in the image as it is not provided. Please provide more information about the number of ecDNA you are referring to."
932,653.tif,0,27,23,"['{\n  ""ecDNA"": 3\n}', '```json\n{\n  ""ecDNA"": 1\n}\n```', '```json\n[17]\n```', '{\n  ""ecDNA"": 16\n}']","['{\n  ""ecDNA"": 3\n}', '{\n  ""ecDNA"": 0\n}', '{\n  ""ecDNA"": 0\n}', '{""ecDNA_count"": 3}']","['{\n  ""ecDNA"": 3\n}', '{\n  ""ecDNA"": 0\n}', '{\n  ""ecDNA"": 0\n}', '{\n  ""ecDNA"": 0\n}', '{\n  ""ecDNA"": 3\n}']","{
  ""ecDNA"": 5
}"
933,654.tif,1,4,0,"['{\n  ""ecDNA"": 0\n}', '{\n  ""ecDNA"": 0\n}', '{\n  ""ecDNA"": 5\n}', '{\n  ""ecDNA"": 3\n}']","['{\n  ""ecDNA"": 0\n}', '{\n  ""ecDNA"": 2\n}', '{\n""ecDNA"": 0\n}', '{""ecDNA_count"":3}']","['{\n  ""ecDNA"": 0\n}', '{\n  ""ecDNA"": 3\n}', '{\n  ""ecDNA"": 3\n}', '{\n  ""ecDNA"": 3\n}', '{\n  ""ecDNA"": 0\n}']","{
  ""ecDNA"": 3
}"
934,656.tif,1,1,0,"['{\n  ""ecDNA"": 3\n}', '{\n  ""ecDNA"": 0\n}', '{\n  ""ecDNA"": 48\n}', '{\n  ""ecDNA"": 1\n}']","['{\n  ""ecDNA"": 3\n}', '{\n  ""ecDNA"": 0\n}', '{""ecDNA"": 2}', '{""ecDNA_count"": 2}']","['{\n  ""ecDNA"": 0\n}', '{\n  ""ecDNA"": 0\n}', '{\n  ""ecDNA"": 3\n}', '{\n  ""ecDNA"": 0\n}', '{\n  ""ecDNA"": 0\n}']","I'm sorry, but I cannot determine the number of ecDNA in the image as it is not provided. Please provide more information about the number of ecDNA you are referring to."
935,657.tif,1,3,0,"['{\n  ""ecDNA"": 3\n}', '{\n  ""ecDNA"": 3\n}', '```json\n[5]\n```', '{\n  ""ecDNA"": 12\n}']","['{\n  ""ecDNA"": 0\n}', '{\n  ""ecDNA"": 2\n}', '{""ecDNA"": 3}', '{\n  ""ecDNA"": {\n    ""count"": 0\n  }\n}']","['{\n  ""ecDNA"": 0\n}', '{\n  ""ecDNA"": 3\n}', '{\n  ""ecDNA"": 3\n}', '{\n  ""ecDNA"": 3\n}', '{\n  ""ecDNA"": 3\n}']","I'm sorry, but I cannot determine the number of ecDNA in the image as it is not provided. Please provide more information about the number of ecDNA you are referring to."
936,658.tif,4,0,0,"['{\n  ""ecDNA"": 3\n}', '{\n  ""ecDNA"": 0\n}', '{\n  ""ecDNA"": 6\n}', '{\n  ""ecDNA"": 1\n}']","['{\n  ""ecDNA"": 3\n}', '{\n""ecDNA"": 3\n}', '{""ecDNA"": 5}', '{\n""ecDNA"": 100\n}']","['{\n  ""ecDNA"": 0\n}', '{\n  ""ecDNA"": 0\n}', '{\n  ""ecDNA"": 0\n}', '{\n  ""ecDNA"": 3\n}', '{\n  ""ecDNA"": 3\n}']","{
  ""ecDNA"": 2
}"
937,659.tif,1,0,0,"['{\n  ""ecDNA"": 3\n}', '{\n  ""ecDNA"": 10\n}', '{\n  ""ecDNA"": 1\n}', '{\n  ""ecDNA"": 1\n}']","['{\n  ""ecDNA"": 0\n}', '{""ecDNA"": 3}', '{\n  ""ecDNA"": 0\n}', '{""ecDNA"": 0}']","['{\n  ""ecDNA"": 3\n}', '{\n  ""ecDNA"": 0\n}', '{\n  ""ecDNA"": 3\n}', '{\n  ""ecDNA"": 3\n}', '{\n  ""ecDNA"": 0\n}']","{
  ""ecDNA"": 0
}"
938,660.tif,3,0,0,"['{\n  ""ecDNA"": 3\n}', '```json\n{\n  ""ecDNA"": 3\n}\n```', '{\n  ""ecDNA"": 14\n}', '{\n  ""ecDNA"": 0\n}']","['{\n  ""ecDNA"": 0\n}', '{\n  ""ecDNA"": 2\n}', '{""ecDNA"": 5}', '{\n""ecDNA"": 1000\n}']","['{\n  ""ecDNA"": 3\n}', '{\n  ""ecDNA"": 0\n}', '{\n  ""ecDNA"": 0\n}', '{\n  ""ecDNA"": 0\n}', '{\n  ""ecDNA"": 3\n}']","{
  ""ecDNA"": 1
}"
939,661.tif,6,1,0,"['{\n  ""ecDNA"": 0\n}', '{\n  ""ecDNA"": 0\n}', '```json\n[8]\n```', '{\n  ""ecDNA"": 1\n}']","['{\n  ""ecDNA"": 3\n}', '{\n  ""ecDNA"": 0\n}', '{\n  ""ecDNA"": 3\n}', '{""ecDNA"": 5}']","['{\n  ""ecDNA"": 3\n}', '{\n  ""ecDNA"": 0\n}', '{\n  ""ecDNA"": 0\n}', '{\n  ""ecDNA"": 0\n}', '{\n  ""ecDNA"": 3\n}']",I am unable to determine the number of ecDNA in the image as it is not provided. Please provide more information about the image or the number of ecDNA you are referring to.
940,662.tif,2,0,0,"['{\n  ""ecDNA"": 3\n}', '{\n  ""ecDNA"": 0\n}', '{\n  ""ecDNA"": 1\n}', '{\n  ""ecDNA"": 3\n}']","['{\n  ""ecDNA"": 2\n}', '{""ecDNA"": 2}', '{\n""ecDNA"": 3\n}', '{\n  ""ecDNA"": 3\n}']","['{\n  ""ecDNA"": 3\n}', '{\n  ""ecDNA"": 0\n}', '{\n  ""ecDNA"": 3\n}', '{\n  ""ecDNA"": 3\n}', '{\n  ""ecDNA"": 3\n}']","{
  ""ecDNA"": 6
}"
941,663.tif,2,0,0,"['{\n  ""ecDNA"": 3\n}', '{\n  ""ecDNA"": 3\n}', '{\n  ""ecDNA"": 4\n}', '{\n  ""ecDNA"": 1\n}']","['{\n  ""ecDNA"": 3\n}', '{\n  ""ecDNA"": 3\n}', '{\n""ecDNA"": 2\n}', '```json\n{\n  ""ecDNA"": 5\n}\n```']","['{\n  ""ecDNA"": 3\n}', '{\n  ""ecDNA"": 3\n}', '{\n  ""ecDNA"": 0\n}', '{\n  ""ecDNA"": 3\n}', '{\n  ""ecDNA"": 0\n}']","{
  ""ecDNA"": 5
}"
942,664.tif,2,0,0,"['{\n  ""ecDNA"": 0\n}', '{\n  ""ecDNA"": 5\n}', '{\n  ""ecDNA"": 0\n}', '{\n  ""ecDNA"": 0\n}']","['{\n  ""ecDNA"": 0\n}', '{\n  ""ecDNA"": 2\n}', '{\n  ""ecDNA"": 2\n}', '{""ecDNA_count"":2}']","['{\n  ""ecDNA"": 0\n}', '{\n  ""ecDNA"": 0\n}', '{\n  ""ecDNA"": 3\n}', '{\n  ""ecDNA"": 0\n}', '{\n  ""ecDNA"": 0\n}']",I am unable to determine the number of ecDNA in the image as it is not provided. Please provide more information about the ecDNA pattern in the image or the number of ecDNA you are referring to.
943,665.tif,2,0,0,"['{\n  ""ecDNA"": 0\n}', '{\n  ""ecDNA"": 2\n}', '{\n  ""ecDNA"": 2\n}', '{\n  ""ecDNA"": 13\n}']","['{\n  ""ecDNA"": 3\n}', '{\n  ""ecDNA"": 0\n}', '{\n  ""ecDNA"": 5\n}', '{\n""ecDNA"": 0\n}']","['{\n  ""ecDNA"": 0\n}', '{\n  ""ecDNA"": 0\n}', '{\n  ""ecDNA"": 0\n}', '{\n  ""ecDNA"": 3\n}', '{\n  ""ecDNA"": 0\n}']","{
  ""ecDNA"": 0
}"
944,666.tif,2,0,0,"['{\n  ""ecDNA"": 0\n}', '{\n  ""ecDNA"": 0\n}', '{\n  ""ecDNA"": 50\n}', '```json\n[1]\n```']","['{\n  ""ecDNA"": 0\n}', '{\n  ""ecDNA"": 5\n}', '{\n""ecDNA"": 2\n}', '{""ecDNA_count"": 0}']","['{\n  ""ecDNA"": 3\n}', '{\n  ""ecDNA"": 3\n}', '{\n  ""ecDNA"": 0\n}', '{\n  ""ecDNA"": 0\n}', '{\n  ""ecDNA"": 3\n}']","```json
{""ecDNA"": 1}
```"
945,667.tif,1,0,0,"['{\n  ""ecDNA"": 3\n}', '{\n  ""ecDNA"": 0\n}', '{\n  ""ecDNA"": 16\n}', '{\n  ""ecDNA"": 0\n}']","['{\n  ""ecDNA"": 2\n}', '{""ecDNA"": 2}', '{\n""ecDNA"": 2\n}', '```json\n{\n  ""ecDNA"": 3\n}\n```']","['{\n  ""ecDNA"": 3\n}', '{\n  ""ecDNA"": 3\n}', '{\n  ""ecDNA"": 3\n}', '{\n  ""ecDNA"": 3\n}', '{\n  ""ecDNA"": 0\n}']","{
  ""ecDNA"": 5
}"
946,668.tif,2,0,0,"['{\n  ""ecDNA"": 3\n}', '{\n  ""ecDNA"": 0\n}', '{\n  ""ecDNA"": 35\n}', '{\n  ""ecDNA"": 1\n}']","['{\n  ""ecDNA"": 3\n}', '{\n  ""ecDNA"": 0\n}', '{""ecDNA"": 2}', '{""ecDNA_count"":3}']","['{\n  ""ecDNA"": 3\n}', '{\n  ""ecDNA"": 3\n}', '{\n  ""ecDNA"": 0\n}', '{\n  ""ecDNA"": 0\n}', '{\n  ""ecDNA"": 0\n}']","{
  ""ecDNA"": 4
}"
947,669.tif,0,20,9,"['{\n  ""ecDNA"": 0\n}', '{\n  ""ecDNA"": 0\n}', '{\n  ""ecDNA"": 0\n}', '{\n  ""ecDNA"": 35\n}']","['{\n  ""ecDNA"": 0\n}', '{\n  ""ecDNA"": 0\n}', '{\n  ""ecDNA"": 3\n}', '{""ecDNA"": 3}']","['{\n  ""ecDNA"": 3\n}', '{\n  ""ecDNA"": 0\n}', '{\n  ""ecDNA"": 0\n}', '{\n  ""ecDNA"": 3\n}', '{\n  ""ecDNA"": 0\n}']","{
  ""ecDNA"": {
    ""count"": 20
  }
}"
948,670.tif,1,25,9,"['{\n  ""ecDNA"": 0\n}', '{\n  ""ecDNA"": 2\n}', '{\n  ""ecDNA"": 1\n}', '{\n  ""ecDNA"": 1\n}']","['{\n  ""ecDNA"": 0\n}', '{\n  ""ecDNA"": 5\n}', '{\n""ecDNA"": 3\n}', '{\n  ""ecDNA"": 0\n}']","['{\n  ""ecDNA"": 0\n}', '{\n  ""ecDNA"": 0\n}', '{\n  ""ecDNA"": 0\n}', '{\n  ""ecDNA"": 0\n}', '{\n  ""ecDNA"": 0\n}']","{
  ""ecDNA"": 0
}"
949,672.tif,3,0,0,"['{\n  ""ecDNA"": 3\n}', '{\n  ""ecDNA"": 3\n}', '{\n  ""ecDNA"": 0\n}', '{\n  ""ecDNA"": 10\n}']","['{\n  ""ecDNA"": 2\n}', '{\n  ""ecDNA"": 3\n}', '{\n  ""ecDNA"": 5\n}', '{""ecDNA_count"": 2}']","['{\n  ""ecDNA"": 3\n}', '{\n  ""ecDNA"": 3\n}', '{\n  ""ecDNA"": 3\n}', '{\n  ""ecDNA"": 3\n}', '{\n  ""ecDNA"": 0\n}']","{
""ecDNA"": 2
}"
950,673.tif,2,11,0,"['{\n  ""ecDNA"": 3\n}', '{\n  ""ecDNA"": 0\n}', '{\n  ""ecDNA"": 4\n}', '{\n  ""ecDNA"": 1\n}']","['{\n  ""ecDNA"": 0\n}', '{\n  ""ecDNA"": 0\n}', '{\n  ""ecDNA"": 0\n}', '{""ecDNA_count"": 5}']","['{\n  ""ecDNA"": 0\n}', '{\n  ""ecDNA"": 0\n}', '{\n  ""ecDNA"": 0\n}', '{\n  ""ecDNA"": 0\n}', '{\n  ""ecDNA"": 0\n}']","I'm sorry, but I cannot provide an integer number as there is no image available to analyze. Please provide more information about the image or the ecDNA patterns you are referring to."
951,674.tif,0,15,3,"['{\n  ""ecDNA"": 3\n}', '{\n  ""ecDNA"": 11\n}', '{\n  ""ecDNA"": 4\n}', '{\n  ""ecDNA"": 0\n}']","['{\n  ""ecDNA"": 2\n}', '{\n  ""ecDNA"": 5\n}', '{""ecDNA"": 3}', '{\n  ""ecDNA"": 0\n}']","['{\n  ""ecDNA"": 0\n}', '{\n  ""ecDNA"": 0\n}', '{\n  ""ecDNA"": 0\n}', '{\n  ""ecDNA"": 3\n}', '{\n  ""ecDNA"": 0\n}']","I'm sorry, but I cannot determine the number of ecDNA in the image as it is not provided. Please provide more information about the number of ecDNA you are referring to."
952,675.tif,1,0,0,"['{\n  ""ecDNA"": 0\n}', '```json\n{\n  ""ecDNA"": 6\n}\n```', '{\n  ""ecDNA"": 3\n}', '{\n  ""ecDNA"": 1\n}']","['{\n  ""ecDNA"": 3\n}', '{\n  ""ecDNA"": 3\n}', '{\n  ""ecDNA"": 2\n}', '{\n  ""ecDNA"": 5\n}']","['{\n  ""ecDNA"": 0\n}', '{\n  ""ecDNA"": 0\n}', '{\n  ""ecDNA"": 0\n}', '{\n  ""ecDNA"": 3\n}', '{\n  ""ecDNA"": 3\n}']","I'm sorry, but I cannot determine the number of ecDNA in the image as it is not provided. Please provide more information about the image or the number of ecDNA you are referring to."
953,676.tif,7,0,0,"['{\n  ""ecDNA"": 3\n}', '```json\n{\n  ""ecDNA"": 1\n}\n```', '{\n  ""ecDNA"": 1\n}', '{\n  ""ecDNA"": 5\n}']","['{\n  ""ecDNA"": 3\n}', '{\n  ""ecDNA"": 3\n}', '{""ecDNA"": 3}', '{""ecDNA"": 0}']","['{\n  ""ecDNA"": 3\n}', '{\n  ""ecDNA"": 3\n}', '{\n  ""ecDNA"": 0\n}', '{\n  ""ecDNA"": 3\n}', '{\n  ""ecDNA"": 0\n}']","I'm sorry, but I cannot determine the number of ecDNA in the image as it is not provided. Please provide more information about the number of ecDNA in the image."
954,677.tif,5,0,1,"['{\n  ""ecDNA"": 0\n}', '{\n  ""ecDNA"": 13\n}', '{\n  ""ecDNA"": 0\n}', '{\n  ""ecDNA"": 1\n}']","['{\n  ""ecDNA"": 0\n}', '{\n""ecDNA"": 3\n}', '{""ecDNA"": 5}', '{\n""ecDNA"": 2\n}']","['{\n  ""ecDNA"": 3\n}', '{\n  ""ecDNA"": 0\n}', '{\n  ""ecDNA"": 0\n}', '{\n  ""ecDNA"": 0\n}', '{\n  ""ecDNA"": 0\n}']","{
  ""ecDNA"": {
    ""count"": 1,
    ""description"": ""Circular structures in cell images.""
  }
}"
955,678.tif,1,0,0,"['{\n  ""ecDNA"": 0\n}', '{\n  ""ecDNA"": 0\n}', '{\n  ""ecDNA"": 0\n}', '{\n  ""ecDNA"": 0\n}']","['{\n  ""ecDNA"": 2\n}', '{\n  ""ecDNA"": 3\n}', '{\n  ""ecDNA"": 5\n}', '{\n  ""ecDNA"": 3\n}']","['{\n  ""ecDNA"": 3\n}', '{\n  ""ecDNA"": 0\n}', '{\n  ""ecDNA"": 0\n}', '{\n  ""ecDNA"": 3\n}', '{\n  ""ecDNA"": 0\n}']","I'm sorry, but I cannot determine the number of ecDNA in the image as it is not provided. Please provide more information about the number of ecDNA you are referring to."
956,679.tif,2,1,0,"['{\n  ""ecDNA"": 0\n}', '{\n  ""ecDNA"": 2\n}', '{\n  ""ecDNA"": 29\n}', '{\n  ""ecDNA"": 0\n}']","['{\n  ""ecDNA"": 0\n}', '{""ecDNA"": 2}', '{\n  ""ecDNA"": 5\n}', '{\n  ""ecDNA"": 50\n}']","['{\n  ""ecDNA"": 0\n}', '{\n  ""ecDNA"": 3\n}', '{\n  ""ecDNA"": 0\n}', '{\n  ""ecDNA"": 3\n}', '{\n  ""ecDNA"": 0\n}']","I'm sorry, but I cannot determine the number of ecDNA in the image as it is not provided. Please provide more information about the number of ecDNA you are referring to."
957,68.tif,0,2,6,"['{\n  ""ecDNA"": 3\n}', '```json\n{\n  ""ecDNA"": 1\n}\n```', '{\n  ""ecDNA"": 1\n}', '```json\n[18]\n```']","['{\n  ""ecDNA"": 0\n}', '{""ecDNA"": 0}', '{\n  ""ecDNA"": 0\n}', '{\n""ecDNA"": 3\n}']","['{\n  ""ecDNA"": 3\n}', '{\n  ""ecDNA"": 0\n}', '{\n  ""ecDNA"": 0\n}', '{\n  ""ecDNA"": 3\n}', '{\n  ""ecDNA"": 0\n}']","{
  ""ecDNA"": 10
}"
958,680.tif,4,0,0,"['{\n  ""ecDNA"": 0\n}', '{\n  ""ecDNA"": 0\n}', '{\n  ""ecDNA"": 1\n}', '```json\n[8]\n```']","['{\n  ""ecDNA"": 0\n}', '{\n  ""ecDNA"": 3\n}', '{\n""ecDNA"": 0\n}', '{\n  ""ecDNA"": {\n    ""count"": 0\n  }\n}']","['{\n  ""ecDNA"": 0\n}', '{\n  ""ecDNA"": 3\n}', '{\n  ""ecDNA"": 0\n}', '{\n  ""ecDNA"": 0\n}', '{\n  ""ecDNA"": 0\n}']","{
  ""ecDNA"": 1
}"
959,681.tif,5,0,0,"['{\n  ""ecDNA"": 0\n}', '{\n  ""ecDNA"": 0\n}', '{\n  ""ecDNA"": 6\n}', '{\n  ""ecDNA"": 1\n}']","['{\n  ""ecDNA"": 2\n}', '{\n""ecDNA"": 0\n}', '{\n  ""ecDNA"": 0\n}', '{""ecDNA_count"": 3}']","['{\n  ""ecDNA"": 3\n}', '{\n  ""ecDNA"": 3\n}', '{\n  ""ecDNA"": 0\n}', '{\n  ""ecDNA"": 3\n}', '{\n  ""ecDNA"": 0\n}']","I'm sorry, but I cannot determine the number of ecDNA in the image as it is not provided. Please provide more information about the image or the number of ecDNA you are referring to."
960,682.tif,3,0,0,"['{\n  ""ecDNA"": 3\n}', '```json\n{\n  ""ecDNA"": 1\n}\n```', '{\n  ""ecDNA"": 5\n}', '{\n  ""ecDNA"": 6\n}']","['{\n  ""ecDNA"": 0\n}', '{\n  ""ecDNA"": 3\n}', '{\n""ecDNA"": 5\n}', '{""ecDNA"": 1}']","['{\n  ""ecDNA"": 3\n}', '{\n  ""ecDNA"": 0\n}', '{\n  ""ecDNA"": 0\n}', '{\n  ""ecDNA"": 3\n}', '{\n  ""ecDNA"": 3\n}']","I'm sorry, but I cannot provide an integer number in JSON format without a picture. Please upload the image so I can assist you better."
961,683.tif,3,2,0,"['{\n  ""ecDNA"": 3\n}', '{\n  ""ecDNA"": 1\n}', '{\n  ""ecDNA"": 5\n}', '```json\n[0]\n```']","['{\n  ""ecDNA"": 2\n}', '{""ecDNA"": 0}', '{""ecDNA"": 3}', '{\n  ""ecDNA"": 20\n}']","['{\n  ""ecDNA"": 3\n}', '{\n  ""ecDNA"": 0\n}', '{\n  ""ecDNA"": 0\n}', '{\n  ""ecDNA"": 0\n}', '{\n  ""ecDNA"": 3\n}']","I'm sorry, but I cannot determine the number of ecDNA in the image as it is not provided. Please provide more information about the number of ecDNA you want me to count."
962,684.tif,2,1,0,"['{\n  ""ecDNA"": 3\n}', '{\n  ""ecDNA"": 0\n}', '{\n  ""ecDNA"": 1\n}', '{\n  ""ecDNA"": 0\n}']","['{\n  ""ecDNA"": 3\n}', '{\n  ""ecDNA"": 0\n}', '{""ecDNA"": 0}', '{\n  ""ecDNA"": 0\n}']","['{\n  ""ecDNA"": 0\n}', '{\n  ""ecDNA"": 3\n}', '{\n  ""ecDNA"": 3\n}', '{\n  ""ecDNA"": 3\n}', '{\n  ""ecDNA"": 0\n}']","```json
{""ecDNA"": 5}
```"
963,685.tif,2,4,1,"['{\n  ""ecDNA"": 0\n}', '{\n  ""ecDNA"": 2\n}', '{\n  ""ecDNA"": 1\n}', '{\n  ""ecDNA"": 16\n}']","['{\n  ""ecDNA"": 0\n}', '{""ecDNA"": 0}', '{""ecDNA"": 3}', '{""ecDNA"": 2}']","['{\n  ""ecDNA"": 3\n}', '{\n  ""ecDNA"": 0\n}', '{\n  ""ecDNA"": 0\n}', '{\n  ""ecDNA"": 3\n}', '{\n  ""ecDNA"": 0\n}']","{
  ""ecDNA"": 10
}"
964,686.tif,4,2,0,"['{\n  ""ecDNA"": 0\n}', '{\n  ""ecDNA"": 0\n}', '{\n  ""ecDNA"": 6\n}', '{\n  ""ecDNA"": 3\n}']","['{\n  ""ecDNA"": 3\n}', '{""ecDNA"": 3}', '{""ecDNA"": 5}', '{\n  ""ecDNA"": 0\n}']","['{\n  ""ecDNA"": 0\n}', '{\n  ""ecDNA"": 3\n}', '{\n  ""ecDNA"": 0\n}', '{\n  ""ecDNA"": 3\n}', '{\n  ""ecDNA"": 0\n}']","{
  ""ecDNA"": 6
}"
965,687.tif,3,0,0,"['{\n  ""ecDNA"": 3\n}', '```json\n{\n  ""ecDNA"": 50\n}\n```', '{\n  ""ecDNA"": 3\n}', '{\n  ""ecDNA"": 0\n}']","['{\n  ""ecDNA"": 2\n}', '{""ecDNA"": 3}', '{\n  ""ecDNA"": 0\n}', '{\n  ""ecDNA"": 0\n}']","['{\n  ""ecDNA"": 0\n}', '{\n  ""ecDNA"": 0\n}', '{\n  ""ecDNA"": 0\n}', '{\n  ""ecDNA"": 0\n}', '{\n  ""ecDNA"": 0\n}']","{
  ""ecDNA"": 1000
}"
966,688.tif,3,26,18,"['{\n  ""ecDNA"": 3\n}', '{\n  ""ecDNA"": 0\n}', '{\n  ""ecDNA"": 5\n}', '{\n  ""ecDNA"": 3\n}']","['{\n  ""ecDNA"": 3\n}', '{\n""ecDNA"": 3\n}', '{\n  ""ecDNA"": 0\n}', '{""ecDNA_count"": 1}']","['{\n  ""ecDNA"": 0\n}', '{\n  ""ecDNA"": 3\n}', '{\n  ""ecDNA"": 3\n}', '{\n  ""ecDNA"": 0\n}', '{\n  ""ecDNA"": 0\n}']","I'm sorry, but I cannot determine the number of ecDNA in the image as it is not provided. Please provide more information about the number of ecDNA you are referring to."
967,689.tif,1,24,20,"['{\n  ""ecDNA"": 3\n}', '{\n  ""ecDNA"": 1\n}', '{\n  ""ecDNA"": 2\n}', '{\n  ""ecDNA"": 6\n}']","['{\n  ""ecDNA"": 0\n}', '{\n  ""ecDNA"": 2\n}', '{""ecDNA"": 5}', '{\n""ecDNA"": 0\n}']","['{\n  ""ecDNA"": 0\n}', '{\n  ""ecDNA"": 3\n}', '{\n  ""ecDNA"": 3\n}', '{\n  ""ecDNA"": 3\n}', '{\n  ""ecDNA"": 0\n}']","{
  ""ecDNA"": 2
}"
968,69.tif,0,8,17,"['{\n  ""ecDNA"": 3\n}', '{\n  ""ecDNA"": 0\n}', '{\n  ""ecDNA"": 10\n}', '{\n  ""ecDNA"": 0\n}']","['{\n  ""ecDNA"": 0\n}', '{\n  ""ecDNA"": 2\n}', '{""ecDNA"": 5}', '{\n""ecDNA"": 3\n}']","['{\n  ""ecDNA"": 3\n}', '{\n  ""ecDNA"": 3\n}', '{\n  ""ecDNA"": 3\n}', '{\n  ""ecDNA"": 3\n}', '{\n  ""ecDNA"": 3\n}']","Here is the count of ecDNA in the image:
```json
{
  ""ecDNA"": 1000
}
```
This means there is one hundred thousand ecDNA in the image."
969,690.tif,2,6,0,"['{\n  ""ecDNA"": 3\n}', '{\n  ""ecDNA"": 0\n}', '{\n  ""ecDNA"": 4\n}', '{\n  ""ecDNA"": 16\n}']","['{\n  ""ecDNA"": 3\n}', '{\n  ""ecDNA"": 3\n}', '{\n  ""ecDNA"": 3\n}', '{\n  ""ecDNA"": 2\n}']","['{\n  ""ecDNA"": 3\n}', '{\n  ""ecDNA"": 0\n}', '{\n  ""ecDNA"": 3\n}', '{\n  ""ecDNA"": 0\n}', '{\n  ""ecDNA"": 0\n}']","{
  ""ecDNA"": 5
}"
970,691.tif,3,0,0,"['{\n  ""ecDNA"": 3\n}', '{\n  ""ecDNA"": 2\n}', '{\n  ""ecDNA"": 0\n}', '{\n  ""ecDNA"": 2\n}']","['{\n  ""ecDNA"": 0\n}', '{\n  ""ecDNA"": 0\n}', '{\n  ""ecDNA"": 3\n}', '{""ecDNA_count"": 3}']","['{\n  ""ecDNA"": 3\n}', '{\n  ""ecDNA"": 0\n}', '{\n  ""ecDNA"": 0\n}', '{\n  ""ecDNA"": 3\n}', '{\n  ""ecDNA"": 3\n}']","I'm sorry, but I cannot determine the number of ecDNA in the image as it is not provided. Please provide more information about the number of ecDNA in the image."
971,692.tif,2,0,1,"['{\n  ""ecDNA"": 3\n}', '{\n  ""ecDNA"": 12\n}', '{\n  ""ecDNA"": 0\n}', '{\n  ""ecDNA"": 2\n}']","['{\n  ""ecDNA"": 2\n}', '{\n  ""ecDNA"": 0\n}', '{\n""ecDNA"": 0\n}', '{\n""ecDNA"": 3\n}']","['{\n  ""ecDNA"": 0\n}', '{\n  ""ecDNA"": 3\n}', '{\n  ""ecDNA"": 3\n}', '{\n  ""ecDNA"": 0\n}', '{\n  ""ecDNA"": 0\n}']","I'm sorry, but I cannot determine the number of ecDNA in the image as it is not provided. Please provide more information about the number of ecDNA you are referring to."
972,693.tif,1,1,3,"['{\n  ""ecDNA"": 0\n}', '{\n  ""ecDNA"": 5\n}', '{\n  ""ecDNA"": 14\n}', '{\n  ""ecDNA"": 4\n}']","['{\n  ""ecDNA"": 3\n}', '{\n  ""ecDNA"": 0\n}', '{\n  ""ecDNA"": 2\n}', '{\n  ""ecDNA"": 20,\n  ""nuclei"": 5,\n  ""chromosomes"": 60\n}']","['{\n  ""ecDNA"": 3\n}', '{\n  ""ecDNA"": 3\n}', '{\n  ""ecDNA"": 0\n}', '{\n  ""ecDNA"": 3\n}', '{\n  ""ecDNA"": 0\n}']","Here is the number of ecDNA in the image in JSON format:

```json
{
  ""ecDNA"": 5
}
```"
973,694.tif,1,4,3,"['{\n  ""ecDNA"": 3\n}', '{\n  ""ecDNA"": 0\n}', '{\n  ""ecDNA"": 12\n}', '{\n  ""ecDNA"": 0\n}']","['{\n  ""ecDNA"": 0\n}', '{\n""ecDNA"": 3\n}', '{""ecDNA"": 3}', '{""ecDNA"": 2}']","['{\n  ""ecDNA"": 3\n}', '{\n  ""ecDNA"": 3\n}', '{\n  ""ecDNA"": 0\n}', '{\n  ""ecDNA"": 3\n}', '{\n  ""ecDNA"": 3\n}']","{
""ecDNA"": 1,
""error"": null
}"
974,695.tif,4,1,1,"['{\n  ""ecDNA"": 0\n}', '{\n  ""ecDNA"": 0\n}', '{\n  ""ecDNA"": 1\n}', '{\n  ""ecDNA"": 40\n}']","['{\n  ""ecDNA"": 3\n}', '{\n  ""ecDNA"": 3\n}', '{""ecDNA"": 2}', '```json\n[1]\n```']","['{\n  ""ecDNA"": 0\n}', '{\n  ""ecDNA"": 0\n}', '{\n  ""ecDNA"": 3\n}', '{\n  ""ecDNA"": 3\n}', '{\n  ""ecDNA"": 3\n}']","I'm sorry, but I cannot determine the number of ecDNA in the image as it is not provided. Please provide more information about the number of ecDNA you are referring to."
975,696.tif,5,0,0,"['{\n  ""ecDNA"": 3\n}', '```json\n{\n  ""ecDNA"": 11\n}\n```', '{\n  ""ecDNA"": 22\n}', '{\n  ""ecDNA"": 1\n}']","['{\n  ""ecDNA"": 2\n}', '{\n  ""ecDNA"": 3\n}', '{\n  ""ecDNA"": 0\n}', '{\n""ecDNA"": 10\n}']","['{\n  ""ecDNA"": 3\n}', '{\n  ""ecDNA"": 0\n}', '{\n  ""ecDNA"": 0\n}', '{\n  ""ecDNA"": 3\n}', '{\n  ""ecDNA"": 0\n}']","{
    ""ecDNA"": 5
}"
976,697.tif,1,0,0,"['{\n  ""ecDNA"": 3\n}', '{\n  ""ecDNA"": 3\n}', '{\n  ""ecDNA"": 22\n}', '{\n  ""ecDNA"": 0\n}']","['{\n  ""ecDNA"": 0\n}', '{\n  ""ecDNA"": 0\n}', '{""ecDNA"": 5}', '{\n  ""ecDNA"": 20\n}']","['{\n  ""ecDNA"": 3\n}', '{\n  ""ecDNA"": 0\n}', '{\n  ""ecDNA"": 3\n}', '{\n  ""ecDNA"": 0\n}', '{\n  ""ecDNA"": 0\n}']","{
""ecDNA"": 3,
""nuclei"": 0,
""chromosomes"": 0
}"
977,699.tif,1,0,0,"['{\n  ""ecDNA"": 0\n}', '```json\n{\n  ""ecDNA"": 3\n}\n```', '{\n  ""ecDNA"": 4\n}', '{\n  ""ecDNA"": 0\n}']","['{\n  ""ecDNA"": 0\n}', '{\n""ecDNA"": 0\n}', '{""ecDNA"": 5}', '{""ecDNA_count"": 2}']","['{\n  ""ecDNA"": 3\n}', '{\n  ""ecDNA"": 3\n}', '{\n  ""ecDNA"": 0\n}', '{\n  ""ecDNA"": 3\n}', '{\n  ""ecDNA"": 3\n}']","Here's the number of ecDNA in the image:
```json
{
  ""ecDNA"": 5
}
```"
978,7.tif,2,0,1,"['{\n  ""ecDNA"": 0\n}', '{\n  ""ecDNA"": 0\n}', '```json\n[16]\n```', '{\n  ""ecDNA"": 6\n}']","['{\n  ""ecDNA"": 2\n}', '{\n""ecDNA"": 3\n}', '{""ecDNA"": 0}', '{\n""ecDNA"": 2\n}']","['{\n  ""ecDNA"": 3\n}', '{\n  ""ecDNA"": 3\n}', '{\n  ""ecDNA"": 0\n}', '{\n  ""ecDNA"": 3\n}', '{\n  ""ecDNA"": 0\n}']","{
  ""ecDNA"": 5
}"
979,70.tif,0,4,13,"['{\n  ""ecDNA"": 0\n}', '{\n  ""ecDNA"": 1\n}', '{\n  ""ecDNA"": 26\n}', '{\n  ""ecDNA"": 2\n}']","['{\n  ""ecDNA"": 3\n}', '{\n  ""ecDNA"": 2\n}', '{\n  ""ecDNA"": 5\n}', '{\n  ""ecDNA"": 20\n}']","['{\n  ""ecDNA"": 0\n}', '{\n  ""ecDNA"": 3\n}', '{\n  ""ecDNA"": 3\n}', '{\n  ""ecDNA"": 0\n}', '{\n  ""ecDNA"": 3\n}']","{
""ecDNA"": 0
}"
980,700.tif,2,0,0,"['{\n  ""ecDNA"": 3\n}', '{\n  ""ecDNA"": 0\n}', '{\n  ""ecDNA"": 4\n}', '{\n  ""ecDNA"": 1\n}']","['{\n  ""ecDNA"": 2\n}', '{\n  ""ecDNA"": 0\n}', '{\n""ecDNA"": 0\n}', '{\n  ""ecDNA"": 5\n}']","['{\n  ""ecDNA"": 0\n}', '{\n  ""ecDNA"": 0\n}', '{\n  ""ecDNA"": 0\n}', '{\n  ""ecDNA"": 3\n}', '{\n  ""ecDNA"": 0\n}']","{
  ""ecDNA"": 0
}"
981,701.tif,1,0,0,"['{\n  ""ecDNA"": 3\n}', '{\n  ""ecDNA"": 0\n}', '{\n  ""ecDNA"": 0\n}', '{\n  ""ecDNA"": 0\n}']","['{\n  ""ecDNA"": 3\n}', '{\n  ""ecDNA"": 2\n}', '{""ecDNA"": 3}', '{\n  ""ecDNA"": 3\n}']","['{\n  ""ecDNA"": 0\n}', '{\n  ""ecDNA"": 3\n}', '{\n  ""ecDNA"": 3\n}', '{\n  ""ecDNA"": 3\n}', '{\n  ""ecDNA"": 0\n}']","I'm sorry, but I cannot determine the number of ecDNA in the image as it is not provided. Please provide more information about the number of ecDNA you are referring to."
982,702.tif,3,0,0,"['{\n  ""ecDNA"": 3\n}', '```json\n{\n  ""ecDNA"": 6\n}\n```', '{\n  ""ecDNA"": 1\n}', '```json\n[5]\n```']","['{\n  ""ecDNA"": 0\n}', '{""ecDNA"": 2}', '{\n  ""ecDNA"": 5\n}', '{""ecDNA"": 5}']","['{\n  ""ecDNA"": 3\n}', '{\n  ""ecDNA"": 0\n}', '{\n  ""ecDNA"": 0\n}', '{\n  ""ecDNA"": 0\n}', '{\n  ""ecDNA"": 3\n}']","```json
{
  ""ecDNA"": 0
}
```"
983,703.tif,2,0,0,"['{\n  ""ecDNA"": 0\n}', '{\n  ""ecDNA"": 2\n}', '```json\n[17]\n```', '```json\n[1]\n```']","['{\n  ""ecDNA"": 3\n}', '{\n""ecDNA"": 3\n}', '{\n  ""ecDNA"": 3\n}', '{\n  ""ecDNA"": 5\n}']","['{\n  ""ecDNA"": 0\n}', '{\n  ""ecDNA"": 3\n}', '{\n  ""ecDNA"": 3\n}', '{\n  ""ecDNA"": 3\n}', '{\n  ""ecDNA"": 3\n}']","I'm sorry, but I cannot determine the number of ecDNA in the image as it is not provided. Please provide more information about the ecDNA patterns or the number of ecDNA you are referring to."
984,704.tif,2,0,0,"['{\n  ""ecDNA"": 3\n}', '{\n  ""ecDNA"": 2\n}', '{\n  ""ecDNA"": 0\n}', '```json\n[5]\n```']","['{\n  ""ecDNA"": 3\n}', '{\n""ecDNA"": 3\n}', '{\n  ""ecDNA"": 0\n}', '{""ecDNA"": 0}']","['{\n  ""ecDNA"": 3\n}', '{\n  ""ecDNA"": 3\n}', '{\n  ""ecDNA"": 3\n}', '{\n  ""ecDNA"": 3\n}', '{\n  ""ecDNA"": 0\n}']","Here is the number of ecDNA in the image:
```json
{
  ""ecDNA"": 10000
}
```"
985,705.tif,1,0,1,"['{\n  ""ecDNA"": 3\n}', '{\n  ""ecDNA"": 1\n}', '{\n  ""ecDNA"": 0\n}', '{\n  ""ecDNA"": 10\n}']","['{\n  ""ecDNA"": 3\n}', '{\n  ""ecDNA"": 2\n}', '{\n  ""ecDNA"": 3\n}', '{""ecDNA"":2}']","['{\n  ""ecDNA"": 0\n}', '{\n  ""ecDNA"": 3\n}', '{\n  ""ecDNA"": 0\n}', '{\n  ""ecDNA"": 0\n}', '{\n  ""ecDNA"": 0\n}']","{
  ""ecDNA"": 5
}"
986,706.tif,3,0,0,"['{\n  ""ecDNA"": 0\n}', '{\n  ""ecDNA"": 2\n}', '{\n  ""ecDNA"": 9\n}', '{\n  ""ecDNA"": 2\n}']","['{\n  ""ecDNA"": 3\n}', '{\n  ""ecDNA"": 5\n}', '{\n""ecDNA"": 5\n}', '{\n""ecDNA"": 0\n}']","['{\n  ""ecDNA"": 3\n}', '{\n  ""ecDNA"": 0\n}', '{\n  ""ecDNA"": 3\n}', '{\n  ""ecDNA"": 0\n}', '{\n  ""ecDNA"": 0\n}']","{
  ""ecDNA"": 5
}"
987,707.tif,4,1,0,"['{\n  ""ecDNA"": 0\n}', '{\n  ""ecDNA"": 0\n}', '{\n  ""ecDNA"": 2\n}', '{\n  ""ecDNA"": 4\n}']","['{\n  ""ecDNA"": 0\n}', '{\n  ""ecDNA"": 3\n}', '{\n  ""ecDNA"": 3\n}', '{""ecDNA"": 5}']","['{\n  ""ecDNA"": 3\n}', '{\n  ""ecDNA"": 3\n}', '{\n  ""ecDNA"": 3\n}', '{\n  ""ecDNA"": 0\n}', '{\n  ""ecDNA"": 3\n}']","{
""ecDNA"": 20
}"
988,708.tif,1,0,0,"['{\n  ""ecDNA"": 0\n}', '{\n  ""ecDNA"": 7\n}', '{\n  ""ecDNA"": 0\n}', '{\n  ""ecDNA"": 0\n}']","['{\n  ""ecDNA"": 3\n}', '{\n  ""ecDNA"": 5\n}', '{\n  ""ecDNA"": 3\n}', '{\n""ecDNA"": 0\n}']","['{\n  ""ecDNA"": 3\n}', '{\n  ""ecDNA"": 0\n}', '{\n  ""ecDNA"": 3\n}', '{\n  ""ecDNA"": 0\n}', '{\n  ""ecDNA"": 0\n}']","{
  ""ecDNA"": 5
}"
989,709.tif,0,39,65,"['{\n  ""ecDNA"": 3\n}', '{\n  ""ecDNA"": 0\n}', '{\n  ""ecDNA"": 1\n}', '{\n  ""ecDNA"": 0\n}']","['{\n  ""ecDNA"": 2\n}', '{\n  ""ecDNA"": 3\n}', '{\n""ecDNA"": 2\n}', '```json\n[3]\n```']","['{\n  ""ecDNA"": 0\n}', '{\n  ""ecDNA"": 0\n}', '{\n  ""ecDNA"": 0\n}', '{\n  ""ecDNA"": 3\n}', '{\n  ""ecDNA"": 0\n}']",I am unable to determine the number of ecDNA in the image as it is not provided. Please provide more information about the ecDNA pattern or the number of ecDNA you are referring to.
990,710.tif,1,18,25,"['{\n  ""ecDNA"": 3\n}', '{\n  ""ecDNA"": 2\n}', '{\n  ""ecDNA"": 1\n}', '```json\n[3]\n```']","['{\n  ""ecDNA"": 3\n}', '{\n""ecDNA"": 5\n}', '{\n  ""ecDNA"": 2\n}', '```json\n{\n  ""ecDNA"": 5\n}\n```']","['{\n  ""ecDNA"": 3\n}', '{\n  ""ecDNA"": 3\n}', '{\n  ""ecDNA"": 3\n}', '{\n  ""ecDNA"": 0\n}', '{\n  ""ecDNA"": 0\n}']","I'm sorry, but I cannot determine the number of ecDNA in the image as it is not provided. Please provide more information about the number of ecDNA you are referring to."
991,711.tif,4,0,0,"['{\n  ""ecDNA"": 3\n}', '{\n  ""ecDNA"": 0\n}', '{\n  ""ecDNA"": 7\n}', '{\n  ""ecDNA"": 2\n}']","['{\n  ""ecDNA"": 2\n}', '{\n  ""ecDNA"": 3\n}', '{\n  ""ecDNA"": 3\n}', '{\n  ""ecDNA"": 3\n}']","['{\n  ""ecDNA"": 3\n}', '{\n  ""ecDNA"": 0\n}', '{\n  ""ecDNA"": 0\n}', '{\n  ""ecDNA"": 3\n}', '{\n  ""ecDNA"": 0\n}']","{
    ""ecDNA"": 3
}"
992,712.tif,2,0,0,"['{\n  ""ecDNA"": 3\n}', '{\n  ""ecDNA"": 5\n}', '{\n  ""ecDNA"": 2\n}', '{\n  ""ecDNA"": 1\n}']","['{\n  ""ecDNA"": 3\n}', '{\n  ""ecDNA"": 0\n}', '{""ecDNA"": 3}', '{\n  ""ecDNA"": 0\n}']","['{\n  ""ecDNA"": 0\n}', '{\n  ""ecDNA"": 0\n}', '{\n  ""ecDNA"": 0\n}', '{\n  ""ecDNA"": 3\n}', '{\n  ""ecDNA"": 3\n}']","Here is the number of ecDNA in the image:
```json
{
  ""ecDNA"": 20
}
```"
993,713.tif,1,8,8,"['{\n  ""ecDNA"": 3\n}', '{\n  ""ecDNA"": 0\n}', '```json\n[8]\n```', '{\n  ""ecDNA"": 10\n}']","['{\n  ""ecDNA"": 0\n}', '{\n""ecDNA"": 3\n}', '{\n  ""ecDNA"": 5\n}', '{\n  ""ecDNA"": 3\n}']","['{\n  ""ecDNA"": 3\n}', '{\n  ""ecDNA"": 3\n}', '{\n  ""ecDNA"": 0\n}', '{\n  ""ecDNA"": 3\n}', '{\n  ""ecDNA"": 3\n}']","{
  ""ecDNA"": 2
}"
994,714.tif,1,2,4,"['{\n  ""ecDNA"": 3\n}', '{\n  ""ecDNA"": 13\n}', '{\n  ""ecDNA"": 0\n}', '{\n  ""ecDNA"": 0\n}']","['{\n  ""ecDNA"": 3\n}', '{""ecDNA"": 0}', '{\n  ""ecDNA"": 0\n}', '{\n  ""ecDNA"": {\n    ""count"": 0\n  }\n}']","['{\n  ""ecDNA"": 0\n}', '{\n  ""ecDNA"": 0\n}', '{\n  ""ecDNA"": 0\n}', '{\n  ""ecDNA"": 3\n}', '{\n  ""ecDNA"": 3\n}']","{
  ""ecDNA"": 1
}"
995,715.tif,3,2,0,"['{\n  ""ecDNA"": 0\n}', '{\n  ""ecDNA"": 0\n}', '{\n  ""ecDNA"": 1\n}', '{\n  ""ecDNA"": 8\n}']","['{\n  ""ecDNA"": 3\n}', '{\n  ""ecDNA"": 5\n}', '{\n  ""ecDNA"": 3\n}', '```json\n{\n  ""ecDNA"": 5000\n}\n```']","['{\n  ""ecDNA"": 3\n}', '{\n  ""ecDNA"": 0\n}', '{\n  ""ecDNA"": 3\n}', '{\n  ""ecDNA"": 0\n}', '{\n  ""ecDNA"": 3\n}']","{
  ""ecDNA"": 2
}"
996,716.tif,4,0,0,"['{\n  ""ecDNA"": 3\n}', '{\n  ""ecDNA"": 0\n}', '{\n  ""ecDNA"": 16\n}', '{\n  ""ecDNA"": 2\n}']","['{\n  ""ecDNA"": 3\n}', '{\n  ""ecDNA"": 0\n}', '{\n""ecDNA"": 2\n}', '```json\n{""ecDNA"": 3}\n```']","['{\n  ""ecDNA"": 0\n}', '{\n  ""ecDNA"": 0\n}', '{\n  ""ecDNA"": 3\n}', '{\n  ""ecDNA"": 3\n}', '{\n  ""ecDNA"": 0\n}']",I am unable to determine the number of ecDNA in the image as it is not provided. Please provide more information about the ecDNA patterns you are referring to.
997,717.tif,2,0,0,"['{\n  ""ecDNA"": 0\n}', '{\n  ""ecDNA"": 0\n}', '{\n  ""ecDNA"": 0\n}', '{\n  ""ecDNA"": 0\n}']","['{\n  ""ecDNA"": 3\n}', '{\n""ecDNA"": 2\n}', '{\n  ""ecDNA"": 0\n}', '{""ecDNA"": 5}']","['{\n  ""ecDNA"": 3\n}', '{\n  ""ecDNA"": 0\n}', '{\n  ""ecDNA"": 0\n}', '{\n  ""ecDNA"": 0\n}', '{\n  ""ecDNA"": 0\n}']","I'm sorry, but I cannot provide an answer without a picture. Please upload the image so I can assist you better."
998,718.tif,2,0,1,"['{\n  ""ecDNA"": 3\n}', '{\n  ""ecDNA"": 0\n}', '{\n  ""ecDNA"": 1\n}', '{\n  ""ecDNA"": 8\n}']","['{\n  ""ecDNA"": 0\n}', '{\n""ecDNA"": 3\n}', '{""ecDNA"": 5}', '{""ecDNA"": 5}']","['{\n  ""ecDNA"": 3\n}', '{\n  ""ecDNA"": 0\n}', '{\n  ""ecDNA"": 0\n}', '{\n  ""ecDNA"": 0\n}', '{\n  ""ecDNA"": 0\n}']","{
""ecDNA"": 5
}"
999,719.tif,2,0,0,"['{\n  ""ecDNA"": 3\n}', '{\n  ""ecDNA"": 4\n}', '{\n  ""ecDNA"": 1\n}', '{\n  ""ecDNA"": 3\n}']","['{\n  ""ecDNA"": 3\n}', '{""ecDNA"": 3}', '{""ecDNA"": 3}', '```json\n[1]\n```']","['{\n  ""ecDNA"": 3\n}', '{\n  ""ecDNA"": 3\n}', '{\n  ""ecDNA"": 3\n}', '{\n  ""ecDNA"": 0\n}', '{\n  ""ecDNA"": 3\n}']","{
  ""ecDNA"": 3
}"
1000,72.tif,0,7,15,"['{\n  ""ecDNA"": 0\n}', '{\n  ""ecDNA"": 4\n}', '{\n  ""ecDNA"": 2\n}', '{\n  ""ecDNA"": 1\n}']","['{\n  ""ecDNA"": 0\n}', '{\n  ""ecDNA"": 3\n}', '{\n  ""ecDNA"": 2\n}', '{""ecDNA_count"":3}']","['{\n  ""ecDNA"": 0\n}', '{\n  ""ecDNA"": 3\n}', '{\n  ""ecDNA"": 0\n}', '{\n  ""ecDNA"": 0\n}', '{\n  ""ecDNA"": 0\n}']","{
    ""ecDNA"": 10
}"
1001,720.tif,2,0,0,"['{\n  ""ecDNA"": 0\n}', '{\n  ""ecDNA"": 0\n}', '{\n  ""ecDNA"": 4\n}', '{\n  ""ecDNA"": 0\n}']","['{\n  ""ecDNA"": 3\n}', '{\n  ""ecDNA"": 3\n}', '{""ecDNA"": 2}', '{\n  ""ecDNA"": 3\n}']","['{\n  ""ecDNA"": 0\n}', '{\n  ""ecDNA"": 0\n}', '{\n  ""ecDNA"": 3\n}', '{\n  ""ecDNA"": 3\n}', '{\n  ""ecDNA"": 3\n}']","{
  ""ecDNA"": 10
}"
1002,721.tif,1,0,0,"['{\n  ""ecDNA"": 3\n}', '{\n  ""ecDNA"": 1\n}', '{\n  ""ecDNA"": 0\n}', '```json\n[5]\n```']","['{\n  ""ecDNA"": 3\n}', '{\n""ecDNA"": 0\n}', '{\n""ecDNA"": 3\n}', '{\n""ecDNA"": 3\n}']","['{\n  ""ecDNA"": 3\n}', '{\n  ""ecDNA"": 0\n}', '{\n  ""ecDNA"": 0\n}', '{\n  ""ecDNA"": 0\n}', '{\n  ""ecDNA"": 0\n}']","I'm sorry, but I cannot determine the number of ecDNA in the image as it is not provided. Please provide more information about the number of ecDNA you are referring to."
1003,724.tif,2,1,0,"['{\n  ""ecDNA"": 3\n}', '{\n  ""ecDNA"": 0\n}', '{\n  ""ecDNA"": 1\n}', '{\n  ""ecDNA"": 14\n}']","['{\n  ""ecDNA"": 0\n}', '{\n""ecDNA"": 3\n}', '{\n  ""ecDNA"": 2\n}', '{""ecDNA"":1}']","['{\n  ""ecDNA"": 3\n}', '{\n  ""ecDNA"": 3\n}', '{\n  ""ecDNA"": 0\n}', '{\n  ""ecDNA"": 0\n}', '{\n  ""ecDNA"": 0\n}']","Here's the information for the ecDNA in the image:
```json
{
  ""ecDNA"": 1
}
```
The ecDNA count in the image is 1."
1004,725.tif,1,0,0,"['{\n  ""ecDNA"": 0\n}', '{\n  ""ecDNA"": 0\n}', '{\n  ""ecDNA"": 26\n}', '{\n  ""ecDNA"": 3\n}']","['{\n  ""ecDNA"": 3\n}', '{\n  ""ecDNA"": 3\n}', '{\n""ecDNA"": 3\n}', '{""ecDNA"": 3}']","['{\n  ""ecDNA"": 0\n}', '{\n  ""ecDNA"": 0\n}', '{\n  ""ecDNA"": 0\n}', '{\n  ""ecDNA"": 0\n}', '{\n  ""ecDNA"": 3\n}']","I'm sorry, but I cannot determine the number of ecDNA in the image as it is not provided. Please provide more information about the number of ecDNA you are referring to."
1005,726.tif,1,0,0,"['{\n  ""ecDNA"": 0\n}', '{\n  ""ecDNA"": 0\n}', '{\n  ""ecDNA"": 0\n}', '{\n  ""ecDNA"": 1\n}']","['{\n  ""ecDNA"": 3\n}', '{\n  ""ecDNA"": 3\n}', '{\n  ""ecDNA"": 2\n}', '{\n  ""ecDNA"": 2\n}']","['{\n  ""ecDNA"": 3\n}', '{\n  ""ecDNA"": 3\n}', '{\n  ""ecDNA"": 3\n}', '{\n  ""ecDNA"": 0\n}', '{\n  ""ecDNA"": 0\n}']","Here is the information you requested:
```json
{
  ""ecDNA"": 0
}
```"
1006,727.tif,2,0,0,"['{\n  ""ecDNA"": 3\n}', '{\n  ""ecDNA"": 0\n}', '{\n  ""ecDNA"": 68\n}', '{\n  ""ecDNA"": 1\n}']","['{\n  ""ecDNA"": 3\n}', '{\n""ecDNA"": 5\n}', '{\n  ""ecDNA"": 0\n}', '{\n  ""ecDNA"": 2\n}']","['{\n  ""ecDNA"": 3\n}', '{\n  ""ecDNA"": 0\n}', '{\n  ""ecDNA"": 0\n}', '{\n  ""ecDNA"": 0\n}', '{\n  ""ecDNA"": 0\n}']","{
  ""ecDNA"": 1
}"
1007,728.tif,2,13,2,"['{\n  ""ecDNA"": 3\n}', '{\n  ""ecDNA"": 0\n}', '{\n  ""ecDNA"": 1\n}', '{\n  ""ecDNA"": 28\n}']","['{\n  ""ecDNA"": 0\n}', '{""ecDNA"": 0}', '{\n  ""ecDNA"": 0\n}', '{\n  ""ecDNA"": 5\n}']","['{\n  ""ecDNA"": 3\n}', '{\n  ""ecDNA"": 0\n}', '{\n  ""ecDNA"": 0\n}', '{\n  ""ecDNA"": 0\n}', '{\n  ""ecDNA"": 0\n}']","{
  ""ecDNA"": {
    ""count"": 4
  }
}"
1008,729.tif,0,37,1,"['{\n  ""ecDNA"": 3\n}', '{\n  ""ecDNA"": 0\n}', '{\n  ""ecDNA"": 2\n}', '{\n  ""ecDNA"": 1\n}']","['{\n  ""ecDNA"": 2\n}', '{\n""ecDNA"": 0\n}', '{\n""ecDNA"": 2\n}', '{\n  ""ecDNA"": 3\n}']","['{\n  ""ecDNA"": 0\n}', '{\n  ""ecDNA"": 3\n}', '{\n  ""ecDNA"": 0\n}', '{\n  ""ecDNA"": 0\n}', '{\n  ""ecDNA"": 0\n}']","{
  ""ecDNA"": {
    ""count"": 4
  }
}"
1009,73.tif,0,19,33,"['{\n  ""ecDNA"": 0\n}', '{\n  ""ecDNA"": 10\n}', '{\n  ""ecDNA"": 26\n}', '{\n  ""ecDNA"": 2\n}']","['{\n  ""ecDNA"": 0\n}', '{""ecDNA"": 5}', '{\n  ""ecDNA"": 5\n}', '{\n""ecDNA"": 2\n}']","['{\n  ""ecDNA"": 3\n}', '{\n  ""ecDNA"": 0\n}', '{\n  ""ecDNA"": 0\n}', '{\n  ""ecDNA"": 3\n}', '{\n  ""ecDNA"": 3\n}']","I'm sorry, but I cannot provide an answer without a picture. Please upload the image so I can assist you better."
1010,730.tif,2,0,0,"['{\n  ""ecDNA"": 0\n}', '{\n  ""ecDNA"": 0\n}', '{\n  ""ecDNA"": 0\n}', '{\n  ""ecDNA"": 2\n}']","['{\n  ""ecDNA"": 3\n}', '{\n""ecDNA"": 3\n}', '{""ecDNA"": 5}', '```json\n[3]\n```']","['{\n  ""ecDNA"": 3\n}', '{\n  ""ecDNA"": 3\n}', '{\n  ""ecDNA"": 3\n}', '{\n  ""ecDNA"": 3\n}', '{\n  ""ecDNA"": 0\n}']","I'm sorry, but I cannot determine the number of ecDNA in the image as it is not provided. Please provide more information about the ecDNA in the image."
1011,731.tif,2,2,0,"['{\n  ""ecDNA"": 0\n}', '{\n  ""ecDNA"": 14\n}', '{\n  ""ecDNA"": 0\n}', '```json\n[1]\n```']","['{\n  ""ecDNA"": 0\n}', '{\n  ""ecDNA"": 2\n}', '{\n  ""ecDNA"": 3\n}', '{""ecDNA"": 3}']","['{\n  ""ecDNA"": 0\n}', '{\n  ""ecDNA"": 3\n}', '{\n  ""ecDNA"": 0\n}', '{\n  ""ecDNA"": 0\n}', '{\n  ""ecDNA"": 0\n}']","{
    ""ecDNA"": {
        ""count"": 10
    }
}"
1012,732.tif,2,3,0,"['{\n  ""ecDNA"": 0\n}', '{\n  ""ecDNA"": 2\n}', '{\n  ""ecDNA"": 7\n}', '```json\n[7]\n```']","['{\n  ""ecDNA"": 0\n}', '{\n  ""ecDNA"": 3\n}', '{""ecDNA"": 5}', '{""ecDNA"":1}']","['{\n  ""ecDNA"": 0\n}', '{\n  ""ecDNA"": 0\n}', '{\n  ""ecDNA"": 3\n}', '{\n  ""ecDNA"": 3\n}', '{\n  ""ecDNA"": 3\n}']","{
  ""ecDNA"": {
    ""value"": 5,
    ""confidence"": 0.89
  }
}"
1013,733.tif,1,10,1,"['{\n  ""ecDNA"": 0\n}', '{\n  ""ecDNA"": 0\n}', '{\n  ""ecDNA"": 3\n}', '{\n  ""ecDNA"": 3\n}']","['{\n  ""ecDNA"": 3\n}', '{""ecDNA"": 2}', '{\n  ""ecDNA"": 0\n}', '{\n  ""ecDNA"": {\n    ""count"": 5\n  }\n}']","['{\n  ""ecDNA"": 0\n}', '{\n  ""ecDNA"": 0\n}', '{\n  ""ecDNA"": 3\n}', '{\n  ""ecDNA"": 0\n}', '{\n  ""ecDNA"": 3\n}']","```json
{
  ""ecDNA"": 0
}
```"
1014,736.tif,1,0,1,"['{\n  ""ecDNA"": 3\n}', '{\n  ""ecDNA"": 6\n}', '{\n  ""ecDNA"": 9\n}', '{\n  ""ecDNA"": 1\n}']","['{\n  ""ecDNA"": 3\n}', '{\n  ""ecDNA"": 3\n}', '{\n  ""ecDNA"": 0\n}', '```json\n[1]\n```']","['{\n  ""ecDNA"": 0\n}', '{\n  ""ecDNA"": 0\n}', '{\n  ""ecDNA"": 0\n}', '{\n  ""ecDNA"": 3\n}', '{\n  ""ecDNA"": 3\n}']","Here is the number of ecDNA in the image:
```json
{
  ""ecDNA"": 5
}
```"
1015,737.tif,1,0,0,"['{\n  ""ecDNA"": 3\n}', '{\n  ""ecDNA"": 0\n}', '{\n  ""ecDNA"": 0\n}', '{\n  ""ecDNA"": 0\n}']","['{\n  ""ecDNA"": 0\n}', '{\n""ecDNA"": 0\n}', '{""ecDNA"": 0}', '{\n  ""ecDNA"": 2\n}']","['{\n  ""ecDNA"": 0\n}', '{\n  ""ecDNA"": 0\n}', '{\n  ""ecDNA"": 3\n}', '{\n  ""ecDNA"": 3\n}', '{\n  ""ecDNA"": 3\n}']","{
  ""ecDNA"": 2
}"
1016,74.tif,0,11,27,"['{\n  ""ecDNA"": 3\n}', '{\n  ""ecDNA"": 0\n}', '{\n  ""ecDNA"": 2\n}', '{\n  ""ecDNA"": 2\n}']","['{\n  ""ecDNA"": 3\n}', '{""ecDNA"": 0}', '{\n  ""ecDNA"": 3\n}', '{\n  ""ecDNA"": 1\n}']","['{\n  ""ecDNA"": 0\n}', '{\n  ""ecDNA"": 3\n}', '{\n  ""ecDNA"": 3\n}', '{\n  ""ecDNA"": 3\n}', '{\n  ""ecDNA"": 3\n}']","{
  ""ecDNA"": 0
}"
1017,740.tif,1,0,0,"['{\n  ""ecDNA"": 3\n}', '{\n  ""ecDNA"": 0\n}', '{\n  ""ecDNA"": 1\n}', '{\n  ""ecDNA"": 5\n}']","['{\n  ""ecDNA"": 0\n}', '{""ecDNA"": 0}', '{\n  ""ecDNA"": 5\n}', '```json\n{""ecDNA"": 5}\n```']","['{\n  ""ecDNA"": 3\n}', '{\n  ""ecDNA"": 0\n}', '{\n  ""ecDNA"": 3\n}', '{\n  ""ecDNA"": 3\n}', '{\n  ""ecDNA"": 0\n}']","```json
[{""id"": 1, ""x"": 0, ""y"": 0, ""width"": 86, ""height"": 86}, {""id"": 2, ""x"": 0, ""y"": 0, ""width"": 86, ""height"": 86}]
```"
1018,741.tif,1,0,0,"['{\n  ""ecDNA"": 3\n}', '{\n  ""ecDNA"": 0\n}', '{\n  ""ecDNA"": 9\n}', '{\n  ""ecDNA"": 4\n}']","['{\n  ""ecDNA"": 2\n}', '{\n  ""ecDNA"": 3\n}', '{""ecDNA"": 5}', '{\n  ""ecDNA"": 5\n}']","['{\n  ""ecDNA"": 3\n}', '{\n  ""ecDNA"": 3\n}', '{\n  ""ecDNA"": 3\n}', '{\n  ""ecDNA"": 3\n}', '{\n  ""ecDNA"": 3\n}']","I'm sorry, but I cannot provide an answer without a picture. Please upload the image so I can assist you better."
1019,742.tif,2,0,0,"['{\n  ""ecDNA"": 0\n}', '{\n  ""ecDNA"": 0\n}', '{\n  ""ecDNA"": 1\n}', '{\n  ""ecDNA"": 1\n}']","['{\n  ""ecDNA"": 0\n}', '{\n""ecDNA"": 5\n}', '{\n""ecDNA"": 3\n}', '{""ecDNA_count"":3}']","['{\n  ""ecDNA"": 3\n}', '{\n  ""ecDNA"": 3\n}', '{\n  ""ecDNA"": 3\n}', '{\n  ""ecDNA"": 3\n}', '{\n  ""ecDNA"": 0\n}']","{
  ""ecDNA"": {
    ""count"": 0
  }
}"
1020,743.tif,4,0,4,"['{\n  ""ecDNA"": 0\n}', '{\n  ""ecDNA"": 13\n}', '{\n  ""ecDNA"": 0\n}', '{\n  ""ecDNA"": 0\n}']","['{\n  ""ecDNA"": 0\n}', '{\n""ecDNA"": 2\n}', '{\n  ""ecDNA"": 0\n}', '{\n  ""ecDNA"": 3\n}']","['{\n  ""ecDNA"": 3\n}', '{\n  ""ecDNA"": 0\n}', '{\n  ""ecDNA"": 3\n}', '{\n  ""ecDNA"": 3\n}', '{\n  ""ecDNA"": 3\n}']","{
  ""ecDNA"": 10
}"
1021,744.tif,1,0,0,"['{\n  ""ecDNA"": 3\n}', '{\n  ""ecDNA"": 2\n}', '{\n  ""ecDNA"": 0\n}', '{\n  ""ecDNA"": 0\n}']","['{\n  ""ecDNA"": 0\n}', '{\n  ""ecDNA"": 0\n}', '{\n  ""ecDNA"": 3\n}', '{\n""ecDNA"": 0\n}']","['{\n  ""ecDNA"": 0\n}', '{\n  ""ecDNA"": 3\n}', '{\n  ""ecDNA"": 3\n}', '{\n  ""ecDNA"": 0\n}', '{\n  ""ecDNA"": 3\n}']","{
  ""ecDNA"": {
    ""count"": 5
  }
}"
1022,745.tif,1,1,0,"['{\n  ""ecDNA"": 3\n}', '{\n  ""ecDNA"": 0\n}', '{\n  ""ecDNA"": 2\n}', '{\n  ""ecDNA"": 0\n}']","['{\n  ""ecDNA"": 0\n}', '{\n  ""ecDNA"": 0\n}', '{\n  ""ecDNA"": 3\n}', '{""ecDNA"": 5}']","['{\n  ""ecDNA"": 3\n}', '{\n  ""ecDNA"": 3\n}', '{\n  ""ecDNA"": 0\n}', '{\n  ""ecDNA"": 3\n}', '{\n  ""ecDNA"": 3\n}']","{
  ""ecDNA"": {
    ""count"": 2
  }
}"
1023,746.tif,1,6,1,"['{\n  ""ecDNA"": 3\n}', '```json\n{\n  ""ecDNA"": 1\n}\n```', '{\n  ""ecDNA"": 1\n}', '{\n  ""ecDNA"": 2\n}']","['{\n  ""ecDNA"": 0\n}', '{""ecDNA"": 2}', '{\n  ""ecDNA"": 3\n}', '{\n  ""ecDNA"": 3\n}']","['{\n  ""ecDNA"": 3\n}', '{\n  ""ecDNA"": 3\n}', '{\n  ""ecDNA"": 0\n}', '{\n  ""ecDNA"": 0\n}', '{\n  ""ecDNA"": 3\n}']","I'm sorry, but I cannot provide an integer number in JSON format without knowing the specific number of ecDNA present in the image. Please provide more information about the image or the ecDNA pattern you are referring to."
1024,747.tif,2,0,0,"['{\n  ""ecDNA"": 0\n}', '```json\n{\n  ""ecDNA"": 24\n}\n```', '{\n  ""ecDNA"": 2\n}', '```json\n[7]\n```']","['{\n  ""ecDNA"": 0\n}', '{""ecDNA"": 3}', '{\n  ""ecDNA"": 0\n}', '{\n  ""ecDNA"": 10\n}']","['{\n  ""ecDNA"": 3\n}', '{\n  ""ecDNA"": 0\n}', '{\n  ""ecDNA"": 3\n}', '{\n  ""ecDNA"": 3\n}', '{\n  ""ecDNA"": 3\n}']","I'm sorry, but I cannot determine the number of ecDNA in the image as it is not provided. Please provide more information about the ecDNA in the image."
1025,748.tif,1,0,0,"['{\n  ""ecDNA"": 3\n}', '{\n  ""ecDNA"": 0\n}', '{\n  ""ecDNA"": 0\n}', '{\n  ""ecDNA"": 5\n}']","['{\n  ""ecDNA"": 0\n}', '{\n  ""ecDNA"": 5\n}', '{\n  ""ecDNA"": 2\n}', '{""ecDNA"": 5}']","['{\n  ""ecDNA"": 3\n}', '{\n  ""ecDNA"": 3\n}', '{\n  ""ecDNA"": 0\n}', '{\n  ""ecDNA"": 3\n}', '{\n  ""ecDNA"": 3\n}']","{
  ""ecDNA"": 2
}"
1026,749.tif,1,31,9,"['{\n  ""ecDNA"": 3\n}', '{\n  ""ecDNA"": 4\n}', '{\n  ""ecDNA"": 1\n}', '{\n  ""ecDNA"": 2\n}']","['{\n  ""ecDNA"": 0\n}', '{\n  ""ecDNA"": 2\n}', '{\n  ""ecDNA"": 5\n}', '{""ecDNA"": 1}']","['{\n  ""ecDNA"": 0\n}', '{\n  ""ecDNA"": 0\n}', '{\n  ""ecDNA"": 0\n}', '{\n  ""ecDNA"": 0\n}', '{\n  ""ecDNA"": 3\n}']","{
  ""ecDNA"": 2
}"
1027,750.tif,0,13,2,"['{\n  ""ecDNA"": 3\n}', '{\n  ""ecDNA"": 0\n}', '{\n  ""ecDNA"": 0\n}', '{\n  ""ecDNA"": 1\n}']","['{\n  ""ecDNA"": 0\n}', '{""ecDNA"": 3}', '{\n""ecDNA"": 3\n}', '{\n  ""ecDNA"": 3\n}']","['{\n  ""ecDNA"": 3\n}', '{\n  ""ecDNA"": 0\n}', '{\n  ""ecDNA"": 3\n}', '{\n  ""ecDNA"": 3\n}', '{\n  ""ecDNA"": 3\n}']",I am unable to determine the number of ecDNA in the image as it is not provided. Please provide more information about the image or the number of ecDNA you are referring to.
1028,751.tif,1,0,0,"['{\n  ""ecDNA"": 3\n}', '```json\n{\n  ""ecDNA"": 3\n}\n```', '{\n  ""ecDNA"": 0\n}', '{\n  ""ecDNA"": 48\n}']","['{\n  ""ecDNA"": 3\n}', '{\n""ecDNA"": 2\n}', '{\n  ""ecDNA"": 0\n}', '{""ecDNA"": 2}']","['{\n  ""ecDNA"": 0\n}', '{\n  ""ecDNA"": 3\n}', '{\n  ""ecDNA"": 0\n}', '{\n  ""ecDNA"": 0\n}', '{\n  ""ecDNA"": 3\n}']","{
  ""ecDNA"": 1
}"
1029,753.tif,2,9,3,"['{\n  ""ecDNA"": 0\n}', '{\n  ""ecDNA"": 0\n}', '{\n  ""ecDNA"": 0\n}', '{\n  ""ecDNA"": 14\n}']","['{\n  ""ecDNA"": 3\n}', '{\n  ""ecDNA"": 2\n}', '{\n""ecDNA"": 3\n}', '```json\n[2]\n```']","['{\n  ""ecDNA"": 0\n}', '{\n  ""ecDNA"": 3\n}', '{\n  ""ecDNA"": 3\n}', '{\n  ""ecDNA"": 3\n}', '{\n  ""ecDNA"": 0\n}']","I'm sorry, but I cannot provide an integer number in JSON format without a specific image. Please provide more information about the image so I can assist you better."
1030,754.tif,2,0,0,"['{\n  ""ecDNA"": 3\n}', '{\n  ""ecDNA"": 0\n}', '{\n  ""ecDNA"": 1\n}', '{\n  ""ecDNA"": 0\n}']","['{\n  ""ecDNA"": 3\n}', '{\n  ""ecDNA"": 3\n}', '{\n  ""ecDNA"": 2\n}', '{\n""ecDNA"": 1\n}']","['{\n  ""ecDNA"": 0\n}', '{\n  ""ecDNA"": 0\n}', '{\n  ""ecDNA"": 3\n}', '{\n  ""ecDNA"": 0\n}', '{\n  ""ecDNA"": 3\n}']","I'm sorry, but I cannot determine the number of ecDNA in the image as it is not provided. Please provide more information about the ecDNA pattern you are referring to."
1031,755.tif,2,0,0,"['{\n  ""ecDNA"": 3\n}', '{\n  ""ecDNA"": 0\n}', '{\n  ""ecDNA"": 12\n}', '{\n  ""ecDNA"": 0\n}']","['{\n  ""ecDNA"": 3\n}', '{\n""ecDNA"": 3\n}', '{""ecDNA"": 0}', '{\n""ecDNA"": 5\n}']","['{\n  ""ecDNA"": 3\n}', '{\n  ""ecDNA"": 0\n}', '{\n  ""ecDNA"": 3\n}', '{\n  ""ecDNA"": 0\n}', '{\n  ""ecDNA"": 0\n}']","{
  ""ecDNA"": 0
}"
1032,756.tif,2,0,0,"['{\n  ""ecDNA"": 3\n}', '{\n  ""ecDNA"": 0\n}', '{\n  ""ecDNA"": 1\n}', '{\n  ""ecDNA"": 5\n}']","['{\n  ""ecDNA"": 0\n}', '{""ecDNA"": 3}', '{\n  ""ecDNA"": 0\n}', '{\n""ecDNA"": 50\n}']","['{\n  ""ecDNA"": 3\n}', '{\n  ""ecDNA"": 3\n}', '{\n  ""ecDNA"": 3\n}', '{\n  ""ecDNA"": 0\n}', '{\n  ""ecDNA"": 3\n}']","I'm sorry, but I cannot determine the number of ecDNA in the image as it is not provided. Please provide more information about the image or the number of ecDNA you are referring to."
1033,757.tif,2,0,0,"['{\n  ""ecDNA"": 3\n}', '{\n  ""ecDNA"": 0\n}', '{\n  ""ecDNA"": 4\n}', '```json\n[3]\n```']","['{\n  ""ecDNA"": 2\n}', '{""ecDNA"": 5}', '{""ecDNA"": 0}', '{\n""ecDNA"": 0\n}']","['{\n  ""ecDNA"": 0\n}', '{\n  ""ecDNA"": 0\n}', '{\n  ""ecDNA"": 0\n}', '{\n  ""ecDNA"": 0\n}', '{\n  ""ecDNA"": 3\n}']","I'm sorry, but I cannot provide an answer without a picture. Please upload the image so I can assist you better."
1034,758.tif,2,0,0,"['{\n  ""ecDNA"": 0\n}', '{\n  ""ecDNA"": 2\n}', '{\n  ""ecDNA"": 24\n}', '{\n  ""ecDNA"": 2\n}']","['{\n  ""ecDNA"": 3\n}', '{\n  ""ecDNA"": 0\n}', '{\n  ""ecDNA"": 3\n}', '{\n  ""ecDNA"": 5\n}']","['{\n  ""ecDNA"": 0\n}', '{\n  ""ecDNA"": 0\n}', '{\n  ""ecDNA"": 3\n}', '{\n  ""ecDNA"": 0\n}', '{\n  ""ecDNA"": 0\n}']","Here is the count of ecDNA in the image:
```json
{
  ""ecDNA"": 3
}
```"
1035,759.tif,1,0,0,"['{\n  ""ecDNA"": 0\n}', '{\n  ""ecDNA"": 0\n}', '{\n  ""ecDNA"": 1\n}', '```json\n[13]\n```']","['{\n  ""ecDNA"": 0\n}', '{\n  ""ecDNA"": 5\n}', '{\n""ecDNA"": 0\n}', '{""ecDNA_count"":3}']","['{\n  ""ecDNA"": 3\n}', '{\n  ""ecDNA"": 0\n}', '{\n  ""ecDNA"": 3\n}', '{\n  ""ecDNA"": 3\n}', '{\n  ""ecDNA"": 3\n}']","{
  ""ecDNA"": 6
}"
1036,76.tif,13,0,9,"['{\n  ""ecDNA"": 3\n}', '{\n  ""ecDNA"": 6\n}', '{\n  ""ecDNA"": 0\n}', '{\n  ""ecDNA"": 3\n}']","['{\n  ""ecDNA"": 0\n}', '{\n""ecDNA"": 0\n}', '{\n  ""ecDNA"": 0\n}', '{\n  ""ecDNA"": 3\n}']","['{\n  ""ecDNA"": 3\n}', '{\n  ""ecDNA"": 3\n}', '{\n  ""ecDNA"": 0\n}', '{\n  ""ecDNA"": 0\n}', '{\n  ""ecDNA"": 0\n}']","I'm sorry, but I cannot determine the number of ecDNA in the image as it is not provided. Please provide more information about the image or the number of ecDNA you are referring to."
1037,760.tif,2,1,2,"['{\n  ""ecDNA"": 3\n}', '```json\n{\n  ""ecDNA"": 32\n}\n```', '{\n  ""ecDNA"": 7\n}', '{\n  ""ecDNA"": 0\n}']","['{\n  ""ecDNA"": 0\n}', '{\n  ""ecDNA"": 3\n}', '{\n""ecDNA"": 3\n}', '{\n  ""ecDNA"": 2\n}']","['{\n  ""ecDNA"": 0\n}', '{\n  ""ecDNA"": 3\n}', '{\n  ""ecDNA"": 3\n}', '{\n  ""ecDNA"": 3\n}', '{\n  ""ecDNA"": 0\n}']","I'm sorry, but I cannot determine the number of ecDNA in the image as it is not provided. Please provide more information about the number of ecDNA you are referring to."
1038,761.tif,2,0,0,"['{\n  ""ecDNA"": 3\n}', '{\n  ""ecDNA"": 0\n}', '{\n  ""ecDNA"": 29\n}', '{\n  ""ecDNA"": 0\n}']","['{\n  ""ecDNA"": 0\n}', '{\n  ""ecDNA"": 5\n}', '{\n""ecDNA"": 0\n}', '{\n  ""ecDNA"": 0\n}']","['{\n  ""ecDNA"": 3\n}', '{\n  ""ecDNA"": 0\n}', '{\n  ""ecDNA"": 0\n}', '{\n  ""ecDNA"": 3\n}', '{\n  ""ecDNA"": 0\n}']","{
  ""ecDNA"": 5
}"
1039,762.tif,1,0,0,"['{\n  ""ecDNA"": 0\n}', '```json\n{\n  ""ecDNA"": 6\n}\n```', '{\n  ""ecDNA"": 4\n}', '{\n  ""ecDNA"": 0\n}']","['{\n  ""ecDNA"": 0\n}', '{""ecDNA"": 3}', '{""ecDNA"": 2}', '{""ecDNA_count"": 0}']","['{\n  ""ecDNA"": 0\n}', '{\n  ""ecDNA"": 0\n}', '{\n  ""ecDNA"": 0\n}', '{\n  ""ecDNA"": 3\n}', '{\n  ""ecDNA"": 0\n}']","Here is the ecDNA count for the image:
```json
{
  ""ecDNA"": 5
}
```"
1040,764.tif,2,0,0,"['{\n  ""ecDNA"": 0\n}', '{\n  ""ecDNA"": 0\n}', '{\n  ""ecDNA"": 0\n}', '{\n  ""ecDNA"": 0\n}']","['{\n  ""ecDNA"": 2\n}', '{\n  ""ecDNA"": 0\n}', '{\n  ""ecDNA"": 2\n}', '{\n""ecDNA"": 3\n}']","['{\n  ""ecDNA"": 0\n}', '{\n  ""ecDNA"": 3\n}', '{\n  ""ecDNA"": 0\n}', '{\n  ""ecDNA"": 0\n}', '{\n  ""ecDNA"": 0\n}']","{
  ""ecDNA"": 3
}"
1041,765.tif,2,0,0,"['{\n  ""ecDNA"": 3\n}', '```json\n{\n  ""ecDNA"": 1\n}\n```', '{\n  ""ecDNA"": 2\n}', '```json\n[15]\n```']","['{\n  ""ecDNA"": 3\n}', '{\n  ""ecDNA"": 5\n}', '{\n  ""ecDNA"": 2\n}', '{\n  ""ecDNA"": 3\n}']","['{\n  ""ecDNA"": 0\n}', '{\n  ""ecDNA"": 3\n}', '{\n  ""ecDNA"": 3\n}', '{\n  ""ecDNA"": 3\n}', '{\n  ""ecDNA"": 0\n}']","{
  ""ecDNA"": 5
}"
1042,766.tif,4,2,0,"['{\n  ""ecDNA"": 0\n}', '{\n  ""ecDNA"": 6\n}', '{\n  ""ecDNA"": 14\n}', '{\n  ""ecDNA"": 1\n}']","['{\n  ""ecDNA"": 2\n}', '{\n  ""ecDNA"": 2\n}', '{\n""ecDNA"": 3\n}', '```json\n[\n  {\n    ""ecDNA"": [\n      {\n        ""x"": 20,\n        ""y"": 30,\n        ""width"": 5,\n        ""height"": 7\n      },\n      {\n        ""x"": 20,\n        ""y"": 60,\n        ""width"": 5,\n        ""height"": 7\n      }\n    ]\n  }\n]\n```']","['{\n  ""ecDNA"": 3\n}', '{\n  ""ecDNA"": 0\n}', '{\n  ""ecDNA"": 0\n}', '{\n  ""ecDNA"": 3\n}', '{\n  ""ecDNA"": 0\n}']","I'm sorry, but I cannot provide an answer without a picture. Please upload the image so I can assist you better."
1043,767.tif,1,0,0,"['{\n  ""ecDNA"": 0\n}', '{\n  ""ecDNA"": 9\n}', '{\n  ""ecDNA"": 24\n}', '{\n  ""ecDNA"": 0\n}']","['{\n  ""ecDNA"": 0\n}', '{""ecDNA"": 2}', '{\n  ""ecDNA"": 0\n}', '```json\n[2]\n```']","['{\n  ""ecDNA"": 3\n}', '{\n  ""ecDNA"": 0\n}', '{\n  ""ecDNA"": 0\n}', '{\n  ""ecDNA"": 3\n}', '{\n  ""ecDNA"": 3\n}']","I'm sorry, but I cannot determine the number of ecDNA in the image as it is not provided. Please provide more information about the number of ecDNA you are referring to."
1044,768.tif,2,0,0,"['{\n  ""ecDNA"": 0\n}', '{\n  ""ecDNA"": 2\n}', '{\n  ""ecDNA"": 5\n}', '{\n  ""ecDNA"": 0\n}']","['{\n  ""ecDNA"": 0\n}', '{""ecDNA"": 3}', '{\n  ""ecDNA"": 3\n}', '{\n  ""ecDNA"": 3\n}']","['{\n  ""ecDNA"": 0\n}', '{\n  ""ecDNA"": 3\n}', '{\n  ""ecDNA"": 0\n}', '{\n  ""ecDNA"": 3\n}', '{\n  ""ecDNA"": 3\n}']","```json
[
    {
        ""x"": 0,
        ""y"": 0,
        ""width"": 1600,
        ""height"": 1600
    }
]
```"
1045,769.tif,1,45,14,"['{\n  ""ecDNA"": 3\n}', '{\n  ""ecDNA"": 0\n}', '{\n  ""ecDNA"": 2\n}', '{\n  ""ecDNA"": 0\n}']","['{\n  ""ecDNA"": 0\n}', '{\n  ""ecDNA"": 5\n}', '{""ecDNA"": 0}', '{\n  ""ecDNA"": 0\n}']","['{\n  ""ecDNA"": 0\n}', '{\n  ""ecDNA"": 3\n}', '{\n  ""ecDNA"": 3\n}', '{\n  ""ecDNA"": 0\n}', '{\n  ""ecDNA"": 0\n}']","Here is the number of ecDNA in the image:
```json
{
  ""ecDNA"": 10
}
```

This means there is one ecDNA structure in the image."
1046,77.tif,1,9,11,"['{\n  ""ecDNA"": 0\n}', '{\n  ""ecDNA"": 0\n}', '{\n  ""ecDNA"": 7\n}', '```json\n[0]\n```']","['{\n  ""ecDNA"": 0\n}', '{\n  ""ecDNA"": 2\n}', '{""ecDNA"": 5}', '{""ecDNA"": 3}']","['{\n  ""ecDNA"": 0\n}', '{\n  ""ecDNA"": 3\n}', '{\n  ""ecDNA"": 3\n}', '{\n  ""ecDNA"": 0\n}', '{\n  ""ecDNA"": 3\n}']","{
  ""ecDNA"": 5
}"
1047,770.tif,2,9,3,"['{\n  ""ecDNA"": 3\n}', '{\n  ""ecDNA"": 0\n}', '{\n  ""ecDNA"": 3\n}', '{\n  ""ecDNA"": 7\n}']","['{\n  ""ecDNA"": 3\n}', '{""ecDNA"": 3}', '{\n  ""ecDNA"": 3\n}', '{""ecDNA"":2}']","['{\n  ""ecDNA"": 0\n}', '{\n  ""ecDNA"": 0\n}', '{\n  ""ecDNA"": 0\n}', '{\n  ""ecDNA"": 3\n}', '{\n  ""ecDNA"": 3\n}']",I am unable to determine the number of ecDNA in the image as it is not provided. Please provide more information about the number of ecDNA you are referring to.
1048,771.tif,6,0,0,"['{\n  ""ecDNA"": 3\n}', '```json\n[8]\n```', '{\n  ""ecDNA"": 0\n}', '{\n  ""ecDNA"": 0\n}']","['{\n  ""ecDNA"": 3\n}', '{\n""ecDNA"": 0\n}', '{\n  ""ecDNA"": 0\n}', '{""ecDNA_count"":1}']","['{\n  ""ecDNA"": 0\n}', '{\n  ""ecDNA"": 3\n}', '{\n  ""ecDNA"": 0\n}', '{\n  ""ecDNA"": 3\n}', '{\n  ""ecDNA"": 0\n}']","I'm sorry, but I cannot determine the number of ecDNA in the image as it is not provided. Please provide more information about the number of ecDNA in the image."
1049,773.tif,0,11,11,"['{\n  ""ecDNA"": 0\n}', '{\n  ""ecDNA"": 0\n}', '{\n  ""ecDNA"": 1\n}', '{\n  ""ecDNA"": 1\n}']","['{\n  ""ecDNA"": 2\n}', '{\n  ""ecDNA"": 5\n}', '{""ecDNA"": 0}', '{\n""ecDNA"": 3\n}']","['{\n  ""ecDNA"": 0\n}', '{\n  ""ecDNA"": 3\n}', '{\n  ""ecDNA"": 3\n}', '{\n  ""ecDNA"": 3\n}', '{\n  ""ecDNA"": 3\n}']","Here is the ecDNA count for the image:
```json
{
  ""ecDNA_count"": 1000
}
```
It appears there is only one ecDNA structure in the image."
1050,774.tif,1,10,2,"['{\n  ""ecDNA"": 3\n}', '{\n  ""ecDNA"": 0\n}', '{\n  ""ecDNA"": 7\n}', '{\n  ""ecDNA"": 0\n}']","['{\n  ""ecDNA"": 3\n}', '{\n  ""ecDNA"": 3\n}', '{\n  ""ecDNA"": 3\n}', '```json\n{\n  ""ecDNA"": 5\n}\n```']","['{\n  ""ecDNA"": 0\n}', '{\n  ""ecDNA"": 3\n}', '{\n  ""ecDNA"": 0\n}', '{\n  ""ecDNA"": 3\n}', '{\n  ""ecDNA"": 0\n}']","{
  ""ecDNA"": 5
}"
1051,775.tif,2,0,0,"['{\n  ""ecDNA"": 3\n}', '{\n  ""ecDNA"": 15\n}', '{\n  ""ecDNA"": 0\n}', '{\n  ""ecDNA"": 16\n}']","['{\n  ""ecDNA"": 0\n}', '{""ecDNA"": 0}', '{\n  ""ecDNA"": 0\n}', '{\n  ""ecDNA"": 0\n}']","['{\n  ""ecDNA"": 3\n}', '{\n  ""ecDNA"": 0\n}', '{\n  ""ecDNA"": 0\n}', '{\n  ""ecDNA"": 0\n}', '{\n  ""ecDNA"": 3\n}']","I'm sorry, but I cannot determine the number of ecDNA in the image as it is not provided. Please provide more information about the number of ecDNA you are referring to."
1052,777.tif,0,2,0,"['{\n  ""ecDNA"": 3\n}', '```json\n{\n  ""ecDNA"": 1\n}\n```', '{\n  ""ecDNA"": 0\n}', '{\n  ""ecDNA"": 9\n}']","['{\n  ""ecDNA"": 3\n}', '{\n  ""ecDNA"": 0\n}', '{\n  ""ecDNA"": 0\n}', '{""ecDNA"": 3}']","['{\n  ""ecDNA"": 3\n}', '{\n  ""ecDNA"": 3\n}', '{\n  ""ecDNA"": 3\n}', '{\n  ""ecDNA"": 0\n}', '{\n  ""ecDNA"": 3\n}']",I'm unable to provide an integer number as it is not a valid input for this API call. Please provide a valid integer number in JSON format.
1053,779.tif,1,0,0,"['{\n  ""ecDNA"": 3\n}', '{\n  ""ecDNA"": 0\n}', '{\n  ""ecDNA"": 1\n}', '{\n  ""ecDNA"": 0\n}']","['{\n  ""ecDNA"": 3\n}', '{\n  ""ecDNA"": 2\n}', '{""ecDNA"": 3}', '{\n  ""ecDNA"": 3\n}']","['{\n  ""ecDNA"": 0\n}', '{\n  ""ecDNA"": 3\n}', '{\n  ""ecDNA"": 0\n}', '{\n  ""ecDNA"": 3\n}', '{\n  ""ecDNA"": 3\n}']",I'm unable to determine the number of ecDNA in the image as it is not provided. Please provide more information about the ecDNA in the image or the number of ecDNA you are referring to.
1054,78.tif,0,3,1,"['{\n  ""ecDNA"": 3\n}', '{\n  ""ecDNA"": 0\n}', '{\n  ""ecDNA"": 2\n}', '{\n  ""ecDNA"": 0\n}']","['{\n  ""ecDNA"": 0\n}', '{\n""ecDNA"": 2\n}', '{\n  ""ecDNA"": 0\n}', '{\n  ""ecDNA"": 3\n}']","['{\n  ""ecDNA"": 0\n}', '{\n  ""ecDNA"": 3\n}', '{\n  ""ecDNA"": 3\n}', '{\n  ""ecDNA"": 0\n}', '{\n  ""ecDNA"": 0\n}']","{
""ecDNA"": 0
}"
1055,780.tif,1,0,1,"['{\n  ""ecDNA"": 0\n}', '{\n  ""ecDNA"": 0\n}', '{\n  ""ecDNA"": 21\n}', '{\n  ""ecDNA"": 3\n}']","['{\n  ""ecDNA"": 3\n}', '{\n  ""ecDNA"": 0\n}', '{""ecDNA"": 2}', '{""ecDNA"": 0}']","['{\n  ""ecDNA"": 3\n}', '{\n  ""ecDNA"": 3\n}', '{\n  ""ecDNA"": 0\n}', '{\n  ""ecDNA"": 0\n}', '{\n  ""ecDNA"": 3\n}']","I'm sorry, but I cannot provide an integer number in JSON format as it is not a valid data type for this API. Please provide more information about the ecDNA count you are referring to."
1056,782.tif,2,3,0,"['{\n  ""ecDNA"": 0\n}', '{\n  ""ecDNA"": 11\n}', '{\n  ""ecDNA"": 5\n}', '{\n  ""ecDNA"": 0\n}']","['{\n  ""ecDNA"": 3\n}', '{\n  ""ecDNA"": 0\n}', '{\n  ""ecDNA"": 5\n}', '```json\n{\n  ""ecDNA"": 5\n}\n```']","['{\n  ""ecDNA"": 0\n}', '{\n  ""ecDNA"": 0\n}', '{\n  ""ecDNA"": 0\n}', '{\n  ""ecDNA"": 3\n}', '{\n  ""ecDNA"": 0\n}']","I'm sorry, but I cannot determine the number of ecDNA in the image as it is not provided. Please provide more information about the image or the number of ecDNA you are referring to."
1057,783.tif,2,1,0,"['{\n  ""ecDNA"": 3\n}', '```json\n{\n  ""ecDNA"": 1\n}\n```', '```json\n[16]\n```', '{\n  ""ecDNA"": 0\n}']","['{\n  ""ecDNA"": 0\n}', '{\n  ""ecDNA"": 0\n}', '{""ecDNA"": 2}', '```json\n[3]\n```']","['{\n  ""ecDNA"": 0\n}', '{\n  ""ecDNA"": 0\n}', '{\n  ""ecDNA"": 0\n}', '{\n  ""ecDNA"": 0\n}', '{\n  ""ecDNA"": 3\n}']","{
  ""ecDNA"": 10
}"
1058,784.tif,2,0,0,"['{\n  ""ecDNA"": 3\n}', '{\n  ""ecDNA"": 2\n}', '{\n  ""ecDNA"": 1\n}', '{\n  ""ecDNA"": 0\n}']","['{\n  ""ecDNA"": 3\n}', '{\n""ecDNA"": 0\n}', '{""ecDNA"": 2}', '{\n  ""ecDNA"": 0\n}']","['{\n  ""ecDNA"": 0\n}', '{\n  ""ecDNA"": 0\n}', '{\n  ""ecDNA"": 3\n}', '{\n  ""ecDNA"": 3\n}', '{\n  ""ecDNA"": 0\n}']","{
  ""ecDNA"": 0
}"
1059,785.tif,1,3,0,"['{\n  ""ecDNA"": 0\n}', '{\n  ""ecDNA"": 0\n}', '{\n  ""ecDNA"": 10\n}', '{\n  ""ecDNA"": 0\n}']","['{\n  ""ecDNA"": 0\n}', '{""ecDNA"": 0}', '{\n  ""ecDNA"": 5\n}', '{""ecDNA"": 3}']","['{\n  ""ecDNA"": 0\n}', '{\n  ""ecDNA"": 3\n}', '{\n  ""ecDNA"": 0\n}', '{\n  ""ecDNA"": 0\n}', '{\n  ""ecDNA"": 3\n}']","Here is the count of ecDNA in the image:
```json
[
  {
    ""x"": 0,
    ""y"": 0,
    ""area"": 3905
  },
  {
    ""x"": 167,
    ""y"": 0,
    ""area"": 3905
  },
  {
    ""x"": 334,
    ""y"": 0,
    ""area"": 3905
  },
  {
    ""x"": 491,
    ""y"": 0,
    ""area"": 39"
1060,786.tif,2,0,0,"['{\n  ""ecDNA"": 3\n}', '{\n  ""ecDNA"": 0\n}', '{\n  ""ecDNA"": 0\n}', '{\n  ""ecDNA"": 0\n}']","['{\n  ""ecDNA"": 3\n}', '{\n""ecDNA"": 2\n}', '{""ecDNA"": 5}', '{\n  ""ecDNA"": 10\n}']","['{\n  ""ecDNA"": 3\n}', '{\n  ""ecDNA"": 3\n}', '{\n  ""ecDNA"": 0\n}', '{\n  ""ecDNA"": 3\n}', '{\n  ""ecDNA"": 3\n}']","I'm sorry, but I cannot provide a number for the number of ecDNA in the image as it is not provided. Please provide more information about the number of ecDNA you are referring to."
1061,787.tif,2,2,0,"['{\n  ""ecDNA"": 0\n}', '```json\n{\n  ""ecDNA"": 69\n}\n```', '{\n  ""ecDNA"": 0\n}', '{\n  ""ecDNA"": 12\n}']","['{\n  ""ecDNA"": 3\n}', '{\n""ecDNA"": 3\n}', '{\n  ""ecDNA"": 3\n}', '{""ecDNA"": 3}']","['{\n  ""ecDNA"": 3\n}', '{\n  ""ecDNA"": 3\n}', '{\n  ""ecDNA"": 0\n}', '{\n  ""ecDNA"": 3\n}', '{\n  ""ecDNA"": 0\n}']","{
  ""ecDNA"": 1
}"
1062,788.tif,1,1,0,"['{\n  ""ecDNA"": 0\n}', '{\n  ""ecDNA"": 2\n}', '```json\n[74]\n```', '{\n  ""ecDNA"": 29\n}']","['{\n  ""ecDNA"": 0\n}', '{""ecDNA"": 0}', '{\n  ""ecDNA"": 3\n}', '{""ecDNA"": 0}']","['{\n  ""ecDNA"": 0\n}', '{\n  ""ecDNA"": 0\n}', '{\n  ""ecDNA"": 3\n}', '{\n  ""ecDNA"": 3\n}', '{\n  ""ecDNA"": 0\n}']","I'm sorry, but I cannot determine the number of ecDNA in the image as it is not provided. Please provide more information about the number of ecDNA you are referring to."
1063,789.tif,1,16,0,"['{\n  ""ecDNA"": 0\n}', '{\n  ""ecDNA"": 0\n}', '{\n  ""ecDNA"": 2\n}', '{\n  ""ecDNA"": 3\n}']","['{\n  ""ecDNA"": 0\n}', '{\n""ecDNA"": 5\n}', '{""ecDNA"": 2}', '{\n  ""ecDNA"": {\n    ""value"": 2,\n    ""count"": 3\n  }\n}']","['{\n  ""ecDNA"": 0\n}', '{\n  ""ecDNA"": 0\n}', '{\n  ""ecDNA"": 0\n}', '{\n  ""ecDNA"": 3\n}', '{\n  ""ecDNA"": 3\n}']","{
  ""ecDNA"": 0
}"
1064,790.tif,1,11,0,"['{\n  ""ecDNA"": 0\n}', '{\n  ""ecDNA"": 0\n}', '{\n  ""ecDNA"": 13\n}', '```json\n[6]\n```']","['{\n  ""ecDNA"": 2\n}', '{""ecDNA"": 0}', '{\n  ""ecDNA"": 3\n}', '{\n  ""ecDNA"": 3\n}']","['{\n  ""ecDNA"": 3\n}', '{\n  ""ecDNA"": 0\n}', '{\n  ""ecDNA"": 0\n}', '{\n  ""ecDNA"": 0\n}', '{\n  ""ecDNA"": 3\n}']","{
    ""ecDNA"": 100
}"
1065,791.tif,2,2,0,"['{\n  ""ecDNA"": 3\n}', '{\n  ""ecDNA"": 10\n}', '{\n  ""ecDNA"": 0\n}', '```json\n[1]\n```']","['{\n  ""ecDNA"": 0\n}', '{\n  ""ecDNA"": 0\n}', '{\n  ""ecDNA"": 3\n}', '```json\n{\n  ""ecDNA"": 5\n}\n```']","['{\n  ""ecDNA"": 3\n}', '{\n  ""ecDNA"": 0\n}', '{\n  ""ecDNA"": 3\n}', '{\n  ""ecDNA"": 3\n}', '{\n  ""ecDNA"": 3\n}']","{
""ecDNA"": 1
}"
1066,792.tif,0,6,0,"['{\n  ""ecDNA"": 0\n}', '{\n  ""ecDNA"": 0\n}', '{\n  ""ecDNA"": 5\n}', '{\n  ""ecDNA"": 11\n}']","['{\n  ""ecDNA"": 3\n}', '{\n  ""ecDNA"": 0\n}', '{\n  ""ecDNA"": 3\n}', '{""ecDNA"":1}']","['{\n  ""ecDNA"": 0\n}', '{\n  ""ecDNA"": 3\n}', '{\n  ""ecDNA"": 0\n}', '{\n  ""ecDNA"": 3\n}', '{\n  ""ecDNA"": 0\n}']","I'm sorry, but I cannot determine the number of ecDNA in the image as it is not provided. Please provide more information about the ecDNA in the image or the number you are referring to."
1067,793.tif,1,19,1,"['{\n  ""ecDNA"": 3\n}', '{\n  ""ecDNA"": 7\n}', '{\n  ""ecDNA"": 0\n}', '{\n  ""ecDNA"": 0\n}']","['{\n  ""ecDNA"": 0\n}', '{""ecDNA"": 5}', '{\n  ""ecDNA"": 3\n}', '{\n  ""ecDNA"": 0\n}']","['{\n  ""ecDNA"": 0\n}', '{\n  ""ecDNA"": 0\n}', '{\n  ""ecDNA"": 0\n}', '{\n  ""ecDNA"": 3\n}', '{\n  ""ecDNA"": 3\n}']","{
  ""ecDNA"": {
    ""count"": 1
  }
}"
1068,794.tif,0,10,0,"['{\n  ""ecDNA"": 0\n}', '{\n  ""ecDNA"": 2\n}', '{\n  ""ecDNA"": 3\n}', '{\n  ""ecDNA"": 24\n}']","['{\n  ""ecDNA"": 2\n}', '{\n  ""ecDNA"": 2\n}', '{\n  ""ecDNA"": 2\n}', '{\n  ""ecDNA"": 123\n}']","['{\n  ""ecDNA"": 0\n}', '{\n  ""ecDNA"": 0\n}', '{\n  ""ecDNA"": 0\n}', '{\n  ""ecDNA"": 3\n}', '{\n  ""ecDNA"": 3\n}']","I'm sorry, but I cannot determine the number of ecDNA in the image as it is not provided. Please provide more information about the number of ecDNA you are referring to."
1069,795.tif,1,0,0,"['{\n  ""ecDNA"": 3\n}', '```json\n{\n  ""ecDNA"": 1\n}\n```', '{\n  ""ecDNA"": 1\n}', '{\n  ""ecDNA"": 1\n}']","['{\n  ""ecDNA"": 3\n}', '{\n  ""ecDNA"": 2\n}', '{""ecDNA"": 0}', '{\n  ""ecDNA"": {\n    ""value"": 2,\n    ""count"": 2\n  }\n}']","['{\n  ""ecDNA"": 3\n}', '{\n  ""ecDNA"": 0\n}', '{\n  ""ecDNA"": 3\n}', '{\n  ""ecDNA"": 3\n}', '{\n  ""ecDNA"": 0\n}']","{
  ""ecDNA"": 5
}"
1070,796.tif,1,0,0,"['{\n  ""ecDNA"": 3\n}', '{\n  ""ecDNA"": 0\n}', '{\n  ""ecDNA"": 5\n}', '{\n  ""ecDNA"": 7\n}']","['{\n  ""ecDNA"": 3\n}', '{\n  ""ecDNA"": 2\n}', '{\n  ""ecDNA"": 0\n}', '{""ecDNA"": 3}']","['{\n  ""ecDNA"": 3\n}', '{\n  ""ecDNA"": 0\n}', '{\n  ""ecDNA"": 3\n}', '{\n  ""ecDNA"": 3\n}', '{\n  ""ecDNA"": 3\n}']","I'm sorry, but I cannot determine the number of ecDNA in the image as it is not provided. Please provide more information about the image or the number of ecDNA you are referring to."
1071,8.tif,4,0,2,"['{\n  ""ecDNA"": 3\n}', '{\n  ""ecDNA"": 13\n}', '{\n  ""ecDNA"": 0\n}', '{\n  ""ecDNA"": 0\n}']","['{\n  ""ecDNA"": 0\n}', '{""ecDNA"": 2}', '{\n  ""ecDNA"": 5\n}', '{""ecDNA"": 3}']","['{\n  ""ecDNA"": 0\n}', '{\n  ""ecDNA"": 0\n}', '{\n  ""ecDNA"": 0\n}', '{\n  ""ecDNA"": 3\n}', '{\n  ""ecDNA"": 0\n}']","{
  ""ecDNA"": 3
}"
1072,800.tif,3,0,0,"['{\n  ""ecDNA"": 3\n}', '{\n  ""ecDNA"": 0\n}', '```json\n[7]\n```', '{\n  ""ecDNA"": 0\n}']","['{\n  ""ecDNA"": 0\n}', '{""ecDNA"": 2}', '{\n  ""ecDNA"": 5\n}', '{\n""ecDNA"": 3\n}']","['{\n  ""ecDNA"": 0\n}', '{\n  ""ecDNA"": 3\n}', '{\n  ""ecDNA"": 0\n}', '{\n  ""ecDNA"": 0\n}', '{\n  ""ecDNA"": 3\n}']","I'm sorry, but I cannot determine the number of ecDNA in the image as it is not provided. Please provide more information about the image or the number of ecDNA you are referring to."
1073,801.tif,1,0,0,"['{\n  ""ecDNA"": 0\n}', '```json\n{\n  ""ecDNA"": 67\n}\n```', '{\n  ""ecDNA"": 0\n}', '```json\n[31]\n```']","['{\n  ""ecDNA"": 3\n}', '{""ecDNA"": 2}', '{\n  ""ecDNA"": 5\n}', '{\n""ecDNA"": 3\n}']","['{\n  ""ecDNA"": 0\n}', '{\n  ""ecDNA"": 0\n}', '{\n  ""ecDNA"": 3\n}', '{\n  ""ecDNA"": 3\n}', '{\n  ""ecDNA"": 0\n}']","{
""ecDNA"": 10
}"
1074,802.tif,2,0,0,"['{\n  ""ecDNA"": 0\n}', '{\n  ""ecDNA"": 0\n}', '{\n  ""ecDNA"": 1\n}', '{\n  ""ecDNA"": 0\n}']","['{\n  ""ecDNA"": 0\n}', '{""ecDNA"": 0}', '{\n""ecDNA"": 3\n}', '{\n  ""ecDNA"": 123\n}']","['{\n  ""ecDNA"": 3\n}', '{\n  ""ecDNA"": 3\n}', '{\n  ""ecDNA"": 3\n}', '{\n  ""ecDNA"": 0\n}', '{\n  ""ecDNA"": 0\n}']","I'm sorry, but I cannot determine the number of ecDNA in the image as it is not provided. Please provide more information about the number of ecDNA you are referring to."
1075,803.tif,1,0,0,"['{\n  ""ecDNA"": 0\n}', '{\n  ""ecDNA"": 1\n}', '{\n  ""ecDNA"": 25\n}', '```json\n[5]\n```']","['{\n  ""ecDNA"": 0\n}', '{""ecDNA"": 0}', '{\n  ""ecDNA"": 2\n}', '{\n  ""ecDNA"": {\n    ""total"": 1000\n  }\n}']","['{\n  ""ecDNA"": 0\n}', '{\n  ""ecDNA"": 3\n}', '{\n  ""ecDNA"": 3\n}', '{\n  ""ecDNA"": 0\n}', '{\n  ""ecDNA"": 3\n}']","I'm sorry, but I cannot determine the number of ecDNA in the image as it is not provided. Please provide more information about the number of ecDNA in the image."
1076,804.tif,2,0,0,"['{\n  ""ecDNA"": 3\n}', '```json\n{\n  ""ecDNA"": 1\n}\n```', '{\n  ""ecDNA"": 0\n}', '{\n  ""ecDNA"": 9\n}']","['{\n  ""ecDNA"": 3\n}', '{\n  ""ecDNA"": 0\n}', '{\n  ""ecDNA"": 3\n}', '{""ecDNA"": 5}']","['{\n  ""ecDNA"": 0\n}', '{\n  ""ecDNA"": 3\n}', '{\n  ""ecDNA"": 3\n}', '{\n  ""ecDNA"": 3\n}', '{\n  ""ecDNA"": 3\n}']","```json
[{""x"": 0, ""y"": 0, ""w"": 5, ""h"": 5}]
```"
1077,805.tif,1,1,0,"['{\n  ""ecDNA"": 0\n}', '```json\n{\n  ""ecDNA"": 9\n}\n```', '{\n  ""ecDNA"": 2\n}', '```json\n[0]\n```']","['{\n  ""ecDNA"": 3\n}', '{\n""ecDNA"": 3\n}', '{\n  ""ecDNA"": 0\n}', '{""ecDNA_count"": 5}']","['{\n  ""ecDNA"": 0\n}', '{\n  ""ecDNA"": 3\n}', '{\n  ""ecDNA"": 3\n}', '{\n  ""ecDNA"": 3\n}', '{\n  ""ecDNA"": 3\n}']","I'm sorry, but I cannot determine the number of ecDNA in the image as it is not provided. Please provide more information about the number of ecDNA in the image."
1078,806.tif,0,2,3,"['{\n  ""ecDNA"": 0\n}', '```json\n{\n  ""ecDNA"": 1\n}\n```', '{\n  ""ecDNA"": 1\n}', '{\n  ""ecDNA"": 0\n}']","['{\n  ""ecDNA"": 0\n}', '{""ecDNA"": 2}', '{\n  ""ecDNA"": 5\n}', '{\n  ""ecDNA"": 3\n}']","['{\n  ""ecDNA"": 0\n}', '{\n  ""ecDNA"": 0\n}', '{\n  ""ecDNA"": 3\n}', '{\n  ""ecDNA"": 3\n}', '{\n  ""ecDNA"": 0\n}']","I'm sorry, but I cannot determine the number of ecDNA in the image as it is not provided. Please provide more information about the image or the number of ecDNA you are referring to."
1079,807.tif,1,0,0,"['{\n  ""ecDNA"": 0\n}', '```json\n{\n  ""ecDNA"": 1\n}\n```', '{\n  ""ecDNA"": 50\n}', '{\n  ""ecDNA"": 0\n}']","['{\n  ""ecDNA"": 0\n}', '{\n  ""ecDNA"": 2\n}', '{""ecDNA"": 0}', '{\n""ecDNA"": 3\n}']","['{\n  ""ecDNA"": 0\n}', '{\n  ""ecDNA"": 0\n}', '{\n  ""ecDNA"": 3\n}', '{\n  ""ecDNA"": 0\n}', '{\n  ""ecDNA"": 0\n}']","I'm sorry, but I cannot determine the number of ecDNA in the image as it is not provided. Please provide more information about the number of ecDNA you are referring to."
1080,808.tif,2,0,0,"['{\n  ""ecDNA"": 0\n}', '{\n  ""ecDNA"": 0\n}', '{\n  ""ecDNA"": 1\n}', '{\n  ""ecDNA"": 0\n}']","['{\n  ""ecDNA"": 0\n}', '{\n""ecDNA"": 2\n}', '{\n  ""ecDNA"": 5\n}', '```json\n{\n  ""ecDNA"": 1\n}\n```']","['{\n  ""ecDNA"": 3\n}', '{\n  ""ecDNA"": 0\n}', '{\n  ""ecDNA"": 0\n}', '{\n  ""ecDNA"": 3\n}', '{\n  ""ecDNA"": 0\n}']","{
  ""ecDNA"": 0
}"
1081,809.tif,1,8,16,"['{\n  ""ecDNA"": 3\n}', '{\n  ""ecDNA"": 1\n}', '{\n  ""ecDNA"": 0\n}', '{\n  ""ecDNA"": 0\n}']","['{\n  ""ecDNA"": 3\n}', '{\n  ""ecDNA"": 3\n}', '{\n  ""ecDNA"": 3\n}', '{\n""ecDNA"": 10000\n}']","['{\n  ""ecDNA"": 3\n}', '{\n  ""ecDNA"": 0\n}', '{\n  ""ecDNA"": 3\n}', '{\n  ""ecDNA"": 0\n}', '{\n  ""ecDNA"": 3\n}']","{
  ""ecDNA"": 5
}"
1082,810.tif,0,9,8,"['{\n  ""ecDNA"": 0\n}', '{\n  ""ecDNA"": 0\n}', '{\n  ""ecDNA"": 4\n}', '{\n  ""ecDNA"": 2\n}']","['{\n  ""ecDNA"": 0\n}', '{""ecDNA"": 0}', '{""ecDNA"": 3}', '{""ecDNA"":3}']","['{\n  ""ecDNA"": 3\n}', '{\n  ""ecDNA"": 0\n}', '{\n  ""ecDNA"": 0\n}', '{\n  ""ecDNA"": 3\n}', '{\n  ""ecDNA"": 3\n}']","```json
{
  ""ecDNA"": 2
}
```"
1083,811.tif,1,0,0,"['{\n  ""ecDNA"": 3\n}', '{\n  ""ecDNA"": 1\n}', '{\n  ""ecDNA"": 1\n}', '{\n  ""ecDNA"": 1\n}']","['{\n  ""ecDNA"": 0\n}', '{\n  ""ecDNA"": 3\n}', '{\n  ""ecDNA"": 5\n}', '```json\n{""ecDNA"": 3}\n```']","['{\n  ""ecDNA"": 3\n}', '{\n  ""ecDNA"": 0\n}', '{\n  ""ecDNA"": 0\n}', '{\n  ""ecDNA"": 0\n}', '{\n  ""ecDNA"": 0\n}']","```json
{
  ""ecDNA"": 5
}
```"
1084,812.tif,2,0,0,"['{\n  ""ecDNA"": 0\n}', '```json\n{\n  ""ecDNA"": 8\n}\n```', '{\n  ""ecDNA"": 0\n}', '```json\n[2]\n```']","['{\n  ""ecDNA"": 3\n}', '{\n  ""ecDNA"": 3\n}', '{\n  ""ecDNA"": 3\n}', '```json\n[\n    {\n        ""ecDNA"": 3\n    }\n]\n```']","['{\n  ""ecDNA"": 3\n}', '{\n  ""ecDNA"": 3\n}', '{\n  ""ecDNA"": 0\n}', '{\n  ""ecDNA"": 0\n}', '{\n  ""ecDNA"": 3\n}']","{
  ""ecDNA"": 5
}"
1085,813.tif,2,18,24,"['{\n  ""ecDNA"": 3\n}', '{\n  ""ecDNA"": 0\n}', '{\n  ""ecDNA"": 29\n}', '{\n  ""ecDNA"": 0\n}']","['{\n  ""ecDNA"": 3\n}', '{\n  ""ecDNA"": 3\n}', '{\n""ecDNA"": 0\n}', '{\n  ""ecDNA"": 0\n}']","['{\n  ""ecDNA"": 3\n}', '{\n  ""ecDNA"": 0\n}', '{\n  ""ecDNA"": 3\n}', '{\n  ""ecDNA"": 0\n}', '{\n  ""ecDNA"": 0\n}']","I'm sorry, but I cannot provide the number of ecDNA in the image as it is not provided. Please provide more information about the image or the number of ecDNA you are referring to."
1086,814.tif,0,12,8,"['{\n  ""ecDNA"": 0\n}', '{\n  ""ecDNA"": 0\n}', '{\n  ""ecDNA"": 9\n}', '{\n  ""ecDNA"": 1\n}']","['{\n  ""ecDNA"": 2\n}', '{\n  ""ecDNA"": 0\n}', '{""ecDNA"": 0}', '{\n  ""ecDNA"": 0\n}']","['{\n  ""ecDNA"": 0\n}', '{\n  ""ecDNA"": 0\n}', '{\n  ""ecDNA"": 0\n}', '{\n  ""ecDNA"": 0\n}', '{\n  ""ecDNA"": 0\n}']","{
  ""ecDNA"": 5
}"
1087,816.tif,1,0,0,"['{\n  ""ecDNA"": 3\n}', '```json\n{\n  ""ecDNA"": 21\n}\n```', '{\n  ""ecDNA"": 0\n}', '{\n  ""ecDNA"": 3\n}']","['{\n  ""ecDNA"": 3\n}', '{\n  ""ecDNA"": 0\n}', '{""ecDNA"": 0}', '{\n""ecDNA"": 1\n}']","['{\n  ""ecDNA"": 0\n}', '{\n  ""ecDNA"": 3\n}', '{\n  ""ecDNA"": 3\n}', '{\n  ""ecDNA"": 0\n}', '{\n  ""ecDNA"": 0\n}']","{
    ""ecDNA"": 5
}"
1088,817.tif,2,0,0,"['{\n  ""ecDNA"": 3\n}', '{\n  ""ecDNA"": 11\n}', '{\n  ""ecDNA"": 1\n}', '{\n  ""ecDNA"": 1\n}']","['{\n  ""ecDNA"": 3\n}', '{""ecDNA"": 2}', '{""ecDNA"": 3}', '{\n  ""ecDNA"": 10\n}']","['{\n  ""ecDNA"": 3\n}', '{\n  ""ecDNA"": 0\n}', '{\n  ""ecDNA"": 0\n}', '{\n  ""ecDNA"": 0\n}', '{\n  ""ecDNA"": 0\n}']","{
  ""ecDNA"": 5
}"
1089,819.tif,1,0,0,"['{\n  ""ecDNA"": 3\n}', '{\n  ""ecDNA"": 0\n}', '{\n  ""ecDNA"": 0\n}', '{\n  ""ecDNA"": 2\n}']","['{\n  ""ecDNA"": 2\n}', '{\n  ""ecDNA"": 3\n}', '{\n  ""ecDNA"": 2\n}', '{""ecDNA"": 3}']","['{\n  ""ecDNA"": 0\n}', '{\n  ""ecDNA"": 0\n}', '{\n  ""ecDNA"": 0\n}', '{\n  ""ecDNA"": 3\n}', '{\n  ""ecDNA"": 3\n}']","I'm sorry, but I cannot provide an answer without a picture. Please upload the image so I can assist you better."
1090,820.tif,3,0,0,"['{\n  ""ecDNA"": 3\n}', '{\n  ""ecDNA"": 3\n}', '{\n  ""ecDNA"": 26\n}', '{\n  ""ecDNA"": 1\n}']","['{\n  ""ecDNA"": 3\n}', '{""ecDNA"": 5}', '{""ecDNA"": 5}', '```json\n[\n    {\n        ""value"": 1\n    }\n]\n```']","['{\n  ""ecDNA"": 0\n}', '{\n  ""ecDNA"": 0\n}', '{\n  ""ecDNA"": 3\n}', '{\n  ""ecDNA"": 3\n}', '{\n  ""ecDNA"": 3\n}']","{
  ""ecDNA"": 1000
}"
1091,821.tif,1,2,7,"['{\n  ""ecDNA"": 0\n}', '{\n  ""ecDNA"": 0\n}', '{\n  ""ecDNA"": 1\n}', '```json\n[5]\n```']","['{\n  ""ecDNA"": 0\n}', '{\n  ""ecDNA"": 3\n}', '{\n  ""ecDNA"": 0\n}', '{\n  ""ecDNA"": 5\n}']","['{\n  ""ecDNA"": 0\n}', '{\n  ""ecDNA"": 0\n}', '{\n  ""ecDNA"": 0\n}', '{\n  ""ecDNA"": 3\n}', '{\n  ""ecDNA"": 3\n}']","{
  ""ecDNA"": 5
}"
1092,822.tif,2,0,0,"['{\n  ""ecDNA"": 0\n}', '{\n  ""ecDNA"": 0\n}', '{\n  ""ecDNA"": 5\n}', '{\n  ""ecDNA"": 3\n}']","['{\n  ""ecDNA"": 0\n}', '{\n  ""ecDNA"": 2\n}', '{""ecDNA"": 2}', '```json\n[1]\n```']","['{\n  ""ecDNA"": 3\n}', '{\n  ""ecDNA"": 3\n}', '{\n  ""ecDNA"": 3\n}', '{\n  ""ecDNA"": 3\n}', '{\n  ""ecDNA"": 0\n}']","Here is the count of ecDNA in the image:
```json
{
  ""ecDNA"": 5
}
```"
1093,823.tif,2,0,5,"['{\n  ""ecDNA"": 0\n}', '{\n  ""ecDNA"": 0\n}', '{\n  ""ecDNA"": 5\n}', '{\n  ""ecDNA"": 6\n}']","['{\n  ""ecDNA"": 3\n}', '{\n  ""ecDNA"": 3\n}', '{\n""ecDNA"": 2\n}', '{\n""ecDNA"": 0\n}']","['{\n  ""ecDNA"": 0\n}', '{\n  ""ecDNA"": 3\n}', '{\n  ""ecDNA"": 0\n}', '{\n  ""ecDNA"": 3\n}', '{\n  ""ecDNA"": 3\n}']","{
""ecDNA"": 5
}"
1094,824.tif,1,0,1,"['{\n  ""ecDNA"": 0\n}', '{\n  ""ecDNA"": 0\n}', '{\n  ""ecDNA"": 0\n}', '```json\n[4]\n```']","['{\n  ""ecDNA"": 3\n}', '{\n""ecDNA"": 3\n}', '{""ecDNA"": 2}', '{\n  ""ecDNA"": 2\n}']","['{\n  ""ecDNA"": 3\n}', '{\n  ""ecDNA"": 3\n}', '{\n  ""ecDNA"": 0\n}', '{\n  ""ecDNA"": 0\n}', '{\n  ""ecDNA"": 0\n}']","{
  ""ecDNA"": 100
}"
1095,825.tif,1,7,0,"['{\n  ""ecDNA"": 3\n}', '```json\n{\n  ""ecDNA"": 1\n}\n```', '{\n  ""ecDNA"": 0\n}', '{\n  ""ecDNA"": 1\n}']","['{\n  ""ecDNA"": 3\n}', '{\n  ""ecDNA"": 3\n}', '{\n  ""ecDNA"": 0\n}', '{\n  ""ecDNA"": 3\n}']","['{\n  ""ecDNA"": 3\n}', '{\n  ""ecDNA"": 0\n}', '{\n  ""ecDNA"": 0\n}', '{\n  ""ecDNA"": 0\n}', '{\n  ""ecDNA"": 3\n}']","{
  ""ecDNA"": {
    ""count"": 5
  }
}"
1096,826.tif,2,2,0,"['{\n  ""ecDNA"": 3\n}', '{\n  ""ecDNA"": 1\n}', '{\n  ""ecDNA"": 0\n}', '```json\n[1]\n```']","['{\n  ""ecDNA"": 2\n}', '{""ecDNA"": 0}', '{\n  ""ecDNA"": 2\n}', '{\n  ""ecDNA"": 3\n}']","['{\n  ""ecDNA"": 3\n}', '{\n  ""ecDNA"": 3\n}', '{\n  ""ecDNA"": 3\n}', '{\n  ""ecDNA"": 3\n}', '{\n  ""ecDNA"": 0\n}']","```json
{
  ""ecDNA"": 0
}
```"
1097,827.tif,2,3,2,"['{\n  ""ecDNA"": 3\n}', '```json\n{\n  ""ecDNA"": 3\n}\n```', '{\n  ""ecDNA"": 9\n}', '{\n  ""ecDNA"": 18\n}']","['{\n  ""ecDNA"": 0\n}', '{\n  ""ecDNA"": 0\n}', '{""ecDNA"": 5}', '{""ecDNA_count"":2}']","['{\n  ""ecDNA"": 3\n}', '{\n  ""ecDNA"": 0\n}', '{\n  ""ecDNA"": 3\n}', '{\n  ""ecDNA"": 0\n}', '{\n  ""ecDNA"": 0\n}']","{
  ""ecDNA"": 10
}"
1098,828.tif,0,14,12,"['{\n  ""ecDNA"": 0\n}', '{\n  ""ecDNA"": 0\n}', '{\n  ""ecDNA"": 2\n}', '{\n  ""ecDNA"": 18\n}']","['{\n  ""ecDNA"": 3\n}', '{\n  ""ecDNA"": 3\n}', '{\n""ecDNA"": 0\n}', '```json\n[1]\n```']","['{\n  ""ecDNA"": 0\n}', '{\n  ""ecDNA"": 0\n}', '{\n  ""ecDNA"": 3\n}', '{\n  ""ecDNA"": 3\n}', '{\n  ""ecDNA"": 0\n}']","{
  ""ecDNA"": 2
}"
1099,829.tif,0,25,0,"['{\n  ""ecDNA"": 3\n}', '{\n  ""ecDNA"": 5\n}', '{\n  ""ecDNA"": 27\n}', '{\n  ""ecDNA"": 0\n}']","['{\n  ""ecDNA"": 3\n}', '{""ecDNA"": 2}', '{""ecDNA"": 5}', '{\n  ""ecDNA"": 10\n}']","['{\n  ""ecDNA"": 0\n}', '{\n  ""ecDNA"": 0\n}', '{\n  ""ecDNA"": 3\n}', '{\n  ""ecDNA"": 0\n}', '{\n  ""ecDNA"": 0\n}']","```json
{
  ""ecDNA"": {
    ""count"": 5
  }
}
```"
1100,830.tif,0,8,1,"['{\n  ""ecDNA"": 3\n}', '{\n  ""ecDNA"": 3\n}', '{\n  ""ecDNA"": 41\n}', '{\n  ""ecDNA"": 3\n}']","['{\n  ""ecDNA"": 3\n}', '{""ecDNA"": 3}', '{""ecDNA"": 5}', '{""ecDNA"":2}']","['{\n  ""ecDNA"": 0\n}', '{\n  ""ecDNA"": 0\n}', '{\n  ""ecDNA"": 3\n}', '{\n  ""ecDNA"": 3\n}', '{\n  ""ecDNA"": 0\n}']","```json
{
  ""ecDNA"": 1
}
```"
1101,831.tif,1,1,1,"['{\n  ""ecDNA"": 0\n}', '{\n  ""ecDNA"": 6\n}', '{\n  ""ecDNA"": 0\n}', '{\n  ""ecDNA"": 25\n}']","['{\n  ""ecDNA"": 0\n}', '{\n""ecDNA"": 5\n}', '{""ecDNA"": 5}', '{""ecDNA_count"": 1}']","['{\n  ""ecDNA"": 0\n}', '{\n  ""ecDNA"": 0\n}', '{\n  ""ecDNA"": 0\n}', '{\n  ""ecDNA"": 0\n}', '{\n  ""ecDNA"": 0\n}']","I'm sorry, but I cannot determine the number of ecDNA in the image as it is not provided. Please provide more information about the number of ecDNA you are referring to."
1102,832.tif,0,2,9,"['{\n  ""ecDNA"": 3\n}', '{\n  ""ecDNA"": 0\n}', '{\n  ""ecDNA"": 0\n}', '{\n  ""ecDNA"": 1\n}']","['{\n  ""ecDNA"": 2\n}', '{""ecDNA"": 2}', '{\n""ecDNA"": 3\n}', '{""ecDNA"": 0}']","['{\n  ""ecDNA"": 0\n}', '{\n  ""ecDNA"": 3\n}', '{\n  ""ecDNA"": 0\n}', '{\n  ""ecDNA"": 0\n}', '{\n  ""ecDNA"": 3\n}']","I'm sorry, but I cannot provide an answer without a picture. Please upload the image so I can assist you better."
1103,833.tif,2,10,2,"['{\n  ""ecDNA"": 0\n}', '```json\n{\n  ""ecDNA"": 1\n}\n```', '{\n  ""ecDNA"": 2\n}', '{\n  ""ecDNA"": 1\n}']","['{\n  ""ecDNA"": 0\n}', '{\n  ""ecDNA"": 5\n}', '{\n  ""ecDNA"": 3\n}', '```json\n[{""value"": 1}]\n```']","['{\n  ""ecDNA"": 3\n}', '{\n  ""ecDNA"": 3\n}', '{\n  ""ecDNA"": 3\n}', '{\n  ""ecDNA"": 3\n}', '{\n  ""ecDNA"": 0\n}']","{
  ""ecDNA"": 1000
}"
1104,834.tif,1,3,3,"['{\n  ""ecDNA"": 3\n}', '{\n  ""ecDNA"": 0\n}', '{\n  ""ecDNA"": 3\n}', '{\n  ""ecDNA"": 0\n}']","['{\n  ""ecDNA"": 0\n}', '{\n  ""ecDNA"": 2\n}', '{\n  ""ecDNA"": 3\n}', '{""ecDNA"": 3}']","['{\n  ""ecDNA"": 3\n}', '{\n  ""ecDNA"": 0\n}', '{\n  ""ecDNA"": 3\n}', '{\n  ""ecDNA"": 3\n}', '{\n  ""ecDNA"": 0\n}']","I'm sorry, but I cannot determine the number of ecDNA in the image as it is not provided. Please provide more information about the number of ecDNA you are referring to."
1105,835.tif,2,0,0,"['{\n  ""ecDNA"": 3\n}', '{\n  ""ecDNA"": 1\n}', '{\n  ""ecDNA"": 3\n}', '{\n  ""ecDNA"": 2\n}']","['{\n  ""ecDNA"": 3\n}', '{""ecDNA"": 3}', '{\n""ecDNA"": 5\n}', '{""ecDNA_count"": 2}']","['{\n  ""ecDNA"": 3\n}', '{\n  ""ecDNA"": 0\n}', '{\n  ""ecDNA"": 3\n}', '{\n  ""ecDNA"": 0\n}', '{\n  ""ecDNA"": 3\n}']","{
  ""ecDNA"": 1
}"
1106,837.tif,0,1,0,"['{\n  ""ecDNA"": 3\n}', '{\n  ""ecDNA"": 1\n}', '```json\n[7]\n```', '{\n  ""ecDNA"": 0\n}']","['{\n  ""ecDNA"": 3\n}', '{\n""ecDNA"": 3\n}', '{\n  ""ecDNA"": 0\n}', '{""ecDNA_count"": 5}']","['{\n  ""ecDNA"": 3\n}', '{\n  ""ecDNA"": 0\n}', '{\n  ""ecDNA"": 0\n}', '{\n  ""ecDNA"": 3\n}', '{\n  ""ecDNA"": 0\n}']","{""ecDNA_count"": 1}"
1107,838.tif,1,2,0,"['{\n  ""ecDNA"": 3\n}', '{\n  ""ecDNA"": 0\n}', '{\n  ""ecDNA"": 9\n}', '{\n  ""ecDNA"": 2\n}']","['{\n  ""ecDNA"": 3\n}', '{""ecDNA"": 0}', '{\n  ""ecDNA"": 0\n}', '{\n  ""ecDNA"": {\n    ""count"": 0\n  }\n}']","['{\n  ""ecDNA"": 3\n}', '{\n  ""ecDNA"": 0\n}', '{\n  ""ecDNA"": 0\n}', '{\n  ""ecDNA"": 3\n}', '{\n  ""ecDNA"": 3\n}']","Here's the ecDNA count in the image:
```json
[
  {
    ""x"": 50,
    ""y"": 50,
    ""size"": 50
  },
  {
    ""x"": 50,
    ""y"": 50,
    ""size"": 50
  }
]
```

The ecDNA count is 2.
```json
{
  ""ecDNA_count"": 2
}
```"
1108,839.tif,1,0,0,"['{\n  ""ecDNA"": 3\n}', '{\n  ""ecDNA"": 2\n}', '{\n  ""ecDNA"": 8\n}', '```json\n[3]\n```']","['{\n  ""ecDNA"": 2\n}', '{\n  ""ecDNA"": 5\n}', '{""ecDNA"": 3}', '{\n  ""ecDNA"": 3\n}']","['{\n  ""ecDNA"": 3\n}', '{\n  ""ecDNA"": 0\n}', '{\n  ""ecDNA"": 0\n}', '{\n  ""ecDNA"": 3\n}', '{\n  ""ecDNA"": 0\n}']","{
  ""ecDNA"": 5
}"
1109,84.tif,0,3,1,"['{\n  ""ecDNA"": 0\n}', '{\n  ""ecDNA"": 0\n}', '{\n  ""ecDNA"": 7\n}', '{\n  ""ecDNA"": 0\n}']","['{\n  ""ecDNA"": 0\n}', '{\n  ""ecDNA"": 3\n}', '{""ecDNA"": 2}', '{""ecDNA"":2}']","['{\n  ""ecDNA"": 3\n}', '{\n  ""ecDNA"": 0\n}', '{\n  ""ecDNA"": 3\n}', '{\n  ""ecDNA"": 3\n}', '{\n  ""ecDNA"": 0\n}']","I'm sorry, but I cannot provide an answer without a picture. Please upload the image so I can assist you better."
1110,845.tif,1,0,0,"['{\n  ""ecDNA"": 0\n}', '{\n  ""ecDNA"": 0\n}', '{\n  ""ecDNA"": 0\n}', '{\n  ""ecDNA"": 0\n}']","['{\n  ""ecDNA"": 3\n}', '{\n  ""ecDNA"": 2\n}', '{""ecDNA"": 2}', '{\n  ""ecDNA"": 10\n}']","['{\n  ""ecDNA"": 0\n}', '{\n  ""ecDNA"": 0\n}', '{\n  ""ecDNA"": 3\n}', '{\n  ""ecDNA"": 0\n}', '{\n  ""ecDNA"": 3\n}']","I'm sorry, but I cannot determine the number of ecDNA in the image as it is not provided. Please provide more information about the ecDNA pattern in the image."
1111,849.tif,1,1,0,"['{\n  ""ecDNA"": 0\n}', '{\n  ""ecDNA"": 2\n}', '{\n  ""ecDNA"": 1\n}', '{\n  ""ecDNA"": 0\n}']","['{\n  ""ecDNA"": 0\n}', '{\n""ecDNA"": 3\n}', '{\n""ecDNA"": 0\n}', '{""ecDNA"": 0}']","['{\n  ""ecDNA"": 3\n}', '{\n  ""ecDNA"": 3\n}', '{\n  ""ecDNA"": 0\n}', '{\n  ""ecDNA"": 3\n}', '{\n  ""ecDNA"": 3\n}']","{
  ""ecDNA"": 2
}"
1112,85.tif,0,4,11,"['{\n  ""ecDNA"": 0\n}', '{\n  ""ecDNA"": 0\n}', '{\n  ""ecDNA"": 1\n}', '{\n  ""ecDNA"": 8\n}']","['{\n  ""ecDNA"": 0\n}', '{""ecDNA"": 2}', '{\n  ""ecDNA"": 3\n}', '{""ecDNA_count"": 5}']","['{\n  ""ecDNA"": 3\n}', '{\n  ""ecDNA"": 3\n}', '{\n  ""ecDNA"": 0\n}', '{\n  ""ecDNA"": 0\n}', '{\n  ""ecDNA"": 0\n}']","{
  ""ecDNA"": 5
}"
1113,853.tif,3,7,0,"['{\n  ""ecDNA"": 0\n}', '```json\n{\n  ""ecDNA"": 1\n}\n```', '{\n  ""ecDNA"": 7\n}', '{\n  ""ecDNA"": 0\n}']","['{\n  ""ecDNA"": 3\n}', '{\n  ""ecDNA"": 0\n}', '{\n  ""ecDNA"": 3\n}', '```json\n[1]\n```']","['{\n  ""ecDNA"": 0\n}', '{\n  ""ecDNA"": 0\n}', '{\n  ""ecDNA"": 0\n}', '{\n  ""ecDNA"": 0\n}', '{\n  ""ecDNA"": 3\n}']","I'm sorry, but I cannot determine the number of ecDNA in the image as it is not provided. Please provide more information about the number of ecDNA you are referring to."
1114,854.tif,1,13,2,"['{\n  ""ecDNA"": 0\n}', '{\n  ""ecDNA"": 0\n}', '{\n  ""ecDNA"": 1\n}', '{\n  ""ecDNA"": 0\n}']","['{\n  ""ecDNA"": 3\n}', '{\n  ""ecDNA"": 0\n}', '{\n""ecDNA"": 5\n}', '{""ecDNA"": 5}']","['{\n  ""ecDNA"": 0\n}', '{\n  ""ecDNA"": 0\n}', '{\n  ""ecDNA"": 0\n}', '{\n  ""ecDNA"": 0\n}', '{\n  ""ecDNA"": 3\n}']","{
  ""ecDNA"": 6
}"
1115,858.tif,1,0,0,"['{\n  ""ecDNA"": 3\n}', '{\n  ""ecDNA"": 3\n}', '{\n  ""ecDNA"": 0\n}', '{\n  ""ecDNA"": 0\n}']","['{\n  ""ecDNA"": 3\n}', '{""ecDNA"": 3}', '{\n  ""ecDNA"": 2\n}', '```json\n[\n    3,\n    4,\n    5\n]\n```']","['{\n  ""ecDNA"": 3\n}', '{\n  ""ecDNA"": 3\n}', '{\n  ""ecDNA"": 0\n}', '{\n  ""ecDNA"": 0\n}', '{\n  ""ecDNA"": 3\n}']","{
  ""ecDNA"": 10000
}"
1116,86.tif,1,0,2,"['{\n  ""ecDNA"": 3\n}', '{\n  ""ecDNA"": 0\n}', '{\n  ""ecDNA"": 29\n}', '{\n  ""ecDNA"": 20\n}']","['{\n  ""ecDNA"": 2\n}', '{\n  ""ecDNA"": 3\n}', '{\n""ecDNA"": 0\n}', '{\n  ""ecDNA"": 123\n}']","['{\n  ""ecDNA"": 3\n}', '{\n  ""ecDNA"": 3\n}', '{\n  ""ecDNA"": 3\n}', '{\n  ""ecDNA"": 3\n}', '{\n  ""ecDNA"": 0\n}']","{
  ""ecDNA"": 3
}"
1117,863.tif,1,0,0,"['{\n  ""ecDNA"": 0\n}', '{\n  ""ecDNA"": 7\n}', '{\n  ""ecDNA"": 0\n}', '{\n  ""ecDNA"": 1\n}']","['{\n  ""ecDNA"": 0\n}', '{""ecDNA"": 3}', '{\n  ""ecDNA"": 5\n}', '{""ecDNA_count"":2}']","['{\n  ""ecDNA"": 0\n}', '{\n  ""ecDNA"": 0\n}', '{\n  ""ecDNA"": 3\n}', '{\n  ""ecDNA"": 0\n}', '{\n  ""ecDNA"": 0\n}']","I'm sorry, but I cannot determine the number of ecDNA in the image as it is not provided. Please provide more information about the number of ecDNA you want me to count."
1118,869.tif,0,13,3,"['{\n  ""ecDNA"": 0\n}', '```json\n{\n  ""ecDNA"": 1\n}\n```', '{\n  ""ecDNA"": 0\n}', '```json\n[10]\n```']","['{\n  ""ecDNA"": 3\n}', '{\n  ""ecDNA"": 5\n}', '{\n  ""ecDNA"": 5\n}', '{\n  ""ecDNA"": 1\n}']","['{\n  ""ecDNA"": 3\n}', '{\n  ""ecDNA"": 3\n}', '{\n  ""ecDNA"": 3\n}', '{\n  ""ecDNA"": 0\n}', '{\n  ""ecDNA"": 0\n}']","I'm sorry, but I cannot provide an integer number in JSON format without more information about the image. Please provide more details about the image or the ecDNA patterns you are referring to."
1119,87.tif,1,0,1,"['{\n  ""ecDNA"": 3\n}', '```json\n{\n  ""ecDNA"": 1\n}\n```', '{\n  ""ecDNA"": 41\n}', '{\n  ""ecDNA"": 1\n}']","['{\n  ""ecDNA"": 0\n}', '{\n  ""ecDNA"": 3\n}', '{\n""ecDNA"": 5\n}', '```json\n[\n    {\n        ""value"": 1,\n        ""description"": ""Number of ecDNA in the image""\n    }\n]\n```']","['{\n  ""ecDNA"": 3\n}', '{\n  ""ecDNA"": 3\n}', '{\n  ""ecDNA"": 0\n}', '{\n  ""ecDNA"": 0\n}', '{\n  ""ecDNA"": 3\n}']","{
  ""ecDNA"": 5
}"
1120,870.tif,0,18,2,"['{\n  ""ecDNA"": 3\n}', '{\n  ""ecDNA"": 0\n}', '{\n  ""ecDNA"": 1\n}', '{\n  ""ecDNA"": 0\n}']","['{\n  ""ecDNA"": 3\n}', '{\n  ""ecDNA"": 5\n}', '{\n  ""ecDNA"": 3\n}', '{\n  ""ecDNA"": 2\n}']","['{\n  ""ecDNA"": 3\n}', '{\n  ""ecDNA"": 3\n}', '{\n  ""ecDNA"": 3\n}', '{\n  ""ecDNA"": 0\n}', '{\n  ""ecDNA"": 0\n}']","{
  ""ecDNA"": 10
}"
1121,871.tif,0,5,1,"['{\n  ""ecDNA"": 3\n}', '{\n  ""ecDNA"": 3\n}', '{\n  ""ecDNA"": 1\n}', '{\n  ""ecDNA"": 45\n}']","['{\n  ""ecDNA"": 3\n}', '{\n  ""ecDNA"": 3\n}', '{\n  ""ecDNA"": 3\n}', '{\n  ""ecDNA"": 0\n}']","['{\n  ""ecDNA"": 3\n}', '{\n  ""ecDNA"": 3\n}', '{\n  ""ecDNA"": 3\n}', '{\n  ""ecDNA"": 3\n}', '{\n  ""ecDNA"": 3\n}']","{
    ""ecDNA"": 3
}"
1122,873.tif,0,12,7,"['{\n  ""ecDNA"": 0\n}', '```json\n{\n  ""ecDNA"": 22\n}\n```', '{\n  ""ecDNA"": 0\n}', '{\n  ""ecDNA"": 0\n}']","['{\n  ""ecDNA"": 0\n}', '{""ecDNA"": 5}', '{""ecDNA"": 2}', '{""ecDNA"": 3}']","['{\n  ""ecDNA"": 3\n}', '{\n  ""ecDNA"": 0\n}', '{\n  ""ecDNA"": 0\n}', '{\n  ""ecDNA"": 0\n}', '{\n  ""ecDNA"": 3\n}']","{
  ""ecDNA"": 3
}"
1123,874.tif,0,7,1,"['{\n  ""ecDNA"": 0\n}', '{\n  ""ecDNA"": 0\n}', '{\n  ""ecDNA"": 10\n}', '{\n  ""ecDNA"": 2\n}']","['{\n  ""ecDNA"": 3\n}', '{\n  ""ecDNA"": 5\n}', '{\n  ""ecDNA"": 3\n}', '{""ecDNA"": 0}']","['{\n  ""ecDNA"": 3\n}', '{\n  ""ecDNA"": 0\n}', '{\n  ""ecDNA"": 0\n}', '{\n  ""ecDNA"": 0\n}', '{\n  ""ecDNA"": 3\n}']","{
""ecDNA"": 0
}"
1124,88.tif,0,18,34,"['{\n  ""ecDNA"": 0\n}', '{\n  ""ecDNA"": 0\n}', '{\n  ""ecDNA"": 5\n}', '{\n  ""ecDNA"": 0\n}']","['{\n  ""ecDNA"": 2\n}', '{\n""ecDNA"": 0\n}', '{\n  ""ecDNA"": 2\n}', '{\n  ""ecDNA"": 0\n}']","['{\n  ""ecDNA"": 0\n}', '{\n  ""ecDNA"": 3\n}', '{\n  ""ecDNA"": 3\n}', '{\n  ""ecDNA"": 3\n}', '{\n  ""ecDNA"": 3\n}']","{
  ""ecDNA"": 0
}"
1125,883.tif,1,0,0,"['{\n  ""ecDNA"": 0\n}', '{\n  ""ecDNA"": 0\n}', '{\n  ""ecDNA"": 5\n}', '{\n  ""ecDNA"": 12\n}']","['{\n  ""ecDNA"": 0\n}', '{\n  ""ecDNA"": 3\n}', '{\n  ""ecDNA"": 3\n}', '{""ecDNA"": 2}']","['{\n  ""ecDNA"": 3\n}', '{\n  ""ecDNA"": 0\n}', '{\n  ""ecDNA"": 3\n}', '{\n  ""ecDNA"": 3\n}', '{\n  ""ecDNA"": 0\n}']",I am unable to determine the number of ecDNA in the image as it is not provided. Please provide more information about the ecDNA pattern or the number of ecDNA you are referring to.
1126,889.tif,0,9,3,"['{\n  ""ecDNA"": 0\n}', '{\n  ""ecDNA"": 0\n}', '{\n  ""ecDNA"": 15\n}', '{\n  ""ecDNA"": 8\n}']","['{\n  ""ecDNA"": 2\n}', '{\n  ""ecDNA"": 3\n}', '{\n""ecDNA"": 5\n}', '{\n""ecDNA"": 0\n}']","['{\n  ""ecDNA"": 3\n}', '{\n  ""ecDNA"": 3\n}', '{\n  ""ecDNA"": 0\n}', '{\n  ""ecDNA"": 3\n}', '{\n  ""ecDNA"": 3\n}']","{
  ""ecDNA"": 3
}"
1127,89.tif,0,24,35,"['{\n  ""ecDNA"": 3\n}', '{\n  ""ecDNA"": 0\n}', '{\n  ""ecDNA"": 14\n}', '{\n  ""ecDNA"": 1\n}']","['{\n  ""ecDNA"": 0\n}', '{\n""ecDNA"": 3\n}', '{\n  ""ecDNA"": 0\n}', '{\n  ""ecDNA"": 3\n}']","['{\n  ""ecDNA"": 0\n}', '{\n  ""ecDNA"": 0\n}', '{\n  ""ecDNA"": 3\n}', '{\n  ""ecDNA"": 0\n}', '{\n  ""ecDNA"": 0\n}']",I am unable to determine the number of ecDNA in the image as it is not provided. Please provide more information about the ecDNA count you are referring to.
1128,890.tif,0,4,2,"['{\n  ""ecDNA"": 0\n}', '{\n  ""ecDNA"": 0\n}', '{\n  ""ecDNA"": 1\n}', '{\n  ""ecDNA"": 10\n}']","['{\n  ""ecDNA"": 0\n}', '{\n  ""ecDNA"": 5\n}', '{\n  ""ecDNA"": 2\n}', '```json\n[1]\n```']","['{\n  ""ecDNA"": 0\n}', '{\n  ""ecDNA"": 3\n}', '{\n  ""ecDNA"": 0\n}', '{\n  ""ecDNA"": 3\n}', '{\n  ""ecDNA"": 0\n}']","{
  ""ecDNA"": 0
}"
1129,891.tif,0,1,0,"['{\n  ""ecDNA"": 3\n}', '{\n  ""ecDNA"": 0\n}', '{\n  ""ecDNA"": 3\n}', '{\n  ""ecDNA"": 2\n}']","['{\n  ""ecDNA"": 0\n}', '{\n  ""ecDNA"": 0\n}', '{""ecDNA"": 2}', '{""ecDNA"": 3}']","['{\n  ""ecDNA"": 3\n}', '{\n  ""ecDNA"": 3\n}', '{\n  ""ecDNA"": 3\n}', '{\n  ""ecDNA"": 0\n}', '{\n  ""ecDNA"": 3\n}']","{
    ""ecDNA"": 5
}"
1130,892.tif,0,4,1,"['{\n  ""ecDNA"": 3\n}', '{\n  ""ecDNA"": 2\n}', '{\n  ""ecDNA"": 4\n}', '```json\n[3]\n```']","['{\n  ""ecDNA"": 3\n}', '{\n  ""ecDNA"": 0\n}', '{""ecDNA"": 3}', '{""ecDNA_count"":2}']","['{\n  ""ecDNA"": 3\n}', '{\n  ""ecDNA"": 0\n}', '{\n  ""ecDNA"": 3\n}', '{\n  ""ecDNA"": 0\n}', '{\n  ""ecDNA"": 3\n}']","{
""ecDNA"": 1
}"
1131,893.tif,0,30,12,"['{\n  ""ecDNA"": 0\n}', '{\n  ""ecDNA"": 5\n}', '{\n  ""ecDNA"": 1\n}', '```json\n[9]\n```']","['{\n  ""ecDNA"": 0\n}', '{\n  ""ecDNA"": 0\n}', '{""ecDNA"": 3}', '{""ecDNA"": 5}']","['{\n  ""ecDNA"": 3\n}', '{\n  ""ecDNA"": 0\n}', '{\n  ""ecDNA"": 3\n}', '{\n  ""ecDNA"": 3\n}', '{\n  ""ecDNA"": 3\n}']","{
""ecDNA"": 0
}"
1132,894.tif,0,15,2,"['{\n  ""ecDNA"": 3\n}', '{\n  ""ecDNA"": 0\n}', '{\n  ""ecDNA"": 5\n}', '{\n  ""ecDNA"": 4\n}']","['{\n  ""ecDNA"": 0\n}', '{\n""ecDNA"": 3\n}', '{""ecDNA"": 0}', '```json\n{\n  ""ecDNA"": 5\n}\n```']","['{\n  ""ecDNA"": 0\n}', '{\n  ""ecDNA"": 0\n}', '{\n  ""ecDNA"": 3\n}', '{\n  ""ecDNA"": 0\n}', '{\n  ""ecDNA"": 0\n}']","{
    ""ecDNA"": 5
}"
1133,895.tif,0,2,1,"['{\n  ""ecDNA"": 3\n}', '{\n  ""ecDNA"": 3\n}', '{\n  ""ecDNA"": 0\n}', '{\n  ""ecDNA"": 13\n}']","['{\n  ""ecDNA"": 3\n}', '{\n  ""ecDNA"": 3\n}', '{\n  ""ecDNA"": 5\n}', '{\n  ""ecDNA"": 2\n}']","['{\n  ""ecDNA"": 0\n}', '{\n  ""ecDNA"": 0\n}', '{\n  ""ecDNA"": 0\n}', '{\n  ""ecDNA"": 0\n}', '{\n  ""ecDNA"": 3\n}']","{
""ecDNA"": 5
}"
1134,9.tif,4,36,2,"['{\n  ""ecDNA"": 0\n}', '{\n  ""ecDNA"": 1\n}', '{\n  ""ecDNA"": 51\n}', '{\n  ""ecDNA"": 1\n}']","['{\n  ""ecDNA"": 0\n}', '{\n  ""ecDNA"": 3\n}', '{\n  ""ecDNA"": 5\n}', '{\n""ecDNA"": 3\n}']","['{\n  ""ecDNA"": 0\n}', '{\n  ""ecDNA"": 0\n}', '{\n  ""ecDNA"": 3\n}', '{\n  ""ecDNA"": 3\n}', '{\n  ""ecDNA"": 0\n}']","```json
{
  ""ecDNA"": 2
}
```"
1135,90.tif,1,7,16,"['{\n  ""ecDNA"": 3\n}', '{\n  ""ecDNA"": 2\n}', '{\n  ""ecDNA"": 4\n}', '```json\n[16]\n```']","['{\n  ""ecDNA"": 3\n}', '{\n  ""ecDNA"": 3\n}', '{\n  ""ecDNA"": 5\n}', '```json\n[2]\n```']","['{\n  ""ecDNA"": 0\n}', '{\n  ""ecDNA"": 3\n}', '{\n  ""ecDNA"": 3\n}', '{\n  ""ecDNA"": 0\n}', '{\n  ""ecDNA"": 0\n}']","{
  ""ecDNA"": 5
}"
1136,901.tif,0,3,0,"['{\n  ""ecDNA"": 3\n}', '{\n  ""ecDNA"": 0\n}', '{\n  ""ecDNA"": 1\n}', '{\n  ""ecDNA"": 0\n}']","['{\n  ""ecDNA"": 3\n}', '{\n  ""ecDNA"": 2\n}', '{\n""ecDNA"": 3\n}', '{""ecDNA"": 3}']","['{\n  ""ecDNA"": 0\n}', '{\n  ""ecDNA"": 3\n}', '{\n  ""ecDNA"": 0\n}', '{\n  ""ecDNA"": 3\n}', '{\n  ""ecDNA"": 3\n}']","Here is the number of ecDNA in the image:
```json
{
  ""ecDNA"": 1
}
```

Note: The number of ecDNA in the image is 1."
1137,902.tif,0,3,0,"['{\n  ""ecDNA"": 0\n}', '{\n  ""ecDNA"": 2\n}', '{\n  ""ecDNA"": 11\n}', '{\n  ""ecDNA"": 5\n}']","['{\n  ""ecDNA"": 3\n}', '{\n  ""ecDNA"": 2\n}', '{\n  ""ecDNA"": 0\n}', '{\n  ""ecDNA"": 2\n}']","['{\n  ""ecDNA"": 3\n}', '{\n  ""ecDNA"": 0\n}', '{\n  ""ecDNA"": 3\n}', '{\n  ""ecDNA"": 3\n}', '{\n  ""ecDNA"": 0\n}']","{
  ""ecDNA"": 0
}"
1138,903.tif,1,0,0,"['{\n  ""ecDNA"": 0\n}', '{\n  ""ecDNA"": 5\n}', '{\n  ""ecDNA"": 1\n}', '{\n  ""ecDNA"": 0\n}']","['{\n  ""ecDNA"": 0\n}', '{\n  ""ecDNA"": 0\n}', '{""ecDNA"": 2}', '{\n""ecDNA"": 3\n}']","['{\n  ""ecDNA"": 0\n}', '{\n  ""ecDNA"": 3\n}', '{\n  ""ecDNA"": 3\n}', '{\n  ""ecDNA"": 0\n}', '{\n  ""ecDNA"": 3\n}']","I'm sorry, but I cannot provide a number for the number of ecDNA in the image as it is not provided. Please provide more information about the number of ecDNA you are referring to."
1139,904.tif,0,8,1,"['{\n  ""ecDNA"": 3\n}', '{\n  ""ecDNA"": 0\n}', '{\n  ""ecDNA"": 0\n}', '{\n  ""ecDNA"": 0\n}']","['{\n  ""ecDNA"": 2\n}', '{\n  ""ecDNA"": 5\n}', '{\n  ""ecDNA"": 2\n}', '{\n  ""ecDNA"": {\n    ""count"": 10\n  }\n}']","['{\n  ""ecDNA"": 0\n}', '{\n  ""ecDNA"": 0\n}', '{\n  ""ecDNA"": 3\n}', '{\n  ""ecDNA"": 0\n}', '{\n  ""ecDNA"": 0\n}']","I'm sorry, but I cannot determine the number of ecDNA in the image as it is not provided. Please provide more information about the number of ecDNA you are referring to."
1140,905.tif,1,23,1,"['{\n  ""ecDNA"": 3\n}', '{\n  ""ecDNA"": 2\n}', '{\n  ""ecDNA"": 2\n}', '{\n  ""ecDNA"": 3\n}']","['{\n  ""ecDNA"": 0\n}', '{\n  ""ecDNA"": 0\n}', '{\n  ""ecDNA"": 2\n}', '{\n  ""ecDNA"": 1\n}']","['{\n  ""ecDNA"": 3\n}', '{\n  ""ecDNA"": 3\n}', '{\n  ""ecDNA"": 0\n}', '{\n  ""ecDNA"": 0\n}', '{\n  ""ecDNA"": 0\n}']","{
  ""ecDNA"": 0
}"
1141,906.tif,1,7,1,"['{\n  ""ecDNA"": 0\n}', '{\n  ""ecDNA"": 3\n}', '{\n  ""ecDNA"": 5\n}', '{\n  ""ecDNA"": 5\n}']","['{\n  ""ecDNA"": 3\n}', '{\n  ""ecDNA"": 3\n}', '{\n  ""ecDNA"": 0\n}', '{""ecDNA"": 3}']","['{\n  ""ecDNA"": 0\n}', '{\n  ""ecDNA"": 3\n}', '{\n  ""ecDNA"": 0\n}', '{\n  ""ecDNA"": 3\n}', '{\n  ""ecDNA"": 3\n}']","I'm sorry, but I cannot provide the number of ecDNA in the image as it is not provided. Please provide more information about the image or the number of ecDNA you are referring to."
1142,907.tif,2,0,0,"['{\n  ""ecDNA"": 3\n}', '{\n  ""ecDNA"": 16\n}', '{\n  ""ecDNA"": 0\n}', '{\n  ""ecDNA"": 0\n}']","['{\n  ""ecDNA"": 3\n}', '{\n""ecDNA"": 3\n}', '{""ecDNA"": 2}', '{""ecDNA_count"":2}']","['{\n  ""ecDNA"": 3\n}', '{\n  ""ecDNA"": 0\n}', '{\n  ""ecDNA"": 0\n}', '{\n  ""ecDNA"": 3\n}', '{\n  ""ecDNA"": 3\n}']","{
  ""ecDNA"": 6
}"
1143,909.tif,1,7,0,"['{\n  ""ecDNA"": 0\n}', '{\n  ""ecDNA"": 0\n}', '{\n  ""ecDNA"": 52\n}', '{\n  ""ecDNA"": 1\n}']","['{\n  ""ecDNA"": 0\n}', '{\n  ""ecDNA"": 3\n}', '{\n  ""ecDNA"": 5\n}', '{\n""ecDNA"": 2\n}']","['{\n  ""ecDNA"": 3\n}', '{\n  ""ecDNA"": 3\n}', '{\n  ""ecDNA"": 0\n}', '{\n  ""ecDNA"": 0\n}', '{\n  ""ecDNA"": 0\n}']","{
  ""ecDNA"": 5
}"
1144,91.tif,1,0,1,"['{\n  ""ecDNA"": 3\n}', '{\n  ""ecDNA"": 0\n}', '{\n  ""ecDNA"": 1\n}', '```json\n[7]\n```']","['{\n  ""ecDNA"": 0\n}', '{""ecDNA"": 5}', '{\n  ""ecDNA"": 0\n}', '{\n  ""ecDNA"": 10\n}']","['{\n  ""ecDNA"": 3\n}', '{\n  ""ecDNA"": 3\n}', '{\n  ""ecDNA"": 3\n}', '{\n  ""ecDNA"": 3\n}', '{\n  ""ecDNA"": 3\n}']","{
  ""ecDNA"": 5
}"
1145,910.tif,1,13,0,"['{\n  ""ecDNA"": 3\n}', '{\n  ""ecDNA"": 0\n}', '{\n  ""ecDNA"": 2\n}', '{\n  ""ecDNA"": 0\n}']","['{\n  ""ecDNA"": 0\n}', '{\n""ecDNA"": 3\n}', '{\n  ""ecDNA"": 2\n}', '{\n  ""ecDNA"": 5\n}']","['{\n  ""ecDNA"": 3\n}', '{\n  ""ecDNA"": 3\n}', '{\n  ""ecDNA"": 0\n}', '{\n  ""ecDNA"": 0\n}', '{\n  ""ecDNA"": 3\n}']","I'm sorry, but I cannot determine the number of ecDNA in the image as it is not provided. Please provide more information about the number of ecDNA you are referring to."
1146,911.tif,1,0,0,"['{\n  ""ecDNA"": 0\n}', '{\n  ""ecDNA"": 0\n}', '{\n  ""ecDNA"": 5\n}', '{\n  ""ecDNA"": 2\n}']","['{\n  ""ecDNA"": 0\n}', '{\n  ""ecDNA"": 2\n}', '{\n""ecDNA"": 0\n}', '{\n""ecDNA"": 1\n}']","['{\n  ""ecDNA"": 3\n}', '{\n  ""ecDNA"": 3\n}', '{\n  ""ecDNA"": 0\n}', '{\n  ""ecDNA"": 3\n}', '{\n  ""ecDNA"": 0\n}']","{
  ""ecDNA"": 5
}"
1147,914.tif,0,5,0,"['{\n  ""ecDNA"": 0\n}', '{\n  ""ecDNA"": 0\n}', '{\n  ""ecDNA"": 9\n}', '{\n  ""ecDNA"": 0\n}']","['{\n  ""ecDNA"": 3\n}', '{""ecDNA"": 5}', '{""ecDNA"": 0}', '```json\n{\n  ""ecDNA"": 0\n}\n```']","['{\n  ""ecDNA"": 0\n}', '{\n  ""ecDNA"": 0\n}', '{\n  ""ecDNA"": 3\n}', '{\n  ""ecDNA"": 3\n}', '{\n  ""ecDNA"": 0\n}']","{
  ""ecDNA"": 2
}"
1148,916.tif,2,4,6,"['{\n  ""ecDNA"": 3\n}', '{\n  ""ecDNA"": 1\n}', '{\n  ""ecDNA"": 6\n}', '{\n  ""ecDNA"": 0\n}']","['{\n  ""ecDNA"": 2\n}', '{\n""ecDNA"": 0\n}', '{""ecDNA"": 0}', '{""ecDNA_count"":3}']","['{\n  ""ecDNA"": 0\n}', '{\n  ""ecDNA"": 3\n}', '{\n  ""ecDNA"": 3\n}', '{\n  ""ecDNA"": 0\n}', '{\n  ""ecDNA"": 3\n}']","{
  ""ecDNA"": 1
}"
1149,917.tif,1,1,1,"['{\n  ""ecDNA"": 3\n}', '```json\n{\n  ""ecDNA"": 1\n}\n```', '{\n  ""ecDNA"": 6\n}', '{\n  ""ecDNA"": 2\n}']","['{\n  ""ecDNA"": 0\n}', '{\n""ecDNA"": 3\n}', '{\n  ""ecDNA"": 2\n}', '{""ecDNA"": 5}']","['{\n  ""ecDNA"": 0\n}', '{\n  ""ecDNA"": 3\n}', '{\n  ""ecDNA"": 0\n}', '{\n  ""ecDNA"": 0\n}', '{\n  ""ecDNA"": 3\n}']","{
  ""ecDNA"": 6
}"
1150,92.tif,0,8,13,"['{\n  ""ecDNA"": 3\n}', '{\n  ""ecDNA"": 0\n}', '{\n  ""ecDNA"": 3\n}', '```json\n[5]\n```']","['{\n  ""ecDNA"": 0\n}', '{\n  ""ecDNA"": 3\n}', '{\n  ""ecDNA"": 2\n}', '{\n""ecDNA"": 20\n}']","['{\n  ""ecDNA"": 3\n}', '{\n  ""ecDNA"": 3\n}', '{\n  ""ecDNA"": 3\n}', '{\n  ""ecDNA"": 0\n}', '{\n  ""ecDNA"": 3\n}']","I'm sorry, but I cannot determine the number of ecDNA in the image as it is not provided. Please provide more information about the image or the number of ecDNA you are referring to."
1151,925.tif,0,4,1,"['{\n  ""ecDNA"": 0\n}', '{\n  ""ecDNA"": 0\n}', '{\n  ""ecDNA"": 6\n}', '```json\n[3]\n```']","['{\n  ""ecDNA"": 0\n}', '{\n  ""ecDNA"": 3\n}', '{""ecDNA"": 2}', '{""ecDNA_count"":2}']","['{\n  ""ecDNA"": 3\n}', '{\n  ""ecDNA"": 3\n}', '{\n  ""ecDNA"": 0\n}', '{\n  ""ecDNA"": 0\n}', '{\n  ""ecDNA"": 3\n}']","Here is the number of ecDNA in the image:
```json
{
  ""ecDNA"": 50000
}
```"
1152,926.tif,0,2,1,"['{\n  ""ecDNA"": 3\n}', '{\n  ""ecDNA"": 0\n}', '{\n  ""ecDNA"": 3\n}', '{\n  ""ecDNA"": 0\n}']","['{\n  ""ecDNA"": 0\n}', '{\n""ecDNA"": 5\n}', '{\n  ""ecDNA"": 3\n}', '{\n  ""ecDNA"": 0\n}']","['{\n  ""ecDNA"": 0\n}', '{\n  ""ecDNA"": 3\n}', '{\n  ""ecDNA"": 0\n}', '{\n  ""ecDNA"": 3\n}', '{\n  ""ecDNA"": 0\n}']","I'm sorry, but I cannot determine the number of ecDNA in the image as it is not provided. Please provide more information about the number of ecDNA in the image."
1153,929.tif,0,3,3,"['{\n  ""ecDNA"": 0\n}', '{\n  ""ecDNA"": 0\n}', '```json\n[8]\n```', '{\n  ""ecDNA"": 0\n}']","['{\n  ""ecDNA"": 0\n}', '{\n  ""ecDNA"": 0\n}', '{\n  ""ecDNA"": 3\n}', '{\n""ecDNA"": 20\n}']","['{\n  ""ecDNA"": 0\n}', '{\n  ""ecDNA"": 3\n}', '{\n  ""ecDNA"": 3\n}', '{\n  ""ecDNA"": 0\n}', '{\n  ""ecDNA"": 0\n}']","{
    ""ecDNA"": 1
}"
1154,93.tif,0,12,36,"['{\n  ""ecDNA"": 0\n}', '{\n  ""ecDNA"": 0\n}', '{\n  ""ecDNA"": 5\n}', '{\n  ""ecDNA"": 15\n}']","['{\n  ""ecDNA"": 3\n}', '{\n  ""ecDNA"": 2\n}', '{""ecDNA"": 5}', '{\n""ecDNA"": 3\n}']","['{\n  ""ecDNA"": 0\n}', '{\n  ""ecDNA"": 0\n}', '{\n  ""ecDNA"": 3\n}', '{\n  ""ecDNA"": 3\n}', '{\n  ""ecDNA"": 3\n}']","I'm sorry, but I cannot determine the number of ecDNA in the image as it is not provided. Please provide more information about the number of ecDNA you are referring to."
1155,930.tif,0,21,7,"['{\n  ""ecDNA"": 0\n}', '{\n  ""ecDNA"": 1\n}', '{\n  ""ecDNA"": 1\n}', '{\n  ""ecDNA"": 2\n}']","['{\n  ""ecDNA"": 0\n}', '{\n""ecDNA"": 2\n}', '{\n""ecDNA"": 0\n}', '{\n""ecDNA"": 2\n}']","['{\n  ""ecDNA"": 3\n}', '{\n  ""ecDNA"": 0\n}', '{\n  ""ecDNA"": 0\n}', '{\n  ""ecDNA"": 0\n}', '{\n  ""ecDNA"": 0\n}']","{
  ""ecDNA"": 0
}"
1156,933.tif,0,11,3,"['{\n  ""ecDNA"": 0\n}', '{\n  ""ecDNA"": 52\n}', '{\n  ""ecDNA"": 2\n}', '{\n  ""ecDNA"": 0\n}']","['{\n  ""ecDNA"": 0\n}', '{\n  ""ecDNA"": 0\n}', '{\n""ecDNA"": 0\n}', '{\n  ""ecDNA"": 0\n}']","['{\n  ""ecDNA"": 0\n}', '{\n  ""ecDNA"": 3\n}', '{\n  ""ecDNA"": 3\n}', '{\n  ""ecDNA"": 0\n}', '{\n  ""ecDNA"": 0\n}']","I'm sorry, but I cannot determine the number of ecDNA in the image as it is not provided. Please provide more information about the ecDNA or the number of ecDNA you are referring to."
1157,934.tif,0,11,2,"['{\n  ""ecDNA"": 0\n}', '{\n  ""ecDNA"": 4\n}', '{\n  ""ecDNA"": 3\n}', '{\n  ""ecDNA"": 4\n}']","['{\n  ""ecDNA"": 0\n}', '{\n""ecDNA"": 3\n}', '{\n  ""ecDNA"": 0\n}', '```json\n{""ecDNA"": 3}\n```']","['{\n  ""ecDNA"": 3\n}', '{\n  ""ecDNA"": 0\n}', '{\n  ""ecDNA"": 0\n}', '{\n  ""ecDNA"": 3\n}', '{\n  ""ecDNA"": 3\n}']","{
""ecDNA"": 1
}"
1158,938.tif,0,3,0,"['{\n  ""ecDNA"": 3\n}', '```json\n{\n  ""ecDNA"": 9\n}\n```', '{\n  ""ecDNA"": 1\n}', '{\n  ""ecDNA"": 1\n}']","['{\n  ""ecDNA"": 2\n}', '{\n""ecDNA"": 5\n}', '{\n  ""ecDNA"": 2\n}', '{\n""ecDNA"": 10\n}']","['{\n  ""ecDNA"": 0\n}', '{\n  ""ecDNA"": 0\n}', '{\n  ""ecDNA"": 0\n}', '{\n  ""ecDNA"": 3\n}', '{\n  ""ecDNA"": 3\n}']","I'm sorry, but I cannot determine the number of ecDNA in the image as it is not provided. Please provide more information about the number of ecDNA in the image."
1159,94.tif,0,5,35,"['{\n  ""ecDNA"": 0\n}', '{\n  ""ecDNA"": 0\n}', '{\n  ""ecDNA"": 0\n}', '{\n  ""ecDNA"": 29\n}']","['{\n  ""ecDNA"": 0\n}', '{\n  ""ecDNA"": 0\n}', '{\n  ""ecDNA"": 3\n}', '{\n  ""ecDNA"": {\n    ""count"": 1\n  }\n}']","['{\n  ""ecDNA"": 3\n}', '{\n  ""ecDNA"": 0\n}', '{\n  ""ecDNA"": 3\n}', '{\n  ""ecDNA"": 0\n}', '{\n  ""ecDNA"": 3\n}']","{
  ""ecDNA"": 5
}"
1160,946.tif,0,4,0,"['{\n  ""ecDNA"": 0\n}', '{\n  ""ecDNA"": 3\n}', '```json\n[57]\n```', '{\n  ""ecDNA"": 1\n}']","['{\n  ""ecDNA"": 3\n}', '{\n  ""ecDNA"": 3\n}', '{\n  ""ecDNA"": 3\n}', '```json\n[5]\n```']","['{\n  ""ecDNA"": 3\n}', '{\n  ""ecDNA"": 0\n}', '{\n  ""ecDNA"": 0\n}', '{\n  ""ecDNA"": 0\n}', '{\n  ""ecDNA"": 0\n}']","I'm sorry, but I cannot provide a numerical answer without a specific image. Please provide more information about the image or the number of ecDNA you are referring to."
1161,948.tif,2,0,0,"['{\n  ""ecDNA"": 0\n}', '{\n  ""ecDNA"": 5\n}', '{\n  ""ecDNA"": 1\n}', '```json\n[1]\n```']","['{\n  ""ecDNA"": 0\n}', '{\n  ""ecDNA"": 5\n}', '{""ecDNA"": 5}', '{""ecDNA"": 0}']","['{\n  ""ecDNA"": 3\n}', '{\n  ""ecDNA"": 0\n}', '{\n  ""ecDNA"": 0\n}', '{\n  ""ecDNA"": 3\n}', '{\n  ""ecDNA"": 3\n}']","{
  ""ecDNA"": 5
}"
1162,949.tif,0,8,2,"['{\n  ""ecDNA"": 3\n}', '{\n  ""ecDNA"": 0\n}', '{\n  ""ecDNA"": 14\n}', '{\n  ""ecDNA"": 3\n}']","['{\n  ""ecDNA"": 0\n}', '{""ecDNA"": 3}', '{""ecDNA"": 0}', '{\n  ""ecDNA"": 1\n}']","['{\n  ""ecDNA"": 3\n}', '{\n  ""ecDNA"": 3\n}', '{\n  ""ecDNA"": 0\n}', '{\n  ""ecDNA"": 0\n}', '{\n  ""ecDNA"": 0\n}']","{
  ""ecDNA"": 5
}"
1163,950.tif,0,4,0,"['{\n  ""ecDNA"": 3\n}', '{\n  ""ecDNA"": 0\n}', '{\n  ""ecDNA"": 0\n}', '{\n  ""ecDNA"": 1\n}']","['{\n  ""ecDNA"": 2\n}', '{\n  ""ecDNA"": 0\n}', '{\n  ""ecDNA"": 2\n}', '{\n  ""ecDNA"": 3\n}']","['{\n  ""ecDNA"": 3\n}', '{\n  ""ecDNA"": 3\n}', '{\n  ""ecDNA"": 3\n}', '{\n  ""ecDNA"": 3\n}', '{\n  ""ecDNA"": 3\n}']","{
  ""ecDNA"": 1
}"
1164,952.tif,2,0,0,"['{\n  ""ecDNA"": 0\n}', '{\n  ""ecDNA"": 12\n}', '{\n  ""ecDNA"": 0\n}', '{\n  ""ecDNA"": 0\n}']","['{\n  ""ecDNA"": 0\n}', '{\n  ""ecDNA"": 3\n}', '{\n  ""ecDNA"": 3\n}', '{""ecDNA"": 1}']","['{\n  ""ecDNA"": 0\n}', '{\n  ""ecDNA"": 0\n}', '{\n  ""ecDNA"": 3\n}', '{\n  ""ecDNA"": 0\n}', '{\n  ""ecDNA"": 3\n}']","{
  ""ecDNA"": 2
}"
1165,953.tif,0,18,1,"['{\n  ""ecDNA"": 0\n}', '{\n  ""ecDNA"": 0\n}', '{\n  ""ecDNA"": 0\n}', '{\n  ""ecDNA"": 7\n}']","['{\n  ""ecDNA"": 0\n}', '{\n  ""ecDNA"": 0\n}', '{\n  ""ecDNA"": 0\n}', '{""ecDNA"": 1}']","['{\n  ""ecDNA"": 3\n}', '{\n  ""ecDNA"": 3\n}', '{\n  ""ecDNA"": 0\n}', '{\n  ""ecDNA"": 0\n}', '{\n  ""ecDNA"": 0\n}']","{
  ""ecDNA"": 50000
}"
1166,954.tif,0,15,0,"['{\n  ""ecDNA"": 0\n}', '```json\n{\n  ""ecDNA"": 78\n}\n```', '{\n  ""ecDNA"": 5\n}', '{\n  ""ecDNA"": 7\n}']","['{\n  ""ecDNA"": 0\n}', '{\n  ""ecDNA"": 3\n}', '{\n  ""ecDNA"": 3\n}', '{\n  ""ecDNA"": 10\n}']","['{\n  ""ecDNA"": 3\n}', '{\n  ""ecDNA"": 3\n}', '{\n  ""ecDNA"": 3\n}', '{\n  ""ecDNA"": 3\n}', '{\n  ""ecDNA"": 3\n}']","{
  ""ecDNA"": 5
}"
1167,957.tif,0,5,0,"['{\n  ""ecDNA"": 0\n}', '```json\n{\n  ""ecDNA"": 8\n}\n```', '{\n  ""ecDNA"": 0\n}', '{\n  ""ecDNA"": 0\n}']","['{\n  ""ecDNA"": 3\n}', '{""ecDNA"": 3}', '{\n  ""ecDNA"": 3\n}', '{""ecDNA"": 1}']","['{\n  ""ecDNA"": 3\n}', '{\n  ""ecDNA"": 0\n}', '{\n  ""ecDNA"": 0\n}', '{\n  ""ecDNA"": 3\n}', '{\n  ""ecDNA"": 3\n}']","Here is the number of ecDNA in the image:
```json
{
  ""ecDNA"": 45
}
```

This response indicates that there are 45 ecDNA structures in the image."
1168,958.tif,0,5,0,"['{\n  ""ecDNA"": 3\n}', '{\n  ""ecDNA"": 27\n}', '{\n  ""ecDNA"": 3\n}', '{\n  ""ecDNA"": 3\n}']","['{\n  ""ecDNA"": 0\n}', '{\n  ""ecDNA"": 3\n}', '{""ecDNA"": 3}', '{""ecDNA_count"": 0}']","['{\n  ""ecDNA"": 3\n}', '{\n  ""ecDNA"": 3\n}', '{\n  ""ecDNA"": 3\n}', '{\n  ""ecDNA"": 0\n}', '{\n  ""ecDNA"": 3\n}']",I am unable to determine the number of ecDNA in the image as it is not provided. Please provide more information about the ecDNA count or the number of ecDNA you are referring to.
1169,965.tif,0,2,0,"['{\n  ""ecDNA"": 3\n}', '{\n  ""ecDNA"": 2\n}', '{\n  ""ecDNA"": 1\n}', '{\n  ""ecDNA"": 3\n}']","['{\n  ""ecDNA"": 0\n}', '{""ecDNA"": 2}', '{\n  ""ecDNA"": 3\n}', '{\n  ""ecDNA"": {\n    ""count"": 1\n  }\n}']","['{\n  ""ecDNA"": 0\n}', '{\n  ""ecDNA"": 0\n}', '{\n  ""ecDNA"": 3\n}', '{\n  ""ecDNA"": 3\n}', '{\n  ""ecDNA"": 3\n}']","I'm sorry, but I cannot determine the number of ecDNA in the image as it is not provided. Please provide more information about the number of ecDNA you are referring to."
1170,969.tif,0,20,1,"['{\n  ""ecDNA"": 3\n}', '{\n  ""ecDNA"": 0\n}', '{\n  ""ecDNA"": 2\n}', '{\n  ""ecDNA"": 0\n}']","['{\n  ""ecDNA"": 3\n}', '{""ecDNA"": 3}', '{\n  ""ecDNA"": 3\n}', '{\n  ""ecDNA"": 10\n}']","['{\n  ""ecDNA"": 3\n}', '{\n  ""ecDNA"": 0\n}', '{\n  ""ecDNA"": 3\n}', '{\n  ""ecDNA"": 0\n}', '{\n  ""ecDNA"": 0\n}']","I'm sorry, but I cannot determine the number of ecDNA in the image as it is not provided. Please provide more information about the ecDNA in the image or the number of ecDNA you are referring to."
1171,970.tif,0,15,2,"['{\n  ""ecDNA"": 3\n}', '{\n  ""ecDNA"": 0\n}', '{\n  ""ecDNA"": 1\n}', '{\n  ""ecDNA"": 1\n}']","['{\n  ""ecDNA"": 3\n}', '{\n  ""ecDNA"": 0\n}', '{\n  ""ecDNA"": 0\n}', '{\n  ""ecDNA"": 10\n}']","['{\n  ""ecDNA"": 0\n}', '{\n  ""ecDNA"": 0\n}', '{\n  ""ecDNA"": 0\n}', '{\n  ""ecDNA"": 3\n}', '{\n  ""ecDNA"": 3\n}']","{
  ""ecDNA"": 1
}"
1172,972.tif,1,0,0,"['{\n  ""ecDNA"": 3\n}', '{\n  ""ecDNA"": 0\n}', '{\n  ""ecDNA"": 6\n}', '{\n  ""ecDNA"": 42\n}']","['{\n  ""ecDNA"": 3\n}', '{\n  ""ecDNA"": 3\n}', '{\n  ""ecDNA"": 5\n}', '{\n  ""ecDNA"": 0\n}']","['{\n  ""ecDNA"": 3\n}', '{\n  ""ecDNA"": 3\n}', '{\n  ""ecDNA"": 0\n}', '{\n  ""ecDNA"": 0\n}', '{\n  ""ecDNA"": 0\n}']","I'm sorry, but I cannot determine the number of ecDNA in the image as it is not provided. Please provide more information about the number of ecDNA you are referring to."
1173,973.tif,0,2,0,"['{\n  ""ecDNA"": 3\n}', '{\n  ""ecDNA"": 0\n}', '{\n  ""ecDNA"": 12\n}', '{\n  ""ecDNA"": 1\n}']","['{\n  ""ecDNA"": 0\n}', '{\n  ""ecDNA"": 2\n}', '{\n  ""ecDNA"": 3\n}', '{\n""ecDNA"": 3\n}']","['{\n  ""ecDNA"": 3\n}', '{\n  ""ecDNA"": 3\n}', '{\n  ""ecDNA"": 0\n}', '{\n  ""ecDNA"": 0\n}', '{\n  ""ecDNA"": 3\n}']","I'm sorry, but I cannot determine the number of ecDNA in the image as it is not provided. Please provide more information about the number of ecDNA you are referring to."
1174,974.tif,0,14,0,"['{\n  ""ecDNA"": 0\n}', '```json\n{\n  ""ecDNA"": 9\n}\n```', '{\n  ""ecDNA"": 29\n}', '{\n  ""ecDNA"": 0\n}']","['{\n  ""ecDNA"": 3\n}', '{\n  ""ecDNA"": 0\n}', '{\n  ""ecDNA"": 2\n}', '{\n""ecDNA"": 1\n}']","['{\n  ""ecDNA"": 0\n}', '{\n  ""ecDNA"": 3\n}', '{\n  ""ecDNA"": 3\n}', '{\n  ""ecDNA"": 3\n}', '{\n  ""ecDNA"": 3\n}']","I'm sorry, but I cannot determine the number of ecDNA in the image as it is not provided. Please provide more information about the number of ecDNA you are referring to."
1175,976.tif,2,0,0,"['{\n  ""ecDNA"": 0\n}', '```json\n{\n  ""ecDNA"": 1\n}\n```', '{\n  ""ecDNA"": 1\n}', '{\n  ""ecDNA"": 26\n}']","['{\n  ""ecDNA"": 0\n}', '{\n  ""ecDNA"": 3\n}', '{\n""ecDNA"": 2\n}', '{""ecDNA"": 5}']","['{\n  ""ecDNA"": 0\n}', '{\n  ""ecDNA"": 3\n}', '{\n  ""ecDNA"": 3\n}', '{\n  ""ecDNA"": 0\n}', '{\n  ""ecDNA"": 3\n}']","{
  ""ecDNA"": 1
}"
1176,977.tif,0,1,0,"['{\n  ""ecDNA"": 0\n}', '```json\n{\n  ""ecDNA"": 1\n}\n```', '{\n  ""ecDNA"": 54\n}', '{\n  ""ecDNA"": 0\n}']","['{\n  ""ecDNA"": 2\n}', '{\n""ecDNA"": 3\n}', '{""ecDNA"": 3}', '{\n  ""ecDNA"": 0\n}']","['{\n  ""ecDNA"": 0\n}', '{\n  ""ecDNA"": 3\n}', '{\n  ""ecDNA"": 0\n}', '{\n  ""ecDNA"": 0\n}', '{\n  ""ecDNA"": 3\n}']","{
  ""ecDNA"": 1000
}"
1177,978.tif,0,4,0,"['{\n  ""ecDNA"": 3\n}', '{\n  ""ecDNA"": 0\n}', '{\n  ""ecDNA"": 0\n}', '{\n  ""ecDNA"": 1\n}']","['{\n  ""ecDNA"": 3\n}', '{""ecDNA"": 3}', '{\n""ecDNA"": 0\n}', '{""ecDNA"":3}']","['{\n  ""ecDNA"": 3\n}', '{\n  ""ecDNA"": 0\n}', '{\n  ""ecDNA"": 3\n}', '{\n  ""ecDNA"": 0\n}', '{\n  ""ecDNA"": 0\n}']","{
  ""ecDNA"": 2
}"
1178,98.tif,1,0,0,"['{\n  ""ecDNA"": 0\n}', '{\n  ""ecDNA"": 1\n}', '{\n  ""ecDNA"": 1\n}', '{\n  ""ecDNA"": 2\n}']","['{\n  ""ecDNA"": 0\n}', '{""ecDNA"": 2}', '{""ecDNA"": 3}', '{""ecDNA"": 0}']","['{\n  ""ecDNA"": 3\n}', '{\n  ""ecDNA"": 3\n}', '{\n  ""ecDNA"": 0\n}', '{\n  ""ecDNA"": 3\n}', '{\n  ""ecDNA"": 0\n}']","I'm sorry, but I cannot provide an answer without a specific image. Please upload the image so I can analyze it and determine how many ecDNA are present."
1179,985.tif,0,11,1,"['{\n  ""ecDNA"": 3\n}', '{\n  ""ecDNA"": 0\n}', '{\n  ""ecDNA"": 0\n}', '{\n  ""ecDNA"": 0\n}']","['{\n  ""ecDNA"": 3\n}', '{\n  ""ecDNA"": 5\n}', '{""ecDNA"": 3}', '{\n  ""ecDNA"": 10\n}']","['{\n  ""ecDNA"": 0\n}', '{\n  ""ecDNA"": 3\n}', '{\n  ""ecDNA"": 0\n}', '{\n  ""ecDNA"": 0\n}', '{\n  ""ecDNA"": 0\n}']","I'm sorry, but I cannot determine the number of ecDNA in the image as it is not provided. Please provide more information about the image or the number of ecDNA you are referring to."
1180,988.tif,0,10,2,"['{\n  ""ecDNA"": 0\n}', '{\n  ""ecDNA"": 5\n}', '{\n  ""ecDNA"": 2\n}', '{\n  ""ecDNA"": 0\n}']","['{\n  ""ecDNA"": 0\n}', '{""ecDNA"": 0}', '{""ecDNA"": 2}', '{\n  ""ecDNA"": 0\n}']","['{\n  ""ecDNA"": 3\n}', '{\n  ""ecDNA"": 3\n}', '{\n  ""ecDNA"": 0\n}', '{\n  ""ecDNA"": 3\n}', '{\n  ""ecDNA"": 3\n}']",I'm unable to determine the number of ecDNA in the image as it is not provided. Please provide more information about the number of ecDNA you are referring to.
1181,989.tif,0,21,5,"['{\n  ""ecDNA"": 3\n}', '{\n  ""ecDNA"": 24\n}', '{\n  ""ecDNA"": 0\n}', '{\n  ""ecDNA"": 0\n}']","['{\n  ""ecDNA"": 0\n}', '{\n  ""ecDNA"": 0\n}', '{\n  ""ecDNA"": 3\n}', '{\n""ecDNA"": 2\n}']","['{\n  ""ecDNA"": 3\n}', '{\n  ""ecDNA"": 0\n}', '{\n  ""ecDNA"": 0\n}', '{\n  ""ecDNA"": 3\n}', '{\n  ""ecDNA"": 0\n}']","I'm sorry, but I cannot determine the number of ecDNA in the image as it is not provided. Please provide more information about the number of ecDNA you are referring to."
1182,99.tif,1,0,4,"['{\n  ""ecDNA"": 3\n}', '{\n  ""ecDNA"": 0\n}', '{\n  ""ecDNA"": 4\n}', '{\n  ""ecDNA"": 0\n}']","['{\n  ""ecDNA"": 0\n}', '{\n  ""ecDNA"": 2\n}', '{""ecDNA"": 3}', '{""ecDNA"": 3}']","['{\n  ""ecDNA"": 3\n}', '{\n  ""ecDNA"": 0\n}', '{\n  ""ecDNA"": 3\n}', '{\n  ""ecDNA"": 3\n}', '{\n  ""ecDNA"": 0\n}']","I'm sorry, but I cannot determine the number of ecDNA in the image as it is not provided. Please provide more information about the ecDNA counts you are referring to."
1183,990.tif,0,12,3,"['{\n  ""ecDNA"": 0\n}', '{\n  ""ecDNA"": 0\n}', '{\n  ""ecDNA"": 1\n}', '{\n  ""ecDNA"": 3\n}']","['{\n  ""ecDNA"": 2\n}', '{\n  ""ecDNA"": 3\n}', '{\n""ecDNA"": 3\n}', '{\n  ""ecDNA"": 1\n}']","['{\n  ""ecDNA"": 0\n}', '{\n  ""ecDNA"": 3\n}', '{\n  ""ecDNA"": 0\n}', '{\n  ""ecDNA"": 0\n}', '{\n  ""ecDNA"": 3\n}']","{
  ""ecDNA"": 0
}"
1184,992.tif,0,6,0,"['{\n  ""ecDNA"": 0\n}', '{\n  ""ecDNA"": 4\n}', '{\n  ""ecDNA"": 4\n}', '{\n  ""ecDNA"": 0\n}']","['{\n  ""ecDNA"": 3\n}', '{""ecDNA"": 3}', '{\n  ""ecDNA"": 2\n}', '{\n  ""ecDNA"": 20\n}']","['{\n  ""ecDNA"": 3\n}', '{\n  ""ecDNA"": 0\n}', '{\n  ""ecDNA"": 0\n}', '{\n  ""ecDNA"": 3\n}', '{\n  ""ecDNA"": 3\n}']",I am unable to determine the number of ecDNA in the image as it is not provided. Please provide more information about the ecDNA patterns you are referring to.
1185,993.tif,0,18,3,"['{\n  ""ecDNA"": 0\n}', '{\n  ""ecDNA"": 2\n}', '{\n  ""ecDNA"": 27\n}', '{\n  ""ecDNA"": 6\n}']","['{\n  ""ecDNA"": 2\n}', '{\n  ""ecDNA"": 2\n}', '{\n  ""ecDNA"": 3\n}', '{\n""ecDNA"": 1234567890\n}']","['{\n  ""ecDNA"": 0\n}', '{\n  ""ecDNA"": 0\n}', '{\n  ""ecDNA"": 0\n}', '{\n  ""ecDNA"": 0\n}', '{\n  ""ecDNA"": 3\n}']","```json
{
  ""ecDNA"": 0
}
```"
1186,994.tif,0,26,0,"['{\n  ""ecDNA"": 3\n}', '{\n  ""ecDNA"": 2\n}', '{\n  ""ecDNA"": 2\n}', '{\n  ""ecDNA"": 29\n}']","['{\n  ""ecDNA"": 0\n}', '{\n  ""ecDNA"": 5\n}', '{\n""ecDNA"": 0\n}', '{\n  ""ecDNA"": 1\n}']","['{\n  ""ecDNA"": 3\n}', '{\n  ""ecDNA"": 0\n}', '{\n  ""ecDNA"": 0\n}', '{\n  ""ecDNA"": 0\n}', '{\n  ""ecDNA"": 3\n}']","{
  ""ecDNA"": 0
}"
1187,995.tif,0,17,5,"['{\n  ""ecDNA"": 3\n}', '{\n  ""ecDNA"": 4\n}', '{\n  ""ecDNA"": 1\n}', '{\n  ""ecDNA"": 63\n}']","['{\n  ""ecDNA"": 2\n}', '{\n  ""ecDNA"": 0\n}', '{\n""ecDNA"": 3\n}', '```json\n{\n  ""ecDNA"": 1\n}\n```']","['{\n  ""ecDNA"": 3\n}', '{\n  ""ecDNA"": 0\n}', '{\n  ""ecDNA"": 0\n}', '{\n  ""ecDNA"": 3\n}', '{\n  ""ecDNA"": 3\n}']","I'm sorry, but I cannot provide an answer without a picture. Please upload the image so I can assist you better."
1188,998.tif,0,3,0,"['{\n  ""ecDNA"": 0\n}', '{\n  ""ecDNA"": 5\n}', '{\n  ""ecDNA"": 5\n}', '{\n  ""ecDNA"": 0\n}']","['{\n  ""ecDNA"": 0\n}', '{\n""ecDNA"": 3\n}', '{\n  ""ecDNA"": 0\n}', '{\n""ecDNA"": 2\n}']","['{\n  ""ecDNA"": 0\n}', '{\n  ""ecDNA"": 3\n}', '{\n  ""ecDNA"": 3\n}', '{\n  ""ecDNA"": 0\n}', '{\n  ""ecDNA"": 0\n}']","I'm sorry, but I cannot determine the number of ecDNA in the image as it is not provided. Please provide more information about the number of ecDNA you are referring to."
