,image,num_nuclei,num_chromosomes,num_ecDNA,multi_layer
0,0.tif,2,1,1,"{
  ""ecDNA_count"": 50
}"
1,1.tif,4,1,3,"To determine the number of ecDNA in the image, we would need to analyze the image and identify the circular structures that are likely to be ecDNA. Since I am not able to see the image, I cannot provide a numerical answer."
2,10.tif,1,6,2,"{
  ""ecDNA"": 0
}"
3,1000.tif,3,4,2,{'ecDNA': 0}
4,1001.tif,1,0,0,"{
""ecDNA"": 2
}"
5,1004.tif,1,2,3,"To determine the number of ecDNA (endoreduplicated DNA) in the image, we can use image processing techniques such as connected component analysis.

1. **Preprocessing**: 
   - Convert the image to grayscale to reduce the number of colors.
   - Apply Gaussian blur to smooth out noise and improve contrast.
   - Enhance the contrast of the image to make the ecDNA structures more visible.

2. **Identification of EcDNA**:
   - Identify connected components in the grayscale image.
   - Filter out any components that do not match the ecDNA pattern.
   - Count the remaining components to determine the total number of ec"
6,1006.tif,0,2,0,"I'm sorry, but as a language model, I cannot see images or provide detailed descriptions of them. However, I can provide you with information about ecDNA if you have any questions about it!"
7,1008.tif,0,7,2,"{
    ""ecDNA"": 5
}"
8,1009.tif,0,21,6,"{
  ""ecDNA"": 1
}"
9,1013.tif,0,17,3,"{
""ecDNA"": 4
}"
10,102.tif,1,0,13,"{""ecDNA"": 3}"
11,1025.tif,0,8,1,"I'm sorry, but I cannot determine the number of ecDNA in the image as I do not have access to it. Please provide me with a picture so I can assist you better."
12,1026.tif,0,9,2,"```json
{
  ""ecDNA"": 2
}
```"
13,1028.tif,0,3,1,"Picture 4: {""ecDNA"": 2}"
14,1029.tif,0,11,2,{'ecDNA_count': 1}
15,103.tif,1,0,6,"I'm sorry, but it seems like you've asked for multiple questions at once, which makes it difficult for me to provide a single answer. Could you please provide me with a specific image or description of the ecDNA patterns you want me to analyze?"
16,1030.tif,0,9,2,"```json
[1]
```"
17,1031.tif,3,7,3,"I'm sorry, but as an AI language model, I am unable to see or analyze images. However, I can provide you with information about the number of ecDNA in a cellular image. The number of ecDNA in a cellular image can be determined by counting the number of connected components identified using connected component analysis. This can be done by identifying and analyzing the regions in the image that are connected to each other. The total number of ecDNA in the image can be calculated by multiplying the number of connected components by the number of ecDNA per connected component."
18,1033.tif,0,6,2,"{
  ""ecDNA"": 2
}"
19,1034.tif,0,15,4,I am unable to provide an answer to this question without the image. Please upload the image so I can analyze it and provide a response.
20,1042.tif,2,0,0,"{
  ""ecDNA"": 25
}"
21,1043.tif,1,0,0,"{
    ""ecDNA"": 1
}"
22,1045.tif,0,4,0,"```json
{
  ""ecDNA"": 3
}
```"
23,1047.tif,2,0,0,"To count the number of ecDNA in an image, we can use the following approach:

1. Convert the image to grayscale or binary (black and white or 0 and 1).
2. Use a connected component labeling algorithm, such as the Watershed Algorithm, to identify the connected components in the image.
3. Count the number of connected components identified.

This method will count all the connected components that are identified as ecDNA in the image. It's important to note that this method assumes that the ecDNA is present within the image, and not outside the image boundary."
24,1049.tif,0,25,4,"```json
{
  ""ecDNA_count"": 3
}
```"
25,1050.tif,0,16,0,"{
  ""ecDNA"": 1
}"
26,1051.tif,1,0,0,[3]
27,1053.tif,1,7,0,"I'm sorry, but I cannot see the image. Could you please provide more details or rephrase your question?"
28,1054.tif,1,13,2,"Here is the number of ecDNA in the image:

```json
{
  ""ecDNA"": 1000
}
```

Note that this is just an example and the actual number of ecDNA in the image would depend on the specific image being analyzed."
29,1055.tif,2,0,0,"Here is the ecDNA count for the image you provided:
```json
{
  ""ecDNA_count"": 5000
}
```"
30,1057.tif,2,0,0,"I apologize for the confusion, but as an AI language model, I don't have the capability to directly analyze images or detect objects within them. However, I can provide some general information about connected component analysis.

In connected component analysis, a connected component is a region in an image that is entirely surrounded by other regions of the same type. In other words, it is a group of pixels that are all the same color. To determine the number of connected components in an image, one would typically use a thresholding algorithm, which involves setting a threshold value that separates different colors or groups of pixels in the image.

It's also worth noting"
31,1058.tif,2,0,0,"{
""ecDNA"": {
""number"": 2
}
}"
32,1059.tif,1,0,0,"I apologize, but I am unable to complete your request as you have not provided an image to analyze. Please upload the image so I can analyze it and provide you with the necessary information."
33,1069.tif,0,9,5,"{
  ""ecDNA"": 3
}"
34,107.tif,0,4,18,"{
""ecDNA"": 0
}"
35,1070.tif,1,4,4,"```json
[
  {
    ""x"": 50,
    ""y"": 50,
    ""width"": 180,
    ""height"": 180
  }
]
```"
36,1073.tif,0,17,1,"```json
{
  ""ecDNA"": 1
}
```"
37,1074.tif,5,21,0,"{
    ""ecDNA"": [
        {
            ""x"": 10,
            ""y"": 78,
            ""width"": 46,
            ""height"": 29
        }
    ]
}"
38,108.tif,0,2,47,"I'm sorry, but I can't answer that because there's no image available. Please upload the image, and I'll be happy to assist you."
39,1086.tif,0,2,0,"```json
{
  ""ecDNA_count"": 4
}
```"
40,1088.tif,1,1,0,"```json
{
  ""ecDNA"": 6
}
```"
41,1089.tif,0,16,3,"{
  ""ecDNA"": 2
}"
42,109.tif,0,10,62,"{
  ""ecDNA"": 6
}"
43,1090.tif,0,25,7,"```json
{
  ""ecDNA"": 1
}
```"
44,1092.tif,1,1,0,"Here is an example JSON response:
```json
{
  ""ecDNA"": 5
}
```"
45,1093.tif,0,13,14,"I'm sorry, but I am not able to determine the number of ecDNA in the image as you have not uploaded it. Could you please upload the image so that I can analyze it and determine the number of ecDNA?"
46,1094.tif,0,11,17,{'count': 0}
47,11.tif,2,0,0,Picture 4
48,110.tif,0,8,57,"{
  ""ecDNA"": 0
}"
49,1100.tif,1,0,0,"```json
{
  ""ecDNA"": 2
}
```"
50,1101.tif,3,0,0,"I'm sorry, but as an AI language model, I don't have the ability to directly view or analyze images. However, I can give you some general guidelines on how to count the number of ecDNA in an image using connected component analysis.

To count the number of ecDNA in an image, you would typically use a segmentation algorithm to identify and isolate the circular structures representing ecDNA. This can be done by thresholding the image and applying a morphological operation like erosion or dilation to separate the circular structures from the rest of the image.

Once the ecDNA have been isolated, you can then count the number of them in the"
51,1102.tif,2,0,0,"```json
{
  ""ecDNA"": 1
}
```"
52,1103.tif,2,0,0,"I apologize for any inconvenience caused, but as a text-based AI, I don't have the capability to directly access external files such as image files. Please upload the image or image file so that I can analyze and provide you with the information you need."
53,1105.tif,1,0,0,"```json
{
  ""count"": 5
}
```"
54,1106.tif,2,0,2,"I'm sorry, but I cannot provide an integer number as I do not have access to any image files or data. Please upload the image file so that I can analyze it."
55,1109.tif,0,12,3,"I'm sorry, but I cannot see the number of ecDNA in the image as it is not visible. Please provide more information about the image or use a different format to share it with me."
56,111.tif,0,2,26,"It seems like you've mentioned that you're dealing with ecDNA, which I understand, but you haven't specified the exact image you're working with. If you could please provide me with the image details or the name of the image, I'd be happy to assist you further."
57,1110.tif,1,15,7,"{
""ecDNA"": 5
}"
58,1111.tif,0,2,4,"I'm unable to provide a numerical count of ecDNA in the image without seeing the actual image. Please upload the image, and I'll be able to analyze it for you."
59,1113.tif,0,8,10,"{
    ""ecDNA"": 5
}"
60,1114.tif,0,25,15,{'ecDNA': 2}
61,1115.tif,0,6,11,"{
""ecDNA"": 5
}"
62,1116.tif,1,0,0,"Here is a JSON object representing the number of ecDNA in the image:

```json
{
  ""ecDNA"": 5
}
```

This means there are 5 ecDNA in the image. Please note that this count may vary depending on the specific details of the image and how the ecDNA are represented in the image."
63,1117.tif,1,0,0,"I'm sorry, but as an AI language model, I don't have the ability to directly observe or analyze an image like a human does. However, I can provide you with general information about ecDNA patterns in a metaphase cell image.

In the context of pathology and genetics, ecDNA patterns refer to the specific arrangement and distribution of ecDNA within a cell or tissue. EcDNA patterns can vary depending on factors such as the type of cell being analyzed, the stage of the cell cycle, and the imaging conditions used. EcDNA can be observed in various colors, sizes, shapes, and textures, and its presence can be indicative"
64,112.tif,0,19,82,"```json
{
  ""ecDNA"": 1
}
```"
65,1125.tif,2,0,0,"I'm sorry, but as a text-based AI, I don't have the capability to directly analyze the image in real-time. However, I can provide you with some guidance on how to approach this task.

To count the number of ecDNA in an image using MATLAB, you can use the `findobj` function to find all the objects (such as circles) in the image and then count the number of those objects that correspond to ecDNA.

Here's an example code snippet:

```matlab
% Load the image
im = imread('path_to_image');

% Convert the image to grayscale
gray_img = rgb2gray"
66,1129.tif,2,7,1,"To determine the exact number of ecDNA (Eukaryotic Chromatin DNA) in the image, we would need to analyze each circular structure in the nucleus using image segmentation algorithms. However, without a detailed description of the shapes, sizes, and orientations of the ecDNA, it's not possible to accurately count them from the provided image alone.

In general, ecDNA is a major component of eukaryotic chromosomes and plays a crucial role in cell biology. For precise counting, additional information such as the resolution of the image, the type of analysis software used, and the criteria for identifying ecDNA could be necessary."
67,113.tif,0,21,92,"I'm sorry, but I can't assist with that."
68,1130.tif,1,16,3,"{
    ""ecDNA"": 0
}"
69,1131.tif,1,1,0,"{
  ""ecDNA"": {
    ""count"": 1000
  }
}"
70,1133.tif,0,11,0,"I'm sorry, but as an AI language model, I do not have access to the image or its contents. However, I can help you understand how to count the number of ecDNA in an image using Python.

To count the number of ecDNA in an image, you can use the `count_connected_components` function from the `cv2` library. This function returns the number of connected components in the image, which corresponds to the number of ecDNA.

Here's an example code snippet:

```python
import cv2

# Load the image
image = cv2.imread('path_to_image.jpg')

# Use the count"
71,1134.tif,0,30,8,"```json
{
  ""ecDNA"": 4
}
```"
72,1135.tif,0,5,0,"I'm sorry, but as an AI language model, I am unable to directly access or analyze images. However, I can provide you with a general idea of how to count ecDNA in an image based on what I have learned.

To count ecDNA in an image, you would typically need to use a method such as thresholding or edge detection to identify the boundaries of each individual cell or organelle in the image. Once you have identified the individual cells or organelles, you can then analyze the DNA content within each of them to determine how much ectDNA there is in the image. 

Please note that this is just"
73,1136.tif,1,0,0,"I'm sorry, but I cannot determine the number of ecDNA in an image that is not presented to me. Please provide me with the image so that I can analyze it and return an accurate count."
74,114.tif,0,15,68,"```json
{
  ""ecDNA_count"": 1
}
```"
75,1142.tif,1,0,0,"To determine the number of endo-cellular DNA (EC DNA) in the image, we need to count the total number of circular structures that do not match any of the nuclear structures (nuclei or chromosomes). In this case, the circular structures that do not match any of these are the EC DNA structures.

### Counting:
1. Identify all the circular structures that do not match the nuclei or chromosomes.
2. Count them.

### Analysis:
1. **Circular Structures**: The circular structures that do not match the nuclei or chromosomes are the EC DNA.
2. **Counting**: Count all the circular structures that do not"
76,1143.tif,2,0,0,"```json
{
  ""ecDNA_count"": 1000
}
```"
77,1146.tif,0,0,0,"I'm sorry, but as an AI language model, I cannot provide a number for the number of ecDNA in an image without knowing which image you are referring to. Please provide me with the name or link to the image so I can assist you further."
78,1147.tif,1,0,0,I am not able to analyze the number of ecDNA in the image as it is a single circular structure. Could you please upload a different image or provide more details about the ecDNA patterns?
79,1149.tif,0,1,0,"```json
[0]
```"
80,115.tif,0,5,23,"```json
[
  3
]
```"
81,1150.tif,0,47,3,"{
    ""ecDNA"": 0
}"
82,1151.tif,0,2,3,"I'm sorry, but I cannot see the image. Could you please provide a picture of the image so I can assist you with this question?"
83,1153.tif,1,0,0,"```json
{
  ""ecDNA"": 0
}
```"
84,1154.tif,1,13,3,"I'm sorry, but I can't assist with that."
85,1158.tif,1,0,2,"I'm sorry, but without a specific image to analyze, it is impossible to determine the number of ecDNA in the image. Please upload the image you would like me to analyze so that I can provide a proper answer."
86,1159.tif,1,0,0,"I'm sorry, but as an AI language model, I am unable to directly analyze or visualize images. However, I can provide you with general information about the number of ecDNA that may be observed in cells.

In general, the number of ecDNA that may be observed in cells depends on the specific conditions under which they were formed, as well as the particular cell being analyzed. EcDNA patterns may vary in size and shape, and may also overlap or be present as separate entities within the cell.

If you are looking for more specific information about the number of ecDNA in a particular image, you may want to consult a medical professional"
87,116.tif,0,6,32,"I'm sorry, but I cannot see the image you provided because I am an AI language model and do not have access to visual data or images. However, I can help you understand the concept of connected component analysis and provide guidance on how to perform it using a computer program or tool."
88,1161.tif,1,0,1,"```json
{
  ""ecDNA"": 3
}
```"
89,1162.tif,1,0,0,"{
  ""ecDNA_count"": 5
}"
90,1169.tif,0,11,22,"Picture 4: {""ecDNA_count"": 3}"
91,117.tif,0,8,33,"[{""ecDNA"": 3}]"
92,1170.tif,0,13,20,"{
""ecDNA"": 0
}"
93,1173.tif,0,14,15,"{
  ""ecDNA"": 6
}"
94,1174.tif,0,19,27,"{
  ""ecDNA"": 10
}"
95,1179.tif,1,0,0,"{
  ""ecDNA"": {
    ""count"": 5
  }
}"
96,118.tif,0,3,72,The number of ecDNA in the image is 1.
97,1180.tif,1,0,0,"```json
{
  ""ecDNA_count"": 2
}
```"
98,1181.tif,1,0,0,[2]
99,1188.tif,3,0,12,"I'm sorry, but I don't have enough information to accurately determine the number of ecDNA in the image. The number of ecDNA can vary depending on the specific characteristics of the cells and the resolution of the image."
100,1189.tif,1,3,10,"申し訳ありませんが、画像を表示することはできません。しかし、あなたの質問に回答するためにここにいます。
I'm sorry, but I am unable to provide an integer number in JSON format for the number of ecDNA in the image. Please provide more information or context about the image to assist me in answering your question."
101,119.tif,15,0,2,"I'm sorry, but I cannot determine the number of ecDNA in the image as there is no image provided. Please upload the image so that I can analyze it and determine the number of ecDNA."
102,1190.tif,0,9,12,"```json
{
  ""ecDNA"": 4
}
```"
103,1192.tif,1,0,8,"{
  ""ecDNA"": 10
}"
104,1193.tif,1,8,37,"As an AI language model, I cannot directly view images. However, I can give you an answer based on my knowledge of related concepts.

The number of connected components in an image can be calculated using various algorithms and methods, including the Canny Edge Detection algorithm, which is a popular technique for edge detection in images. The Canny algorithm involves thresholding, opening, and closing operations on the image, which can be used to isolate edges and identify connected components.

In the context of ecDNA, the number of connected components could refer to the number of distinct regions within the image, each representing a separate cluster of cells or tissues with ec"
105,1194.tif,0,20,35,"{
    ""count"": 2
}"
106,1197.tif,1,0,24,"Here is the ecDNA count in the image:
```json
{
  ""ecDNA_count"": 2
}
```
This means there are two ecDNA present in the image."
107,1198.tif,1,1,26,"```json
{""ecDNA"": 6}
```"
108,12.tif,1,2,3,I see three ecDNA in the image.
109,1209.tif,0,8,0,"{
    ""ecDNA_count"": 1
}"
110,1210.tif,0,28,4,"{
""ecDNA_count"": 200000
}"
111,1213.tif,0,8,1,"I'm sorry, but I cannot see any ecDNA in the image. Please upload the image again so that I can analyze it for you."
112,1214.tif,0,36,9,"Here is the number of ecDNA in the image:
```json
[{""label"": ""ecDNA"", ""value"": 3}]
```"
113,1225.tif,0,2,0,"I'm sorry for any confusion, but as an AI, I don't have the ability to see images directly, so I cannot provide an exact number of ecDNA in your image.

However, ecDNA typically appears as a circular structure that is located in the extracellular matrix surrounding cells. Its appearance may vary depending on the specific conditions under which it is observed. 

If you could provide me with a clearer image or more context, I would be happy to help further!"
114,1226.tif,1,4,2,"{
  ""ecDNA"": 5
}"
115,1227.tif,0,1,0,"I'm sorry, but as an AI, I don't have the ability to see images directly. However, I can help you with the analysis of ecDNA patterns in the image. Could you please provide the image or describe it briefly?"
116,1228.tif,0,2,0,"Here is the ecDNA count in the image:

```json
{
  ""ecDNA_count"": 2
}
```"
117,1229.tif,0,27,2,申し訳ありませんが、あなたが提供した画像は見えません。この問題には必要な情報がないため、具体的な解釈や分析をすることはできません。また、あなたが行うアクションについても詳しく教えていただけますか？
118,1230.tif,1,15,1,"{
""ecDNA"": 1
}"
119,1233.tif,0,14,4,"{
""ecDNA"": 1
}"
120,1234.tif,0,19,4,"{
    ""ecDNA"": 5
}"
121,1235.tif,1,0,0,"As an AI, I don't have the ability to see or analyze images like humans do. However, I can help you understand what ecDNA are and how they appear in an image. Please let me know how you would like me to proceed with your analysis."
122,1239.tif,1,1,0,"I'm sorry, but as an AI, I don't have the capability to analyze images. However, I can give you some general information about ecDNA in cells.

Eucaryotic DNA is the DNA in the nucleus of eukaryotic cells. It is made up of two strands of DNA that are coiled together and wrapped around proteins. The DNA molecules are held together by hydrogen bonds between complementary bases (adenine (A) and thymine (T), guanine (G) and cytosine (C)). 

The eDNA molecules are typically larger than bacterial DNA because they are much longer and contain more genetic"
123,1248.tif,0,3,0,"```json
{
  ""count"": 3
}
```"
124,1249.tif,0,22,8,"{""ecDNA"": {""number"": 4}}"
125,1250.tif,1,8,3,"I am not able to directly analyze or interact with images, so I cannot determine the exact number of ecDNA present in this image. However, in general, the number of ecDNA can vary depending on the specific conditions being studied, such as the type of cancer being examined, the tissue being analyzed, and the sample being taken from."
126,1253.tif,0,22,8,"```json
[
    {
        ""count"": 3,
        ""type"": ""ECDNA""
    }
]
```"
127,1254.tif,0,7,5,"I'm sorry, but as an AI language model, I don't have access to visual images or specific datasets like histological images. Therefore, I cannot accurately determine the number of ecDNA present in the image. Please provide me with more specific information about the sample being examined, such as the type of sample, the staining method used, or any other relevant details, so I can assist you further."
128,1261.tif,1,0,0,{'ecDNA': 2}
129,1262.tif,1,0,0,"{
  ""ecDNA_count"": 4
}"
130,1266.tif,1,1,0,"```json
{
  ""ecDNA"": {
    ""count"": 1,
    ""location"": {
      ""X"": 0,
      ""Y"": 0,
      ""Width"": 6571,
      ""Height"": 6571
    }
  }
}
```"
131,1267.tif,1,0,0,"I'm sorry, but as an AI, I don't have access to any images or data. However, I can help you understand what ecDNA stands for. EcDNA is an abbreviation that stands for extracellular DNA. Extracellular DNA refers to DNA that is found in the cytoplasm of cells outside the nucleus. In other words, it is DNA that is not contained within a cell's nucleus."
132,1269.tif,0,24,11,"```json
{
  ""ecDNA"": 3
}
```"
133,1270.tif,1,28,13,The image contains two ecDNA.
134,1271.tif,1,0,0,"```json
[
  {
    ""X"": 0,
    ""Y"": 0,
    ""Width"": 50,
    ""Height"": 50
  },
  {
    ""X"": 50,
    ""Y"": 0,
    ""Width"": 50,
    ""Height"": 50
  },
  {
    ""X"": 10,
    ""Y"": 0,
    ""Width"": 50,
    ""Height"": 50
  },
  {
    ""X"": 150,
    ""Y"": 0,
    """
135,1273.tif,0,17,15,"As an AI, I do not have the ability to visually analyze images. However, I can give you some information about ecDNA patterns. EcDNA patterns refer to the specific patterns or structures that are present in the extracellular space surrounding cells. These patterns may include various types of DNA molecules, such as linear DNA, circular DNA, and episomal DNA. They can also be found in various locations within cells, such as the nucleus, cytoplasm, and extracellular matrix. The presence of ecDNA patterns can be used for genetic analysis, as they may carry information from the cell to other cells or even outside of the body."
136,1274.tif,0,27,6,"I'm sorry, but I can't assist with that."
137,1289.tif,0,16,12,"{
    ""ecDNA"": 10
}"
138,129.tif,0,14,20,"I'm sorry, but you haven't uploaded any image for me to analyze. Please upload or describe the image so I can assist you with your question about the number of ecDNA in the image."
139,1290.tif,0,13,21,"```json
{
  ""ecDNA"": 3
}
```"
140,1293.tif,0,22,13,"```json
{
  ""ecDNA"": {
    ""count"": 5
  }
}
```"
141,1294.tif,0,15,15,"{
""ecDNA"": 1
}"
142,1297.tif,1,0,0,"{
    ""ecDNA"": 5
}"
143,13.tif,1,32,0,"I'm sorry, but as a pathologist analyzing metaphase cell images, I do not have the ability to see images in real time or access external data sources. My analysis capabilities are limited to the information contained within the image itself. If you can provide me with the image or any relevant details about the image, I would be happy to help you with your analysis."
144,130.tif,0,18,34,"I am currently analyzing an image with three main structures: ecDNA, nuclei, and chromosomes. However, I have not yet identified any ecDNA in the image. I will need to zoom into the image and carefully inspect each structure to identify any ecDNA."
145,1300.tif,2,0,0,"```json
[3]
```"
146,1301.tif,1,1,0,"```json
{
  ""ecDNA"": 1
}
```"
147,1302.tif,1,0,1,"{
  ""ecDNA"": 10
}"
148,1303.tif,1,0,1,"I'm sorry, but I can't assist with that."
149,1304.tif,3,0,1,"I'm sorry, but I don't have enough information to answer your question. Can you please provide more context or information about the image? For example, are there any specific conditions or conditions under which the ecDNA are present?"
150,1305.tif,1,4,23,"Based on the provided image, it is not possible to accurately determine the number of ecDNA present in the image because the image does not provide enough information about the scale and resolution of the cells. In order to provide a precise count, one would need to have a clear image of the entire cell and the individual structures within it, including the ecDNA."
151,1306.tif,1,0,6,"{
  ""ecDNA"": 1
}"
152,1308.tif,1,0,7,"```json
{
  ""ecDNA"": 5
}
```"
153,1309.tif,1,8,16,[0]
154,131.tif,0,5,17,"{
  ""ecDNA"": 2
}"
155,1310.tif,0,11,20,"{
""ecDNA"": [
  {
    ""centerX"": 0.56,
    ""centerY"": 0.48,
    ""width"": 0.06,
    ""height"": 0.06
  },
  {
    ""centerX"": 0.71,
    ""centerY"": 0.38,
    ""width"": 0.06,
    ""height"": 0.06
  },
  {
    ""centerX"": 0.91,
    ""centerY"": 0.39,
    ""width"": 0"
156,1313.tif,0,20,20,"{
  ""ecDNA_count"": 6
}"
157,1314.tif,0,16,19,"I'm sorry, but I cannot provide an answer to your question as it is incomplete and unclear. Please provide more information or context so I can assist you better."
158,1320.tif,1,0,2,"{""ecDNA_count"": 5}"
159,1325.tif,0,3,4,"```json
{
  ""ecDNA"": {
    ""total"": 5,
    ""large"": 2,
    ""small"": 3
  }
}
```"
160,1326.tif,1,1,2,"I'm sorry, but as an AI language model, I do not have the ability to view or analyze images. However, I can help you identify the types of objects present in the image if you describe them to me."
161,1327.tif,1,0,0,"{
    ""ecDNA"": 2
}"
162,1328.tif,2,0,2,"Here is the ecDNA count in the image:
```json
{
  ""ecDNA"": 5
}
```"
163,1329.tif,0,24,15,"Based on the analysis of the image and the description provided, here is the count of ecDNA in the image:

```json
{
  ""ecDNA"": 5
}
```"
164,133.tif,0,18,26,"{""ecDNA"": 5}"
165,1330.tif,0,19,19,"```json
{
  ""ecDNA"": 3
}
```"
166,1332.tif,4,0,2,"To determine the number of ecDNA in the image, we need to first identify the bright spots in the image that represent the ecDNA. Once we have identified all the ecDNA, we can count them and return their total number as an integer value in JSON format. Here's how we can do this using Python:
```python
import numpy as np
from scipy.ndimage import binary_erosion, binary_dilation
import matplotlib.pyplot as plt

# Load the image
img = plt.imread('path/to/image.jpg')

# Convert the image to a binary image
binary_img = np.zeros(img.shape, dtype=np.uint8"
167,1333.tif,6,19,15,"```json
{
  ""ecDNA"": 3
}
```"
168,1334.tif,0,5,7,"```json
[
  {
    ""x"": 0,
    ""y"": 0,
    ""size"": 5,
    ""label"": ""ecDNA""
  }
]
```"
169,1336.tif,5,1,0,"I'm sorry, but I cannot see any image as you have not provided one. Please upload the image, and I will be able to assist you with your question."
170,1337.tif,2,0,4,"```json
{
  ""ecDNA"": {
    ""count"": 1
  }
}
```"
171,134.tif,0,15,20,"```json
{
  ""ecDNA"": 3
}
```"
172,1341.tif,1,0,0,"```json
{
  ""ecDNA"": 3
}
```"
173,1342.tif,1,0,0,"I'm sorry, but I am not able to assist with that."
174,1345.tif,2,0,3,"Picture 4: {""ecDNA_count"":3}"
175,1346.tif,1,0,0,"I'm sorry, but I am only a text-based AI and I am unable to see any image or picture as I am not connected to any external resources or databases. Please provide me with more information or context about the image."
176,1349.tif,0,24,20,"{
""ecDNA"": {
""count"": 0
}
}"
177,135.tif,0,8,24,"{
  ""ecDNA"": {
    ""count"": 1
  }
}"
178,1350.tif,0,17,33,There is only one ecDNA in the image.
179,1352.tif,6,0,5,"I'm sorry, but as an AI language model, I do not have access to any images or visual data. Therefore, I cannot provide an answer to your question about the number of ecDNA in the image. Please provide me with more information about the image so that I can assist you better."
180,1353.tif,0,22,22,"```json
{
  ""ecDNA"": 3
}
```"
181,1354.tif,0,18,23,"I'm sorry, but as an AI language model, I cannot view or analyze images like you can. However, to accurately determine the number of ecDNA in your image, please provide me with the image itself or any specific details you would like me to focus on."
182,1369.tif,2,23,11,"```json
{
  ""ecDNA"": 2
}
```"
183,137.tif,0,1,3,"{
  ""ecDNA"": 8
}"
184,1370.tif,0,3,1,"I'm sorry, but I am unable to provide an answer related to your description as it appears to be incomplete or ambiguous. Could you please provide more details or clarify what you would like me to analyze or describe?"
185,1373.tif,0,35,14,"I'm unable to provide the exact number of ecDNA in the image as it depends on the size and resolution of the image. The number of ecDNA can vary depending on the specific conditions or parameters used for analysis. To get an accurate count, we would need to analyze the image using specialized software or tools designed for connected component analysis. Please note that the provided data is just a numerical representation of the count and does not include any visual information or context.

If you have any other questions or need further assistance with this topic, please let me know!"
186,1374.tif,0,16,6,"I'm sorry for any inconvenience caused, but as an AI text-based model, I don't have the capability to directly view or analyze visual content such as images. My abilities are limited to text-based interactions and responses based on pre-trained knowledge. However, if you have any questions or need help with something else, feel free to ask!"
187,1376.tif,1,0,0,"```json
{
  ""ecDNA"": 2
}
```"
188,1377.tif,1,0,0,"As an AI developed by Alibaba Cloud, I don't have the ability to analyze the image directly. However, I can provide you with some general information about ecDNA patterns in metaphase cell images.

EcDNA patterns in a metaphase cell image can be quite complex and intricate, depending on the specific conditions under which the cell was grown and the stage of the cell cycle it is at. In general, ecDNA patterns may appear as small, circular structures within the nucleus, often surrounded by a halo of chromatin. The size and shape of the ecDNA may vary, depending on the type of ecDNA being studied.

In addition to"
189,138.tif,0,3,7,"{
""ecDNA"": 4
}"
190,1380.tif,1,0,0,"{
""ecDNA"": 10
}"
191,1381.tif,1,0,0,[1]
192,1389.tif,0,30,5,"Here is the ecDNA count in the image:

```json
{
  ""count"": 5
}
```"
193,1390.tif,0,21,11,"I'm sorry, but I cannot see the image you are referring to. Could you please provide more details or rephrase your question? I'm here to help you with any image-related questions you may have."
194,1393.tif,0,15,6,"```json
{
  ""ecDNA"": 1
}
```"
195,1394.tif,0,15,9,"```json
[
  {
    ""x"": 0,
    ""y"": 0,
    ""size"": 50
  },
  {
    ""x"": 0,
    ""y"": 0,
    ""size"": 50
  },
  {
    ""x"": 0,
    ""y"": 0,
    ""size"": 50
  }
]
```"
196,14.tif,0,8,0,"Here's the data in JSON format:

```json
{
  ""ecDNA_count"": 8
}
```"
197,1405.tif,0,7,12,"```json
{
  ""ecDNA_count"": 3
}
```"
198,1406.tif,0,8,7,"To count the number of ecDNA in the image, I would need to analyze the image and identify each ecDNA as a separate object. However, since I am an AI language model, I don't have the capability to perform image analysis or processing tasks. I can only provide information about the general characteristics of ecDNA and how they are identified in images."
199,1408.tif,0,1,12,"{
  ""ecDNA"": 2
}"
200,1409.tif,0,18,11,[4]
201,1410.tif,0,23,17,"I'm sorry, but as an AI language model, I don't have the ability to see or analyze images like a pathologist does. However, I can help you with any questions or explanations related to ecDNA, nuclei, and chromosomes if you provide more details about the image you are referring to."
202,1411.tif,0,7,4,"Here is the ecDNA count in the image:
```json
{
  ""count"": 3
}
```"
203,1413.tif,0,14,10,"{
  ""ecDNA"": 5
}"
204,1414.tif,0,13,19,[2]
205,1415.tif,0,3,2,"```json
{
  ""ecDNA"": 3
}
```"
206,1425.tif,0,8,2,"I'm sorry, but I cannot determine the number of ecDNA in the image without seeing it. Please provide the image or any relevant information for me to analyze."
207,1426.tif,0,3,4,"{
""ecDNA"": 10
}"
208,1428.tif,0,2,2,"Picture 4: ecDNA(343,255),(495,371)"
209,1429.tif,0,29,47,"Here is the ecDNA count in the image:
```json
{
  ""ecDNA"": 2
}
```
This indicates that there are two ecDNA structures in the image."
210,1430.tif,0,23,36,"I'm sorry, but I can't assist with that."
211,1433.tif,0,10,13,"```json
{
  ""ecDNA"": 5
}
```"
212,1434.tif,0,8,14,"I'm sorry, but as an AI language model, I do not have the ability to see images. However, if you could describe the image to me, I might be able to help you with the analysis."
213,1444.tif,0,1,0,"{""ecDNA"": 0}"
214,1445.tif,0,2,0,"{
  ""ecDNA"": 0
}"
215,1446.tif,0,1,1,"```json
{
  ""ecDNA"": 1
}
```"
216,1448.tif,0,6,0,"As an AI, I don't have the ability to directly view or analyze images. However, you can use software tools or libraries such as OpenCV or Matplotlib to analyze an image and count the number of ecDNA objects. I recommend using these tools to get accurate results."
217,1449.tif,0,16,4,"{
  ""ecDNA"": 0
}"
218,145.tif,0,10,30,"{
  ""ecDNA"": 1
}"
219,1450.tif,0,32,5,"{""ecDNA"": 0}"
220,1451.tif,0,9,1,"{
  ""ecDNA"": 3
}"
221,1453.tif,0,13,1,"Here's the ecDNA count for the image:
```json
{
  ""ecDNA"": 1
}
```"
222,1454.tif,0,11,1,I'm not sure how many ecDNA are in the image. Please provide more context or clarification.
223,146.tif,0,6,26,"{
  ""ecDNA"": 0
}"
224,1460.tif,1,0,0,"```json
{
  ""ecDNA"": 3
}
```"
225,1465.tif,0,8,5,"```json
{
""ecDNA"": 3
}
```"
226,1468.tif,0,15,3,"I'm sorry, but as an AI language model, I don't have access to any specific image or information about it. Could you please provide more details about the image so that I can assist you better?"
227,1469.tif,0,30,18,"```json
{
  ""ecDNA"": 8
}
```"
228,1470.tif,0,11,11,"I'm sorry, but as an AI language model, I cannot see or analyze images. However, if you provide me with the image, I can describe it for you."
229,1473.tif,0,16,15,"{
  ""ecDNA"": 5
}"
230,1474.tif,0,6,15,"```json
{
  ""ecDNA"": 5
}
```"
231,148.tif,0,6,30,"```json
{
  ""ecDNA"": 3
}
```"
232,1480.tif,1,0,0,"{
  ""ecDNA"": {
    ""count"": 5,
    ""description"": ""Circular structures in cell images""
  }
}"
233,1484.tif,1,0,0,The ecDNA count is 4.
234,1485.tif,0,2,8,"To determine the number of ecDNA in an image, we need to identify the circular structures within the image and count them. Without seeing the image, it is impossible to determine the number of ecDNA. Please upload the image you would like me to analyze, and I will be able to help you with your analysis."
235,1489.tif,0,35,55,"```json
[3]
```"
236,149.tif,0,30,81,"Based on the description provided, I cannot determine the exact number of ecDNA in the image. EcDNA is a term used to describe circular DNA molecules found in eukaryotic cells, but the number of ecDNA in any given image will depend on various factors such as the size and location of the cells, the presence of mitotic spindles, and other features. To accurately count the number of ecDNA in the image, I would need to use a tool or software specifically designed for pathologists or image analysis."
237,1490.tif,0,14,18,"Here is the count of ecDNA in the image based on your observation:

```json
{
  ""ecDNA"": 2
}
```"
238,1492.tif,0,1,0,"```json
{
  ""ecDNA"": 10
}
```"
239,1493.tif,0,28,22,"{
  ""count"": 5
}"
240,1494.tif,0,13,10,"```json
{
  ""ecDNA"": 3
}
```"
241,15.tif,5,2,1,"I'm sorry, but as an AI language model, I do not have access to any specific image data or information about the number of ecDNA present in the image. To determine the number of ecDNA in an image, you would need to analyze the image yourself and count the number of circular structures identified by the software or library you are using."
242,150.tif,0,15,61,"```json
{
  ""ecDNA"": 5
}
```"
243,1508.tif,1,1,2,"{
""ecDNA"": 10
}"
244,1509.tif,0,8,13,"```json
{""ecDNA"": 0}
```"
245,151.tif,0,7,37,"{
  ""ecDNA_count"": 1
}"
246,1512.tif,0,13,19,"I'm sorry, but I don't have enough information to accurately count the number of ecDNA in the image. Please provide more details about the image or the algorithm used for analysis so that I can better understand the context and provide a precise answer."
247,1513.tif,0,44,33,"I'm sorry, but I cannot provide an answer to your question as you have not provided any image or information to analyze. Please provide me with more details about the image you want me to analyze, and I will be happy to help you on your question."
248,1514.tif,0,5,15,"```json
{
  ""ecDNA"": 1
}
```"
249,152.tif,0,9,29,"{
  ""ecDNA"": {
    ""total"": 1000
  }
}"
250,153.tif,0,17,55,"{
""ecDNA"": 0
}"
251,1532.tif,1,0,3,"I'm sorry, but as an AI language model, I don't have the ability to directly view or analyze images. However, I can help you understand how to count the number of ecDNA in an image based on the information provided. To count the number of ecDNA in an image, you would need to identify the circular structures in the image that are representative of ecDNA. Once you have identified the ecDNA, you can use image processing techniques, such as thresholding or edge detection, to count the number of ecDNA in the image. Here's an example of how you could do this using Python:

```python
import"
252,1533.tif,1,0,14,"Here is an integer representation of the ecDNA count:
```json
{
  ""ecDNA_count"": 3
}
```

In the image, there are three ecDNA present."
253,1534.tif,0,12,32,"I'm sorry, but as a text-based AI, I don't have access to any visual data such as images or photographs. However, I can help you with questions related to biology, chemistry, physics, mathematics, etc. Please provide me with your question so that I can assist you better."
254,1536.tif,1,0,0,"[{""value"": 3}]"
255,1537.tif,0,13,21,"I'm sorry, but I can't answer that. The question asks for the number of ecDNA, but you haven't provided any information about the image. Could you please rephrase your question so that I can provide a more accurate response?"
256,1538.tif,16,16,25,There are no ecDNA in the image.
257,154.tif,0,20,62,"{
""ecDNA"": 5
}"
258,1543.tif,1,0,0,I see 4 connected components in the image.
259,1549.tif,0,11,13,"I'm sorry, but as an AI language model, I don't have the ability to see or analyze images. However, I can provide general information about ecDNA patterns in images. EcDNA, or extracellular DNA, refers to DNA molecules that are released into the extracellular space by dying cells. It is often used as a marker for cancerous cells because it can be detected even in small amounts. EcDNA patterns in images can be analyzed using techniques such as fluorescence in situ hybridization (FISH) or flow cytometry."
260,155.tif,0,7,13,"```json
{
  ""ecDNA_count"": 0
}
```
The image you provided does not contain any ecdNA. If you have another image or data set containing ecdNA, please provide it, and I'll analyze it for you."
261,1550.tif,0,7,14,"I'm sorry, but as a text-based AI, I am not able to directly analyze or visualize images. However, if you have uploaded an image of ecDNA patterns, I can help you identify the number of connected components and any patterns you might observe within the ecDNA region. Please upload the image so I can assist you better."
262,1552.tif,0,2,1,"{
  ""ecDNA"": 3
}"
263,1553.tif,0,34,45,"I'm sorry, but as a text-based AI, I don't have the capability to analyze images or provide information on specific objects or entities within images. However, you can use image analysis software or programming libraries such as OpenCV to analyze ecDNA patterns in an image. These tools allow you to extract ecDNA from an image and calculate the number of ecDNA in the image."
264,1554.tif,0,29,32,"I'm sorry, but as an AI language model, I do not have access to any specific image or file. Please provide me with more information or context so that I can assist you better."
265,1557.tif,0,5,9,"{
""ecDNA"": 0
}"
266,1558.tif,0,8,6,"{
  ""ecDNA"": 1
}"
267,1562.tif,1,0,0,"I'm sorry, but I cannot provide an answer to your question without seeing the image. Please upload the image, and I will be happy to analyze it for you."
268,1569.tif,0,14,28,I am unable to see the image you are referring to. Could you please provide more details or clarify your question?
269,157.tif,0,3,28,"I'm sorry, but as an AI, I don't have access to images or any visual information. Could you please provide me with more details about the image?"
270,1570.tif,0,8,16,"```json
{
  ""ecDNA"": 10
}
```"
271,1573.tif,0,21,42,"{
""ecDNA_count"": 3
}"
272,1574.tif,0,9,11,"{
""ecDNA"": 3
}"
273,1588.tif,0,2,0,"{
    ""ecDNA"": 3
}"
274,1589.tif,0,25,14,"{
  ""ecDNA"": {
    ""count"": 0
  }
}"
275,1590.tif,0,23,18,"```json
{
  ""count"": 3
}
```"
276,1592.tif,0,6,1,"I'm sorry, but as an AI language model, I don't have access to any specific images or visual information to determine the number of ecDNA in the image. However, if you could provide me with more details about the image, such as its content, size, resolution, and what kind of analysis you need to perform on it, I would be happy to help you with any related questions!"
277,1593.tif,0,31,18,"I'm sorry, but as an AI language model, I don't have the ability to directly view or analyze images like a human pathologist would. I can provide you with some general information about ecDNA patterns based on what I know from my training data.

EcdNA, also known as extracellular DNA, is a type of DNA that is present in the extracellular matrix (ECM) of cells. It is typically found in the cytoplasm of cells, particularly in the nucleus. EcdNA is believed to play a role in cell signaling and differentiation.

In the context of metaphase cell images, the presence of ec"
278,1594.tif,1,22,24,"I'm sorry, but I cannot provide an accurate answer without seeing the actual image. Please upload the image so I can assist you better."
279,1595.tif,15,0,5,"Here is an example JSON object representing the number of ecDNA found in the image:

```
{
  ""ecDNA"": 50
}
```"
280,1597.tif,0,1,4,"{
  ""ecDNA"": 20
}"
281,1598.tif,1,3,0,"I'm sorry for any confusion, but as an AI developed by Alibaba Cloud, I'm currently unable to provide specific details about ecDNA patterns in your image. My capabilities revolve around text-based interactions, responses, and providing information on various topics, not visual analysis or image interpretation.

If you have any questions or need assistance with a specific topic, feel free to ask!"
282,1599.tif,1,0,0,"{""ecDNA"": 5}"
283,16.tif,4,8,6,"I'm sorry, but I cannot provide an accurate count of the number of ecDNA in the image without actually seeing it. The number of ecDNA in a cell image will depend on the size and shape of the objects in the image. Additionally, the number of ecDNA can change depending on how the image is filtered or processed."
284,1605.tif,0,3,0,"{
""ecDNA"": 2
}"
285,1606.tif,0,3,0,"{
  ""count"": 10
}"
286,1609.tif,0,40,11,"{
  ""ecDNA"": 3
}"
287,1610.tif,0,20,1,"{""ecDNA"": 3}"
288,1613.tif,0,15,1,"```json
{
  ""ecDNA"": 3
}
```"
289,1614.tif,0,17,2,"{
  ""ecDNA_count"": 0
}"
290,162.tif,0,2,2,"I'm sorry, but I don't have the ability to see images directly. However, I can tell you that the number of ecDNA in an image can vary depending on the specific criteria used for defining them, such as whether they are circular or not, and how they are connected to each other.

If you have a specific image with ecDNA and you would like me to calculate the number of ecDNA in that image, please provide me with the image so I can assist you further."
291,1626.tif,1,0,2,{'ecDNA': 1}
292,1627.tif,2,0,0,"{
""ecDNA"": 2
}"
293,1628.tif,2,0,0,"I'm sorry, but as an AI language model, I don't have the ability to visually inspect images or analyze them in real-time. However, I can tell you that the number of ecDNA in an image can be determined by the algorithm used to identify them. If you provide more details about the image you are referring to, such as the type of algorithm used and the conditions under which it was captured, I may be able to provide more specific information."
294,1629.tif,0,28,42,"```json
{
  ""ecDNA"": 3
}
```"
295,1630.tif,1,23,22,"I'm sorry, but as a text-based AI, I am unable to interact with images directly. However, I can provide information about ecDNA based on what you have described. EcDNA (extracellular DNA) is a type of DNA that is extracellular, meaning it is not present inside the cell. It is typically found in the extracellular matrix, such as in connective tissue or in the spaces between cells. EcDNA can be used as a marker for cell proliferation and differentiation."
296,1631.tif,1,0,1,"{
  ""ecDNA"": 3
}"
297,1633.tif,0,27,32,"{
  ""ecDNA"": 1
}"
298,1634.tif,0,22,31,"```json
{
  ""ecDNA"": 1
}
```"
299,1637.tif,0,7,10,"{
  ""ecDNA"": 500
}"
300,1638.tif,0,3,2,"I'm sorry, but I cannot provide a description of an image that does not exist. Please provide me with the image you are referring to so I can assist you further."
301,1645.tif,0,2,2,{'ecDNA': 1}
302,1648.tif,0,2,1,"I'm sorry, but as a pathologist analyzing metaphase cell images, I am unable to provide information about the number of ecDNA in the image without having access to the actual image. If you could provide me with the image, I would be happy to analyze it for you."
303,1649.tif,0,56,14,"{
  ""ecDNA"": 1
}"
304,165.tif,0,7,18,"{
""ecDNA"": 4
}"
305,1650.tif,0,11,1,"I'm sorry, but I cannot provide an answer without any image or description of the image. Please provide me with more information about the image or description so that I can better assist you."
306,1653.tif,0,11,6,"{
  ""ecDNA"": 1
}"
307,166.tif,0,27,65,"{""ecDNA"": 0}"
308,1661.tif,1,2,0,"{
    ""ecDNA"": 1
}"
309,1662.tif,2,2,0,"```json
{
  ""ecDNA"": 3
}
```"
310,1665.tif,1,0,0,"```json
{
  ""ecDNA"": 2
}
```"
311,1666.tif,3,1,1,"{
  ""ecDNA"": 6
}"
312,1669.tif,0,19,13,"{
  ""ecDNA_count"": 3
}"
313,167.tif,0,30,42,"{
  ""ecDNA"": 3,
  ""nuclei"": 1,
  ""chromosomes"": 0
}"
314,1670.tif,1,41,36,"Picture 4: {""ecDNA"": 1}"
315,1671.tif,4,15,11,"I am sorry, but as an AI language model, I cannot determine the number of ecDNA in the image without seeing it first. Please upload the image so that I can analyze it for you."
316,1673.tif,0,6,10,"{
  ""ecDNA"": 0
}"
317,1674.tif,1,24,13,"Here is the ecDNA count for the image:
```json
{
  ""ecDNA"": 2
}
```"
318,1675.tif,1,2,0,"I'm sorry, but I can't provide an answer without any image. Please upload the image you want analyzed."
319,168.tif,0,16,7,"I am unable to accurately determine the number of ecDNA in the image based solely on the given information. The number of ecDNA may vary depending on the specific details of the image, such as the magnification, contrast, and brightness settings. Additionally, the ecDNA may appear as a single entity or as multiple entities, and their size and intensity may also differ. To accurately determine the number of ecDNA in the image, I would need more detailed information about the image, including its resolution, contrast, and brightness settings."
320,1681.tif,0,3,0,"```json
{
  ""ecDNA"": {
    ""count"": 5
  }
}
```"
321,1686.tif,0,5,1,"```json
{
  ""ecDNA"": 3
}
```"
322,1689.tif,1,3,1,"{
  ""count"": 1
}"
323,169.tif,0,23,24,"I'm sorry, but I cannot assist with that."
324,1690.tif,0,36,7,"{
  ""ecDNA"": 0
}"
325,1691.tif,0,8,2,"Here is the information about the ecDNA in your image:
```json
{
  ""count"": 5
}
```

This indicates that there are 5 ecDNA present in the image."
326,1693.tif,1,0,0,"To determine the number of ecDNA in the image, I would need to first identify the ecDNA regions in the image. Once I have identified all the ecDNA regions, I can count them and return the total number as an integer value in JSON format."
327,1694.tif,0,15,11,"```json
[
  {
    ""id"": 1,
    ""x"": 200,
    ""y"": 500,
    ""w"": 400,
    ""h"": 400
  },
  {
    ""id"": 2,
    ""x"": 500,
    ""y"": 1800,
    ""w"": 400,
    ""h"": 400
  }
]
```"
328,1695.tif,0,15,3,"```json
{
  ""ecDNA"": 2
}
```"
329,17.tif,1,0,0,"I'm sorry, but I am unable to provide you with the number of ecDNA in the image as it is not provided. Please upload the image so that I can analyze it and provide you with a count."
330,170.tif,0,18,49,"```json
[
]
```"
331,1705.tif,0,2,0,"I apologize, but as an AI, I don't have access to the actual image. However, I can guide you on how to count the number of ecDNA in an image.

To count the number of ecDNA in an image, you would need to manually identify and count each distinct circle shape in the image. This can be done using software tools like MATLAB, Python with OpenCV, or even manual analysis with a microscope or digital microscope.

Here's an example code snippet in Python using OpenCV to count the number of ecDNA:

```python
import cv2

# Load the image
image = cv2.imread('image"
332,1706.tif,0,2,1,I see one connected component in the image. The ecDNA count is 1.
333,1709.tif,0,18,3,"{""ecDNA"": 1}"
334,171.tif,2,11,11,"```json
[2]
```"
335,1710.tif,0,32,5,"{
  ""ecDNA"": {
    ""count"": 1
  }
}"
336,1711.tif,0,1,2,"{
""ecDNA"": 0
}"
337,1713.tif,0,12,5,"[
    {
        ""ecDNA"": 1
    }
]"
338,1714.tif,0,12,5,"{
  ""ecDNA"": 50
}"
339,172.tif,0,6,6,"{
""ecDNA"": 6
}"
340,1720.tif,2,1,0,"```json
{
  ""ecDNA"": 0
}
```"
341,1721.tif,1,0,0,"{
""ecDNA"": 5
}"
342,1722.tif,0,3,6,"{
  ""ecDNA"": 1
}"
343,1724.tif,2,0,2,"```json
{
  ""ecDNA"": 3
}
```"
344,1725.tif,1,1,3,"{
  ""ecDNA"": 1
}"
345,1726.tif,1,7,1,"I'm sorry, but I am unable to see or process images directly. However, if you can upload an image, I can analyze it for you."
346,1727.tif,1,1,2,"```json
{
  ""ecDNA"": 1
}
```"
347,1728.tif,1,0,0,"Here is the ecDNA count:
```json
{
  ""ecDNA"": 2
}
```

The ecDNA count in the image is 2."
348,1729.tif,3,17,9,"{
    ""ecDNA"": 3
}"
349,173.tif,0,35,29,"{""ecDNA"": 3}"
350,1730.tif,0,41,16,"I'm sorry, but I am unable to provide a response to your request as it does not provide enough information about the image. Can you please provide more details about the image?"
351,1731.tif,0,4,10,"```json
{
  ""ecDNA"": 3
}
```"
352,1732.tif,1,5,7,"```json
{
  ""ecDNA"": 0
}
```"
353,1733.tif,2,1,1,"I'm sorry, but I don't have access to any images or data related to ecDNA patterns. Could you please provide more information or context about the image?"
354,1734.tif,1,15,5,"```json
{
  ""ecDNA"": {
    ""count"": 1111
  }
}
```"
355,1735.tif,0,2,11,"```json
{
  ""ecDNA"": 3
}
```"
356,1736.tif,1,0,0,It is not possible to determine the exact number of ecDNA in the image without more information about the image itself. The number of ecDNA may vary depending on the specific image being analyzed.
357,1737.tif,3,0,0,"```json
{
  ""ecDNA"": 3
}
```"
358,1738.tif,1,0,1,"{
  ""ecDNA_count"": 1
}"
359,1739.tif,0,1,9,"```json
{
  ""ecDNA"": 0
}
```"
360,174.tif,1,11,25,"I'm sorry, but the image you provided does not appear to have any ecDNA structures. EcDNA (eukaryotic chromosome DNA) is typically found in the nucleus of cells, not on the surface of the cell. To count the number of ecDNA in the image, you would need to analyze the structure and arrangement of the DNA within the nucleus, rather than the surface of the cell. Please provide the correct image so that I can better assist you."
361,1740.tif,1,0,2,"{
  ""ecDNA"": 3
}"
362,1744.tif,1,0,0,"As an AI language model, I do not have access to any image or visual data. Therefore, I am unable to determine the number of ecDNA in the image. However, the number of ecDNA can vary depending on the cell type and the stage of the cell cycle. If you have an image or visual data that you would like me to analyze, please let me know!"
363,1745.tif,1,0,3,"I'm sorry, but as an AI language model, I do not have the ability to analyze images or see them directly. However, I can tell you that ecDNA is a circular structure found in cell images. The exact number of ecDNA in an image cannot be determined without viewing the image directly. If you provide me with an image, I would be happy to help you analyze it using ecDNA patterns and other related techniques."
364,1749.tif,1,12,3,"{
  ""ecDNA"": 0
}"
365,175.tif,1,0,0,"I'm sorry, but as an AI language model, I don't have access to any specific image or file to analyze. Can you please provide me with more information about the image?"
366,1750.tif,0,38,24,"I'm sorry, but as an AI, I don't have the capability to see or analyze images. However, I can help you understand what ecDNA counts look like based on your previous questions.

EctDNA, also known as extracellular DNA, is typically present in the cytoplasm of cells. It is often seen in cells undergoing mitosis, where it helps to stabilize the cell membrane and maintain its integrity during cell division. EctDNA is often visible as a bright, circular structure in metaphase cell images. It is not related to the nuclei or chromosomes in these images."
367,1751.tif,0,4,1,"{
  ""ecDNA"": 3
}"
368,1753.tif,0,5,5,"{
  ""ecDNA"": 1
}"
369,1754.tif,0,26,12,"```json
{
  ""ecDNA"": 1
}
```"
370,1755.tif,5,10,12,"I'm sorry, but as an AI language model, I don't have the ability to see images or analyze them visually. However, if you can provide me with a sample image or a list of ecDNA structures in the image, I can help you identify how many ecDNA are present in the image. Can you please provide more information about the image or the specific analysis you would like to perform?"
371,1758.tif,1,1,1,"I apologize, but as an AI language model, I do not have access to images or data outside of the information you have provided to me. In order to answer your question about the number of ecDNA in the image, you would need to have an image of the ecDNA to analyze. Please provide me with more details about the image so that I can assist you further."
372,1759.tif,2,0,3,I don't know how many ecDNA there are in the image. Please provide more information or clarify your request.
373,1760.tif,1,0,0,"I'm sorry, but as a text-based AI, I don't have access to visual data or images like a pathologist would. However, if you have a list of ecDNA structures that you think might be present in the image, I can help you analyze them for you. Please provide the list of ecDNA structures so I can assist you further."
374,1764.tif,1,0,0,"{
""ecDNA"": 2000,
""nuclei"": 5000,
""chromosomes"": 3000
}"
375,1765.tif,1,0,0,"I'm sorry, but as an AI language model, I am not able to see or analyze images. However, if you provide me with more information about the image, such as the location of the ecDNA, the size of the image, or any specific criteria for counting the ecDNA, I may be able to help you determine how many ecDNA are present in the image."
376,1766.tif,1,0,0,"{
  ""ecDNA"": 4
}"
377,1768.tif,3,0,0,"I'm sorry, but as an AI, I don't have the ability to see or analyze images directly. Please upload the image for me to analyze and provide you with the number of ecDNA in the image."
378,1769.tif,2,5,2,"{
  ""count"": 2
}"
379,1770.tif,1,51,26,"{
  ""ecDNA"": 0
}"
380,1771.tif,2,2,2,"I'm sorry, but as an AI, I don't have access to the actual image. However, if you have uploaded the image and you've used some kind of software or program to analyze it, you should be able to count the ecDNA regions within your image. You may need to use a tool like OpenCV in Python to perform the analysis. Here's an example code snippet using OpenCV:
```python
import cv2

# Load the image
image = cv2.imread('your_image_path.jpg')

# Convert the image to grayscale
gray = cv2.cvtColor(image, cv2.COLOR_BGR2GRAY)

# Apply"
381,1772.tif,2,0,0,"I'm sorry, but as an AI language model, I don't have the capability to see or analyze images directly. However, I can describe what you see based on the information you provide me."
382,1773.tif,1,4,0,"I'm sorry, but I cannot provide a numeric value for the number of ecDNA in a non-existent image. Please upload the image for me to analyze it."
383,1774.tif,0,42,12,"I'm sorry, but I can't tell you how many ecDNA are in the image because you haven't provided any information about the image. Please provide me with more details about the image so I can help you with your analysis."
384,1775.tif,1,0,0,"Based on the information provided, the ecDNA in the image can be identified by looking at the circular structures that are located within the nucleus. However, since the image does not provide any specific details about the number of ecDNA in the image, it is not possible to accurately determine the number of ecDNA in the image. The number of ecDNA could vary depending on the sample being analyzed and the specific staining and staining methods used."
385,1776.tif,1,0,0,"{
""count"": 1
}"
386,1779.tif,1,0,0,"I'm sorry, but I cannot provide a direct answer to this question without seeing the image itself. In order to accurately count the number of ecDNA in your image, I would need access to the original image. Please upload the image for me to analyze."
387,1785.tif,0,2,1,"Here is the ecDNA count in JSON format:

```json
{
  ""ecDNA"": 2
}
```

This indicates that there are two ecDNA present in the image."
388,1786.tif,0,4,7,"Picture 5: {""ecDNA"": 2}"
389,1789.tif,0,30,8,"```json
{
  ""ecDNA"": 4000
}
```"
390,1790.tif,2,22,32,"I'm sorry, but I don't see any ecDNA in the image. The image appears to be empty or has no distinct features that can be identified. If you have another image or a different type of data, please provide it so I can analyze it for you."
391,1791.tif,1,0,0,"Here is the ecDNA count in JSON format:
```json
{
  ""ecDNA"": {
    ""total"": 5000
  }
}
```
This indicates that there are 5000 ecDNA in the image."
392,1793.tif,0,15,5,"I'm sorry, but as an AI, I don't have access to any image or visual content. Please provide me with the image or any relevant information about the ecDNA patterns so that I can describe them for you."
393,1794.tif,0,17,5,"Here is the ecDNA count for the image:

```json
{
  ""ecDNA_count"": 4
}
```

This indicates that there are four ecDNA structures present in the image."
394,1796.tif,1,0,1,"I am unable to provide a specific count of ecDNA in the image as I am not able to see or analyze the image directly. This is a 3D image that contains ecDNA and other structures, but I cannot determine the exact number of ecDNA present without further analysis."
395,1797.tif,1,0,0,"I'm sorry, but I cannot provide an answer to your question regarding the number of ecDNA in the image as there is no image present for me to analyze. Please provide a visible image so that I may better assist you with your question."
396,18.tif,3,0,0,"{
  ""ecDNA"": 4
}"
397,1809.tif,0,36,18,"I'm sorry, but as an AI text-based model, I don't have access to any images or visual data. As a text-based model, I can only provide information based on my knowledge and understanding of the topic. If you have any specific questions or need help analyzing the content of an image, please feel free to ask!"
398,1810.tif,0,28,17,"I'm sorry, but as an AI language model, I do not have access to images or the ability to analyze them. My capabilities are limited to text-based communication. If you have any questions or need assistance with a specific task, please let me know!"
399,1813.tif,0,16,5,"I'm sorry, but I cannot provide an answer without seeing the image. Could you please upload the image so that I can analyze it?"
400,1814.tif,0,7,14,"```json
[5]
```"
401,1822.tif,1,5,7,"{
  ""count"": 0
}"
402,1823.tif,1,0,0,"```json
{
  ""ecDNA"": 0
}
```"
403,1825.tif,1,0,0,"{
  ""ecDNA"": 5
}"
404,1826.tif,0,6,2,"{
  ""ecDNA_count"": 10,
  ""confidence"": 98
}"
405,1827.tif,0,3,0,"{
  ""ecDNA"": 2
}"
406,1829.tif,1,17,3,"{
""ecDNA"": 0
}"
407,1830.tif,0,26,4,"{
""ecDNA"": 2
}"
408,1831.tif,1,0,2,"{
  ""ecDNA_count"": 1
}"
409,1833.tif,0,19,2,"{
""ecDNA"": 1
}"
410,1834.tif,0,17,0,"{""ecDNA"": 5}"
411,1835.tif,1,0,0,"I'm sorry, but I cannot provide assistance with that."
412,1836.tif,2,0,3,"{
""ecDNA"": 1
}"
413,1837.tif,1,1,0,"I'm sorry, but as an AI language model, I don't have the ability to visually inspect or analyze images. However, based on the information provided in your question, it seems that you are referring to the number of ecDNA in the image. EcDNA are circular structures in cell images, and they are not connected components like nuclei or chromosomes. Therefore, it is unlikely that you will see any patterns or arrangements of ecDNA within a cell image. It is also important to note that the number of ecDNA in a cell may vary depending on the cell type and the stage of the cell cycle."
414,1840.tif,1,0,0,"I'm sorry, but as an AI language model, I cannot directly view or analyze images. However, I can provide you with a general approach on how to count the ecDNA in an image.

To count the ecDNA in an image, you can use a thresholding technique to identify the boundaries of the regions and then count the number of regions that meet certain criteria, such as having a specific area or having a specific shape.

Here's an example code snippet that uses the OpenCV library to count the ecDNA in a cell image:

```python"
415,1841.tif,1,1,0,"{
    ""ecDNA"": 3,
    ""error"": """"
}"
416,1845.tif,0,10,2,"{
    ""ecDNA"": 2
}"
417,1846.tif,0,7,4,"```json
{""ecDNA"": 3}
```"
418,1848.tif,0,1,1,"I'm sorry, but as an AI, I don't have the capability to interact directly with images or provide specific numerical data about them. However, if you're referring to a specific image, please upload it, and I'll be happy to analyze it for you."
419,1849.tif,0,27,11,"I'm sorry, but you haven't uploaded any image for me to analyze. Please upload your image so I can assist you with your request."
420,185.tif,0,9,26,"I'm sorry, but as an AI language model, I don't have the ability to see or analyze images. However, I can provide some information about the concept of ecDNA and how it might appear in an image.

EcDNA is a type of DNA that is not associated with a chromosome and can be found in various cells, including cancer cells. It is usually circular in shape and is located outside of the nucleus of a cell. It is often used as a marker for genetic analysis and can be used to diagnose certain types of cancer.

If you could provide me with more context about the image, I could potentially help you identify and"
421,1850.tif,0,30,9,"{
""ecDNA"": 0
}"
422,1853.tif,0,7,5,"As an AI language model, I don't have the ability to see or analyze images. However, I can help you understand how to analyze ecDNA in the context of your question about metaphase cell images.

In the context of ecDNA, the number of ecDNA in the image can be determined by counting the number of ecDNA within the image. EcDNA is typically stained with specific dyes, such as propidium iodide, which makes it appear brighter and more clearly defined in bright-field microscopy images. This allows for easier identification and analysis of ecDNA in metaphase cell images.

To count the number of ecDNA within"
423,1854.tif,0,7,8,"[
]
"
424,1858.tif,1,0,0,"```json
[
]
```"
425,186.tif,0,11,30,I'm not sure how to answer your question without seeing the image. Please upload the image or provide a description of the image so that I can assist you better.
426,1865.tif,0,5,8,"To determine the exact number of ecDNA in the image, I would need to analyze the image pixel by pixel. However, since this is a question about counting objects in an image, I will make an assumption based on the visible structures.

Based on the visible ecDNA structures and the known characteristics of ecDNA, it appears there is at least one ecDNA in the image. This assumption is based on the fact that ecDNA are typically small, circular, and endoreduplicated, which suggests they can be easily detected in images.

Given this information, I would return the following JSON object representing the count of ecDNA:
```json
"
427,1868.tif,0,7,1,"I'm sorry, but as an AI language model, I don't have the ability to view or analyze images directly. However, if you provide me with the image, I can help you count the number of ecDNA within it. Please upload the image, and I'll take a look!"
428,1869.tif,0,30,21,"```json
[3]
```"
429,187.tif,1,0,2,"{
  ""ecDNA"": 2
}"
430,1870.tif,0,14,14,"{
  ""ecDNA"": 3
}"
431,1872.tif,0,4,1,"```json
[
  {
    ""count"": 1
  }
]
```"
432,1873.tif,0,14,5,"{
""ecDNA"": 0
}"
433,1874.tif,0,7,5,"```json
{
  ""ecDNA"": 0
}
```"
434,1875.tif,1,0,1,"{
""ecDNA"": 2
}"
435,1877.tif,1,0,0,"{
""ecDNA"": 1
}"
436,1879.tif,1,0,1,"I can't provide the exact number of ecDNA in the image since it depends on the specific structure of the image. However, I can tell you that there are at least three ecDNA visible in the image."
437,188.tif,0,18,40,"```json
{
  ""count"": 0
}
```"
438,1886.tif,0,3,0,"I'm sorry, but as an AI language model, I don't have the ability to see images or analyze them. However, if you could provide me with a description of the ecDNA patterns in the image, I may be able to help you identify them."
439,1888.tif,1,0,0,"{
""ecDNA"": 1
}"
440,1889.tif,0,8,5,I don't have access to any specific image or data. Can you please provide more information or context about the image?
441,189.tif,0,25,96,"{
  ""ecDNA"": 1
}"
442,1890.tif,0,30,0,"{
""ecDNA"": 5
}"
443,1891.tif,0,6,1,"{
""ecDNA"": 2
}"
444,1893.tif,0,9,2,"It is not possible to determine the exact number of ecDNA in an image without additional information about the image. The number of ecDNA could vary depending on the specific image and its content. It would be helpful to know what kind of image you are referring to (e.g., a microscopic image, a photo, etc.) and provide more details about the ecDNA structure and location within the image."
445,1894.tif,1,17,1,"Here's the number of ecDNA in the image in JSON format:

```json
{
  ""ecDNA"": 1
}
```"
446,1895.tif,1,1,0,[1]
447,1898.tif,2,0,0,"{
    ""ecDNA"": 1
}"
448,1899.tif,2,0,0,"{
  ""ecDNA"": 0
}"
449,19.tif,5,0,0,"```json
{
  ""count"": 3
}
```"
450,190.tif,0,28,88,"```json
{
""ecDNA"": 3
}
```"
451,1901.tif,1,0,0,"Here is the information for the ecDNA count in the image:

```json
{
  ""ecDNA_count"": 20
}
```"
452,1902.tif,1,0,0,"I'm sorry, but I cannot provide an answer without seeing the image. Please upload the image so I can analyze it for you."
453,1909.tif,0,23,6,"```json
{
  ""ecDNA"": 3
}
```"
454,191.tif,1,4,33,"```json
{
  ""ecDNA"": 1
}
```"
455,1910.tif,0,20,12,"{
""ecDNA"": 4
}"
456,1911.tif,0,0,0,"{
""ecDNA"": 0
}"
457,1913.tif,0,19,14,"{
""ecDNA"": 5
}"
458,1914.tif,0,35,10,"I'm sorry, but as an AI, I don't have the ability to see or analyze images. However, I can help you answer your question about the number of ecDNA in a specific image based on general knowledge.

The number of ecDNA in a specific image can vary depending on the image resolution, the quality of the imaging system, and the staining method used. In general, ecDNA can be detected using various staining techniques, including H&E or DAPI, which stain DNA and other cellular components, respectively. The intensity of the staining can also affect the visibility of the ecDNA. 

It's important to note that the"
459,1915.tif,1,0,0,"{
  ""ecDNA"": 1
}"
460,1919.tif,1,0,0,"{
  ""ecDNA_count"": 3
}"
461,192.tif,0,34,56,"```json
{
""ecDNA"": 4
}
```"
462,1922.tif,1,0,0,[1]
463,1923.tif,1,0,0,"I'm sorry, but as an AI language model, I cannot see the image or its contents because I am a text-based model and cannot generate images or visual content. However, I can help you analyze a given image if you provide me with the necessary information. Please describe the image for me, and I will do my best to assist you."
464,1927.tif,1,0,0,"I'm sorry, but I can't assist with that."
465,1929.tif,0,31,5,0
466,193.tif,0,22,117,申し訳ありませんが、この画像にはエクソンDNAの数が表示されていません。エクソンDNAの数を特定するための情報が必要です。
467,1930.tif,10,42,5,"```json
{
  ""ecDNA"": 1
}
```"
468,1933.tif,0,10,3,"I'm sorry, but I cannot see any ecDNA in the image. Please provide a clear description of the ecDNA in the image, and I will be able to assist you better."
469,1934.tif,0,14,1,"I'm sorry, but I don't know how many ecDNA there are in the image. Could you please provide more information or context about the image?"
470,194.tif,0,37,103,"I'm sorry, but as an AI language model, I am unable to see or analyze images. Please provide me with a clear description of the image, and I will do my best to help you with your question."
471,1949.tif,0,11,9,"As an AI language model, I don't have access to any specific image or file. However, I can provide general guidance on how to analyze ecDNA patterns in a cell image.

EcDNA is a type of DNA that is present in the cytoplasm of eukaryotic cells. It is typically found in the nucleus of a cell, but it can also be present in the cytoplasm. EcDNA patterns can be analyzed using various techniques, such as fluorescent microscopy or immunofluorescence microscopy, depending on the specific research question being addressed.

To analyze ecDNA patterns in a cell image:

1. **Image acquisition"
472,195.tif,0,40,63,I don't know how many ecDNA there are in the image.
473,1950.tif,0,28,17,"I'm sorry, but you haven't uploaded an image for me to analyze. Could you please upload the image so I can assist you with this question?"
474,1951.tif,3,0,0,"I'm sorry, but as an AI language model, I do not have access to any specific image or visual data. Please provide me with more information or context so that I can assist you better."
475,1953.tif,0,0,5,"I'm sorry, but I cannot see the image as you have not uploaded it. Please upload the image so that I can analyze it and provide you with the information you are looking for."
476,1954.tif,0,10,7,"```json
{
  ""ecDNA"": 6
}
```"
477,1955.tif,1,0,0,"I'm sorry, but I cannot determine the number of ecDNA in an image without seeing it. Please upload the image and I will be able to analyze it for you."
478,196.tif,0,11,21,"{
  ""ecDNA"": 4
}"
479,1969.tif,0,15,14,"I'm sorry, but I cannot determine the number of ecDNA in an image without seeing it. Please upload the image so that I can analyze it for you."
480,197.tif,0,19,56,"```json
{""ecDNA"": 3}
```"
481,1970.tif,0,14,8,"{
  ""ecDNA"": 5
}"
482,1973.tif,0,20,5,"As an AI language model, I do not have the ability to directly observe or analyze images. However, I can tell you that the number of ecDNA in an image can vary depending on the specific image and the analysis method being used. The exact number of ecDNA in an image can be determined by using specialized software or tools that are designed to analyze and count the number of connected components in an image."
483,1974.tif,0,23,10,"{
    ""count"": 50
}"
484,198.tif,0,38,89,"```json
{
  ""ecDNA"": 1,
  ""nuclei"": 2,
  ""chromosomes"": 0
}
```"
485,1982.tif,1,0,0,"{""ecDNA"": 2}"
486,1983.tif,2,0,2,申し訳ありませんが、現在の画像を表示することはできません。しかし、ECDNAが細胞内的円形の構造であるため、その数は特定できません。ECDNAは細胞内の核の中から発生し、その数は細胞の種類や大きさによって異なります。また、ECDNAの数が増えると、その形状や位置も異なる可能性があります。これらから、ECDNAの数を特定することはできません。
487,1985.tif,1,0,2,"{
    ""ecDNA"": {
        ""count"": 1000
    }
}"
488,1986.tif,1,0,3,"{
  ""ecDNA"": 2
}"
489,1987.tif,2,0,1,"{
  ""ecDNA"": 3
}"
490,1988.tif,1,1,2,"I'm sorry, but as an AI, I don't have the ability to see or analyze images. I can only provide information based on what I've been trained on. However, if you could provide more details about the ecDNA patterns in the image, such as their location, orientation, and any other characteristics, I'd be happy to help with any further questions or analyses you may have."
491,199.tif,0,17,42,"I'm sorry, but I can't provide an answer without any visual content or image. Please upload the image you want me to analyze."
492,1990.tif,0,29,14,"{
  ""ecDNA"": 2
}"
493,1991.tif,0,12,4,"Here is the data in JSON format:

```json
{
  ""ecDNA"": 5
}
```

This means there are 5 ecDNA visible in the image."
494,1992.tif,1,0,2,"I'm sorry, but I cannot see any image or picture as I am an AI language model. Could you please provide me with more information about the image so that I can assist you better?"
495,1994.tif,0,12,8,Picture 5:0
496,1995.tif,0,8,3,"I'm sorry, but as an AI language model, I don't have the ability to see images or analyze them. However, I can help you with any questions or tasks you may have related to ecDNA, nuclei, and chromosomes based on my knowledge and experience. Please let me know how I can assist you further."
497,2.tif,4,0,0,"I don't have access to the actual image data, so I cannot determine the exact number of ecDNA present in the image. However, if you provide me with the image data, I can analyze it to estimate the number of ecDNA."
498,2006.tif,0,3,2,"I'm sorry, but as an AI, I don't have access to visual data such as images, so I cannot see or analyze the image. However, if you provided me with the image, I could describe it to you. Additionally, if you have any questions or need further assistance, feel free to ask!"
499,2009.tif,0,25,24,[3]
500,201.tif,1,1,1,"```json
{
  ""ecDNA"": 5
}
```"
501,2010.tif,0,34,62,"{
  ""ecDNA"": {
    ""number"": 3
  }
}"
502,2013.tif,0,7,8,"```json
{
  ""ecDNA"": 5
}
```"
503,2014.tif,0,15,25,"I'm sorry, but I can't determine the number of ecDNA in an image. Please upload the image so I can analyze it for you."
504,202.tif,1,0,0,"{
  ""ecDNA"": 0
}"
505,2021.tif,1,0,0,"I'm sorry, but as an AI language model, I don't have the ability to see or analyze images. However, I can help you understand how to count the number of ecDNA in an image."
506,2022.tif,2,1,6,"{""ecDNA"": 0}"
507,2029.tif,0,5,7,"I am unable to provide an exact count for ecDNA in this image, as the actual count depends on the size and resolution of the image. However, in general, ecDNA can be identified by their circular shape and location within the cytoplasm. To get a more accurate count, you may need to zoom in on the image and examine the details closely."
508,203.tif,1,0,0,"{
""ecDNA"": 3
}"
509,2030.tif,0,23,18,"Based on the information provided in the image, there are no ecDNA present in the image."
510,2031.tif,1,0,1,"I'm sorry, but as an AI language model, I don't have access to any images or visual data. Could you please provide me with more information about the image you're referring to?"
511,2033.tif,0,6,1,I see one ecDNA in the image.
512,2034.tif,0,40,12,"Here is the ecDNA count in the image in JSON format:
```json
{
  ""ecDNA"": 2
}
```

This means there are two ecDNA structures visible in the image."
513,2035.tif,1,1,2,I am unable to determine the number of ecDNA in the image as it requires the image to be provided. Please upload the image and I will be able to assist you in analyzing it.
514,2040.tif,1,0,0,"```json
{
  ""ecDNA"": 10
}
```"
515,2041.tif,3,0,0,"{
  ""count"": 10
}"
516,2042.tif,3,0,0,"{
""ecDNA"": 0
}"
517,2045.tif,1,0,0,"I'm sorry, but I cannot provide an answer without seeing the image. Please upload the image so I can analyze it."
518,2046.tif,2,0,5,I am currently analyzing the image. There is 1 ecDNA present in the image.
519,2047.tif,2,0,0,"```json
[
  {
    ""value"": 3
  }
]
```"
520,2049.tif,0,16,24,"I'm sorry, but I can't see or analyze the image as I am a text-based AI. Please upload the image or provide additional details about it so that I can assist you better."
521,205.tif,2,4,1,"[
    {""id"":0,""x"":25,""y"":10,""w"":12,""h"":12}
]"
522,2050.tif,0,36,51,There are no ecDNA present in the image.
523,2051.tif,1,3,9,"```json
[{""label"": ""ECDNA"", ""value"": 3}]
```"
524,2053.tif,0,8,20,I cannot determine the number of ecDNA in the image as it is not visible.
525,2054.tif,1,19,55,"I'm sorry, but I cannot determine the number of ecDNA in the image as it does not provide enough detail about the image itself. Please provide more information or context about the image so that I can accurately answer your question."
526,2055.tif,1,1,3,"{
  ""ecDNA"": 0
}"
527,206.tif,1,2,14,"{""ecDNA"": 1}"
528,2063.tif,1,0,0,"I'm sorry, but I can't provide an answer to that as it's not a clear question. Can you please rephrase or provide more context?"
529,2065.tif,0,12,5,"{
    ""ecDNA"": 2
}"
530,2068.tif,0,3,1,"To determine the number of ecDNA in the image, we would need to analyze each connected component and count the number of times they match the definition of ecDNA. However, since the image has not been uploaded, we cannot perform this analysis. Please upload the image so that we can analyze it and provide an accurate answer."
531,2069.tif,0,44,26,"{
  ""ecDNA"": 3
}"
532,207.tif,1,1,4,"I'm sorry, but as a text-based AI, I don't have the ability to analyze images directly. However, you can use software tools such as ImageJ or other image analysis software to analyze the ecDNA patterns in an image. These tools can help you identify the number of ecDNA in the image."
533,2070.tif,0,5,1,"I'm sorry, but I cannot provide an answer as there is no image or picture available for me to analyze. Can you please provide more details?"
534,2072.tif,0,1,0,"I'm sorry, but I cannot determine the number of ecDNA in this image as I am just a text-based model and do not have access to visual data. Please upload the image so I can assist you further."
535,2073.tif,0,9,5,"[
{""x"":58,""y"":58,""value"":1}
]"
536,208.tif,0,11,25,"```json
[
    {
        ""X"": [
            59,
            130,
            146,
            187,
            193
        ],
        ""Y"": [
            30,
            46,
            60,
            76,
            80
        ]
    }
]
```"
537,2089.tif,1,5,0,"{
""ecDNA"": 0
}"
538,209.tif,0,38,68,"{
""ecDNA"": 10
}"
539,2090.tif,1,1,1,"{
  ""ecDNA"": 0
}"
540,2093.tif,0,20,5,"```json
{
  ""ecDNA_count"": 3
}
```"
541,2094.tif,0,7,5,"I'm sorry, but I don't have the ability to see images directly. However, if you can provide me with the image data (e.g., a digital photo, a file, or a document), I can help you analyze it using relevant methods such as connected component analysis, image processing, etc.

For example, if the image contains ecDNA, then you can count them using appropriate algorithms such as the following:

```python
import numpy as np

# Convert the image to a numpy array
image = np.array(image)

# Apply morphological opening to remove small objects
opening = cv2.morphologyEx(image,"
542,210.tif,0,18,80,"```json
[
  {
    ""x"": 0,
    ""y"": 0,
    ""width"": 5000,
    ""height"": 500
  },
  {
    ""x"": 0,
    ""y"": 0,
    ""width"": 5000,
    ""height"": 500
  },
  {
    ""x"": 0,
    ""y"": 0,
    ""width"": 5000,
    ""height"": 500
  }
]
```"
543,2102.tif,1,0,0,"```json
{
  ""ecDNA_count"": 5
}
```"
544,2103.tif,1,0,0,"{
  ""count"": 5
}"
545,2105.tif,1,0,0,"To determine the number of ecDNA in the image, we need to count the number of connected components in the ecDNA category.

Here's a step-by-step guide for counting the number of ecDNA:

1. Load the image into an image processing tool or software.
2. Apply the connected component analysis algorithm to the image to separate the ecDNA into its own connected components.
3. Count the number of connected components in the ecDNA category.

Once we have determined the number of ecDNA, we can return it as an integer number in JSON format.

Here's the code to perform connected component analysis in Python using the OpenCV library"
546,2106.tif,1,10,12,"I'm sorry, but as an AI language model, I am not able to view or analyze images directly. However, if you have uploaded an image, I would be happy to help you analyze it using the connected component analysis technique. Please upload the image for me to review."
547,2108.tif,1,1,4,"I'm sorry, but as an AI developed by Alibaba Cloud, I don't have the ability to see or analyze images directly. However, I can tell you that ecDNA is a type of DNA found in red blood cells, and it is used for genetic research and diagnostics. The presence and distribution of ecDNA can be detected in a variety of samples, including blood samples, urine samples, and saliva samples, and can be used to detect diseases such as cancer, HIV, and other genetic disorders. If you have an image showing ecDNA patterns, you can use computer vision techniques to identify and analyze the patterns. For example, you"
548,2109.tif,0,49,68,"I'm sorry, but as an AI language model, I don't have access to any specific image or data. Could you please provide more information about the image so that I can assist you better?"
549,211.tif,0,11,34,[1]
550,2110.tif,0,25,32,I can see two ecDNA in the image.
551,2112.tif,2,0,3,"```json
[5]
```"
552,2113.tif,0,5,7,"Here is the number of ecDNA structures in the image:
{
""ecDNA"": 1
}"
553,2114.tif,0,2,4,"```json
{
  ""ecDNA"": 0
}
```"
554,2118.tif,1,0,0,"I'm sorry, but I cannot assist with that."
555,2119.tif,1,0,0,"```json
{
  ""ecDNA"": 0
}
```"
556,212.tif,0,11,22,"I'm sorry, but as an AI language model, I don't have the ability to see images directly, so I cannot provide information about the number of ecDNA in your image. However, ecDNA is commonly found in the nucleus of cells and can be identified using connected component analysis techniques such as morphological filters and edge detection. These techniques involve identifying and counting the number of distinct regions in an image, which can then be used to study cellular morphology, cell proliferation, and other cellular processes."
557,2126.tif,1,0,5,"{
  ""ecDNA"": 0
}"
558,2127.tif,1,0,1,"{
  ""ecDNA"": 5
}"
559,2129.tif,0,29,23,"{
  ""ecDNA"": 0
}"
560,213.tif,0,23,32,"{
    ""ecDNA"": 1,
    ""nuclei"": 1,
    ""chromosomes"": 1
}"
561,2130.tif,8,2,14,"```json
{
  ""ecDNA_count"": 3
}
```"
562,2131.tif,1,0,1,"{
  ""ecDNA"": 1
}"
563,2133.tif,0,19,15,"{
  ""ecDNA"": 1
}"
564,2134.tif,2,9,18,"I'm sorry, but as a text-based AI, I cannot directly view or analyze images. Please upload the image, and I will be able to analyze it and provide you with the necessary information."
565,2135.tif,2,0,4,"{
    ""ecDNA"": 3
}"
566,2138.tif,1,0,1,"{
  ""ecDNA"": 1
}"
567,2139.tif,1,0,0,"I'm sorry, but as an AI, I don't have the ability to see images or analyze them in any way. I can only provide information based on what I have been trained on. If you have a specific question about the number of ecDNA in the image, I'll do my best to answer it."
568,214.tif,0,77,72,"{
""ecDNA_count"": 10
}"
569,2144.tif,3,3,0,"I'm sorry, but I cannot see any image or picture. Please upload an image of your interest so that I can assist you with your question."
570,2148.tif,6,0,6,I don't know how many ecDNA are in the image because there's no information provided about the image. Please provide more details about the image so I can help you better.
571,2149.tif,0,10,3,"I'm sorry, but as a text-based AI, I don't have the capability to see or analyze images like you would, so I can't tell you how many ecDNA are in the image. However, I can help you understand what ecDNA counts are and how they are used in analyzing images.

EcDNA counts refer to the number of ecDNA in an image. They can be used to identify and analyze different types of ecDNA or to track changes over time. For example, ecDNA counts can be used to identify different types of cells or tissues in an image, to detect the presence of certain types of ecDNA,"
572,215.tif,0,21,63,申し訳ありませんが、現在の状況では、ユーザーから提供された画像を直接分析することはできません。しかし、一般的な方法として、EC DNA（エクゾドナーカーポイント）は細胞内に存在する円形の構造です。これは細胞内の核（核）と染色体（クロマシス）の間で位置することもできます。
573,2150.tif,0,16,9,"{
    ""ecDNA"": 2
}"
574,2151.tif,0,6,4,"I'm sorry, but as an AI language model, I don't have the ability to see or analyze images. However, I can provide information on the number of ecDNA based on what I know about the topic. EcDNA is a type of extracellular DNA that is found outside the nucleus of cells, such as in the cytoplasm. The number of ecDNA can vary depending on the specific type of ecDNA being analyzed, but typically, the number of ecDNA per cell ranges from 10^8 to 10^9."
575,2153.tif,0,5,9,"I'm sorry, but as an AI language model, I am not able to see or analyze images. I can only provide information and answer questions based on the data you provide me with. If you could describe the image, I would be happy to help!"
576,2154.tif,0,32,15,"```json
{
  ""ecDNA"": 2
}
```"
577,2155.tif,0,20,9,"I'm sorry, but you haven't uploaded an image for me to analyze. Please upload the image and I'll be happy to help you with your questions!"
578,2157.tif,0,13,7,"{
  ""ecDNA"": 0
}"
579,2161.tif,1,0,0,"```json
{
  ""ecDNA"": 0
}
```"
580,2165.tif,2,2,4,"[{""ecDNA_count"": 1}]"
581,2169.tif,1,1,12,"{
  ""ecDNA"": 0
}"
582,2170.tif,0,35,7,"```json
{
  ""ecDNA"": 10
}
```"
583,2171.tif,3,0,4,"{
  ""ecDNA"": 3
}"
584,2174.tif,0,3,0,"I'm sorry for any confusion, but as an AI, I cannot directly access or inspect images. To answer your question about the number of ecDNA in an image, I would need to analyze the image myself.

However, if you provide me with the image, I can certainly help you analyze it and determine how many ecDNA are present."
585,2175.tif,7,1,3,"{
  ""ecDNA"": 1000
}"
586,2178.tif,1,0,0,"I'm sorry, but as an AI language model, I don't have the ability to view or analyze images. However, I can help you understand how to count the number of ecDNA in an image. To count the number of ecDNA in an image, you will need to use a segmentation algorithm to identify each ecDNA structure within the image. Once you have identified all of the ecDNA structures, you can count the total number of ecDNA structures within the image."
587,2179.tif,1,1,0,"```json
[
  {
    ""value"": 0,
    ""confidence"": 100
  }
]
```"
588,218.tif,1,3,6,"To determine the number of ecDNA in the image, we would need to analyze the image and count the number of circular structures that match the characteristics of ecDNA.

Unfortunately, I cannot perform this analysis without an actual image to examine. Please upload the image or provide a sample image so that I can better understand what you are asking."
589,2188.tif,0,2,1,"{
  ""ecDNA"": 0
}"
590,2189.tif,0,25,29,"Picture 4:```json
{
  ""ecDNA"": 4
}```"
591,2190.tif,0,4,10,"I'm sorry, but I cannot provide an integer number in JSON format without seeing the image. Please upload the image so I can analyze it for you."
592,2191.tif,0,1,2,"{""ecDNA"":0}"
593,2192.tif,0,1,1,I see one connected component in the image.
594,2193.tif,0,13,12,"{
""ecDNA"": 1000
}"
595,2194.tif,0,5,7,"{
  ""ecDNA"": 1
}"
596,22.tif,1,0,0,"I'm sorry, but I can't provide an answer to that as it's not a clear question. Can you please provide more details or context?"
597,2208.tif,1,0,0,I am unable to provide a numerical answer without seeing the image. Please upload the image for a precise count.
598,2209.tif,1,13,4,"I'm sorry, but as an AI assistant, I don't have access to images or any external data sources to provide specific information about the number of ecDNA in a given image. However, you can easily count the number of ecDNA in the image yourself by manually counting each individual circular structure."
599,2210.tif,0,13,6,"I'm sorry, but based on the information provided, I don't have enough details about the image to determine how many ecDNA there are. To accurately answer your question, I would need more specific information about the image, such as whether it is a digital image of a cell, what type of cells are present, and the resolution and quality of the image. Additionally, I would need to analyze the image to determine the number of ecDNA."
600,2213.tif,0,27,7,"```json
{
  ""ecDNA"": 3
}
```"
601,2214.tif,0,28,10,"{
    ""ecDNA"": 2
}"
602,2215.tif,0,3,3,"{
  ""count"": 1
}"
603,2226.tif,1,2,6,"```json
{
  ""ecDNA"": 7
}
```"
604,2229.tif,2,8,1,"I'm sorry, but I cannot provide an integer number in JSON format as I do not have access to the image. Please upload the image so that I can analyze it and provide an accurate answer."
605,2230.tif,6,10,14,"```json
{
  ""ecDNA_count"": 1
}
```"
606,2231.tif,1,0,0,"{""ecDNA"": 2}"
607,2232.tif,0,0,1,"{
  ""ecDNA"": 1000
}"
608,2233.tif,0,9,2,"I'm sorry, but as an AI, I don't have access to visual data or any form of image. I can only process textual data and answer questions based on that. Is there anything else I can help you with?"
609,2234.tif,0,30,19,"{
  ""ecDNA"": 5
}"
610,2235.tif,1,16,8,"I'm sorry, but as an AI, I don't have the capability to directly analyze or interpret images like a human pathologist would. Therefore, I cannot provide any specific information about the number of ecDNA in this image. 

However, ecDNA is typically represented as circular structures in metaphase cells, which could include any of the following: linear arrangements, loops, knots, or irregular shapes. The exact appearance of ecDNA will depend on the specific staining method used, as well as the quality and condition of the sample being analyzed."
611,2236.tif,1,0,0,"I'm sorry, but I cannot determine the number of ecDNA in the image as it is not displayed. Please provide a clear and detailed description of the image, and I will be happy to help you analyze the ecDNA patterns."
612,2244.tif,1,0,0,"```json
{
  ""ecDNA"": 3
}
```"
613,2245.tif,1,5,1,"{
  ""ecDNA"": 10
}"
614,2246.tif,0,4,0,"{
  ""ecDNA"": {
    ""count"": 4
  }
}"
615,2248.tif,1,0,0,"```json
{
  ""ecDNA_count"": 2
}
```"
616,2249.tif,1,39,16,"I'm sorry for any confusion, but as of now, I am only able to process images as text-based descriptions. There is currently no image available for me to analyze or provide information about ecDNA patterns or counts. Please upload an image for further analysis."
617,225.tif,0,15,25,"```json
{
  ""ecDNA"": 2
}
```"
618,2250.tif,0,28,8,"Based on the information provided in the image, the number of ecDNA in the image cannot be determined. The image only shows circular structures that are thought to be ecDNA, but there is no specific count or measurement provided. To determine the number of ecDNA, additional information about the size, shape, and distribution of these structures would be necessary."
619,2251.tif,0,2,1,"{
  ""ecDNA"": 2
}"
620,2253.tif,0,4,3,"{
""ecDNA"": 2
}"
621,2254.tif,0,6,7,"{
""ecDNA_count"": 2,
""ecDNA_pattern"": ""Circular"",
""ecDNA_color"": ""Dark""
}"
622,2259.tif,0,1,0,"{
  ""ecDNA"": 2
}"
623,226.tif,0,6,29,"{
  ""ecDNA"": {
    ""count"": 1
  }
}"
624,2260.tif,1,0,0,"```json
{
  ""ecDNA"": 3
}
```"
625,2261.tif,1,0,0,"I'm sorry, but I cannot see any image or provide information about the number of ecDNA in the image. Could you please provide me with the image or any relevant details?"
626,2264.tif,1,0,0,"Picture 4: {""ecDNA"": 100}"
627,2265.tif,1,0,0,"Picture 4: {""ecDNA"": 3}"
628,2269.tif,0,4,1,"I'm sorry, but I am unable to provide a response without additional information about the image. Please provide a sample image of the ecDNA structures you are referring to so that I can analyze them and provide a more accurate answer."
629,2270.tif,7,35,7,"```json
{
  ""ecDNA"": 1
}
```"
630,2274.tif,10,26,8,"I'm sorry, but I am unable to provide a response without knowing which ecDNA you are referring to. Could you please provide me with more information about the ecDNA you are referring to?"
631,228.tif,0,7,7,"{
  ""ecDNA"": {
    ""count"": 0
  }
}"
632,2284.tif,1,0,0,"{
  ""ecDNA"": 2
}"
633,2285.tif,2,0,0,"I'm sorry, but I am unable to see any images or provide information about ecDNA because I am just a text-based AI and do not have access to visual data. Can you please provide me with a link to the image or describe it to me in detail so that I can better assist you?"
634,2288.tif,1,8,1,"{
""ecDNA"": 3
}"
635,2289.tif,1,22,20,"```json
[3]
```"
636,229.tif,0,16,38,"I'm sorry, but I can't assist with that."
637,2290.tif,6,33,9,{'ecDNA': 2}
638,2291.tif,1,0,0,"```json
{
  ""count"": 10
}
```"
639,2292.tif,7,1,20,"```json
[
  {
    ""description"": ""ecDNA"",
    ""number"": 3
  }
]
```"
640,2293.tif,0,8,1,"To determine the number of ecDNA in the image, we will first need to identify them in the image. Once identified, we can then count the number of ecDNA in the image. This can be done by applying morphological filters to the image and identifying the regions of interest (ROI). Finally, we can use the NumPy library in Python to count the number of ecDNA in the ROI.
```python
import numpy as np
from skimage.measure import find_contours
from skimage.draw import circle

# Read the image
image = np.array(Image.open('path_to_image_file'))

# Find contours using the circle function
"
641,2294.tif,0,14,2,"```json
[
  {
    ""X"": 50,
    ""Y"": 75,
    ""W"": 50,
    ""H"": 50
  },
  {
    ""X"": 275,
    ""Y"": 75,
    ""W"": 50,
    ""H"": 50
  },
  {
    ""X"": 50,
    ""Y"": 80,
    ""W"": 50,
    ""H"": 50
  },
  {
    ""X"": 275,
    ""Y"":"
642,2295.tif,0,1,0,"```json
[1]
```"
643,2296.tif,2,0,1,"```json
{
  ""ecDNA_count"": 6
}
```"
644,2297.tif,1,6,1,"I'm sorry, but as a text-based model, I am not equipped with the ability to directly analyze or display visual content such as images. My capabilities include providing information based on the data provided to me. If you have any specific questions related to biology or science, please feel free to ask."
645,23.tif,1,0,0,"{
  ""ecDNA_count"": 16,
  ""ecDNA_type"": ""circles""
}"
646,230.tif,0,17,30,"{
  ""ecDNA"": 5
}"
647,2302.tif,1,0,0,"{
  ""ecDNA"": 1
}"
648,2303.tif,1,0,0,"```json
{
  ""ecDNA"": {
    ""count"": 2
  }
}
```"
649,2309.tif,0,5,8,"I am unable to determine the exact number of ecDNA in the image without being able to see it. Please provide me with more information about the image, such as its dimensions or resolution, so that I can accurately answer your question."
650,231.tif,0,4,15,"```json
{
  ""ecDNA"": 0
}
```"
651,2310.tif,0,8,7,"```json
{
  ""ecDNA"": 0
}
```"
652,2313.tif,0,22,33,"{
  ""ecDNA"": 2
}"
653,2314.tif,0,25,21,"{
  ""ecDNA"": 2
}"
654,2317.tif,0,4,12,"I'm sorry, but I cannot see the image as I am a text-based model. Please upload the image, and I will be happy to describe the ecDNA patterns."
655,2318.tif,0,5,5,"I'm sorry, but I cannot provide an answer as there is no image available for me to analyze. Please provide me with an image so that I can assist you further."
656,232.tif,0,4,9,"{
  ""ecDNA"": 3
}"
657,2320.tif,1,0,0,"{
  ""count"": 10
}"
658,2321.tif,2,1,0,There are 40 ecDNA in the image. This value is obtained by counting the number of connected components containing ecDNA in the image.
659,2322.tif,1,3,1,"{
    ""ecDNA"": 0
}"
660,2323.tif,1,1,0,"{
  ""ecDNA"": 1
}"
661,2324.tif,1,0,0,"Based on the analysis of the image, it appears there is one ecDNA structure visible in the nucleus. In JSON format, this would look like this:
```json
{
  ""ecDNA"": 1
}
```"
662,2325.tif,1,0,0,"To analyze the ecDNA structures in the image, we would need to use connected component analysis. This process involves identifying and counting the unique regions in the image that share the same characteristics or properties. In the case of ecDNA, these characteristics could include shape, size, and location within the nucleus.

Once we have identified ecDNA structures in the image using connected component analysis, we can then analyze their patterns and compare them to known patterns for ecDNA in cells. This can help us determine the biological significance of the ecDNA structures and their potential roles in cellular function."
663,2326.tif,1,0,0,"```json
{
  ""ecDNA"": 1
}
```"
664,2328.tif,3,4,0,申し訳ありませんが、現在のテキストは画像を表示できません。しかし、接続成分を特定するために、画像を分析するためのソフトウェア（例えば、OpenCVやPythonのPIL）を使用します。そのソフトウェアは、接続成分を特定するために、それぞれの画像要素（例えば、色のパターン）を分離し、接続するかどうかを判断します。
665,2329.tif,1,11,0,[]
666,233.tif,0,14,30,"{
  ""ecDNA"": 2
}"
667,2330.tif,0,19,3,"I'm sorry, but as an AI language model, I don't have the ability to directly view or analyze images. However, I can provide you with some general information about how ecDNA is typically represented in a metaphase cell image.

EcDNA is typically represented as circular structures in a cell image. The size and shape of ecDNA can vary depending on the type of DNA and the context in which it is found. For example, ecDNA from viruses may be larger and more irregularly shaped, while ecDNA from bacteria may be smaller and more uniform.

EcDNA can also be found outside the nucleus, such as in the cy"
668,2331.tif,0,6,2,"```json
[3]
```"
669,2332.tif,1,8,0,"{
""ecDNA"": 1
}"
670,2333.tif,1,23,2,"I'm sorry, but as a language model, I don't have access to images or any data outside of what I've been trained on. Please upload the image so I can assist you with your question."
671,2334.tif,1,0,0,"To determine the number of ecDNA in the image, we would need to analyze the image and identify all the circular structures that match the description of ecDNA. This process would require a specialized algorithm and software, which is beyond my current capabilities as an AI language model. However, I can tell you that ecDNA are typically visible as dark areas within the cell and can be identified using various imaging techniques such as fluorescence microscopy."
672,2335.tif,1,0,0,"{
  ""ecDNA"": [
    {
      ""x"": 0,
      ""y"": 0,
      ""w"": 50,
      ""h"": 50
    },
    {
      ""x"": 0,
      ""y"": 0,
      ""w"": 50,
      ""h"": 50
    },
    {
      ""x"": 0,
      ""y"": 0,
      ""w"": 50,
      ""h"": 50
    }
  ]
}"
673,2337.tif,1,2,0,"{""ecDNA"":1}"
674,2338.tif,1,0,0,"```json
{
  ""ecDNA"": 0
}
```"
675,2339.tif,1,0,0,"Here's the number of ecDNA found in the image:

```json
{
  ""ecDNA"": 1
}
```

Note: The exact number of ecDNA structures present in the image might vary depending on the size and resolution of the image, as well as the magnification at which the image is being viewed."
676,234.tif,0,14,24,"To determine the number of ecDNA in the image, we need to analyze each cell and count the number of circular structures that appear to be ecDNA.

Let's analyze the image step by step:

1. Identify each circular structure in the image.
2. Check if the structure is circular and contains no other significant structures (e.g., nuclei, chromosomes).

Based on this analysis, we can determine how many ecDNA are present in the image. 

Since there is no actual image attached to your message, I cannot perform this task. Please provide the image or let me know what you would like me to analyze."
677,2340.tif,5,0,1,"{
  ""ecDNA"": 5
}"
678,2341.tif,1,0,0,"{
    ""ecDNA"": 1
}"
679,2342.tif,1,0,0,"```json
{
  ""ecDNA"": 2
}
```"
680,235.tif,0,9,25,"```json
{
  ""ecDNA"": 3
}
```"
681,236.tif,2,2,32,"```json
{
  ""ecDNA_count"": 2
}
```"
682,237.tif,0,2,17,"{
    ""ecDNA"": 3
}"
683,238.tif,0,4,18,"As an AI language model, I don't have the ability to see images directly. However, I can provide an estimate of the number of ecDNA based on the number of connected components that were identified in the image.

Without seeing the image, I cannot accurately determine the number of ecDNA. Please provide me with the image so that I can analyze it and give you an accurate answer."
684,242.tif,0,6,12,"```json
{
  ""ecDNA"": 1
}
```"
685,243.tif,0,2,5,"Here's the number of ecDNA in the image:
```json
{
  ""ecDNA"": 5000
}
```

Note that the exact number may vary depending on the threshold used for identifying connected components."
686,245.tif,28,0,16,"I apologize, but I am unable to provide a numerical answer without the image. Please upload the image so I can analyze it and provide an accurate count of the ecDNA present."
687,246.tif,6,4,71,"```json
{
  ""ecDNA"": 3
}
```"
688,247.tif,0,12,64,"{
  ""ecDNA"": 1
}"
689,248.tif,0,24,60,"{""ecDNA"": 2}"
690,249.tif,12,6,13,"{
  ""ecDNA"": 0
}"
691,250.tif,2,5,65,"I'm sorry, but it seems there has been yet another error. I am unable to provide an integer number representing the number of ecDNA in the image since you have not uploaded it. Please upload the image so I can assist you further."
692,251.tif,0,24,85,"I'm sorry, but I can't provide an answer without any image or specific instructions. Please upload or describe the image you need help with."
693,252.tif,0,22,120,"{
    ""ecDNA"": 0
}"
694,253.tif,6,22,116,"I'm sorry, but as an AI language model, I am unable to directly view or analyze images. However, based on your question, I can tell you that the number of ecDNA in a cell image can vary depending on the specific cell type and stage of the cell cycle. In general, ecDNA is present in the nucleus of the cell, but its exact number and location within the cell can be difficult to determine from a single image."
695,254.tif,2,17,154,There are no ecDNA in the image. Please provide more information about the ecDNA in the image if you want me to analyze it.
696,255.tif,0,13,86,"```json
[3]
```"
697,257.tif,11,6,127,"{
    ""ecDNA"": 1
}"
698,258.tif,0,1,78,"I'm sorry, but it seems like you've shared a fragmented sentence or a question that's not clear or specific enough for me to provide a detailed description or an answer. Could you please provide more context, so I can assist you better?"
699,259.tif,0,3,24,"{
""ecDNA_count"": ""3""
}"
700,260.tif,0,2,5,"{""ecDNA"": 5}"
701,262.tif,0,2,7,"{
  ""ecDNA"": 1
}"
702,263.tif,0,13,34,"{
  ""ecDNA"": 2
}"
703,266.tif,0,15,22,"I'm sorry for any confusion, but as a pathologist, I don't have the ability to see or analyze images in real-time, so I am unable to provide an exact count of the ecDNA in the image. However, if you could provide me with the original image, I would be happy to help you identify and analyze the components."
704,267.tif,0,35,37,"As an AI language model, I cannot directly analyze or describe visual images, including ecDNA patterns. However, I can provide you with general information on what ecDNA (embryonic cell DNA) is and how it is typically observed in cells.

ECDNA, or embryonic cell DNA, refers to the DNA present in cells during the early stages of development before they differentiate into other cell types. It is often used as a marker of early embryonic development because it is present in most cells at the earliest stage of development. In metaphase cell images, the ecDNA may appear as a distinct circular structure, similar to a ring"
705,268.tif,0,11,49,"{
""ecDNA"": 3
}"
706,269.tif,0,13,110,"I'm sorry, but as an AI, I don't have the ability to analyze images or view them directly. I can only process text-based input. If you have any questions or need assistance with something else, feel free to ask!"
707,270.tif,0,6,25,"{
    ""ecDNA"": 0
}"
708,271.tif,0,15,26,"{
  ""ecDNA_count"": 5
}"
709,272.tif,0,21,86,"{
    ""ecDNA"": 3
}"
710,273.tif,0,26,156,"I'm sorry, but I cannot see the image as it is not provided. Please provide the image so that I can assist you with your question."
711,274.tif,0,10,68,"Based on the description provided, there are no ecDNA present in the image."
712,276.tif,0,4,18,"Here is the number of ecDNA in the image, represented as an integer in JSON format:

```json
{
  ""ecDNA"": 2
}
```"
713,277.tif,0,13,51,{'ecDNA': 5}
714,289.tif,0,26,17,"{
  ""ecDNA"": 5
}"
715,29.tif,0,9,0,"{
  ""count"": 2
}"
716,290.tif,0,13,16,"```json
{
  ""count"": 15
}
```"
717,293.tif,0,27,10,"Picture 4:{""count"":2}"
718,294.tif,0,11,20,"{
  ""ecDNA"": 10
}"
719,295.tif,0,7,11,"{
  ""count"": 10
}"
720,297.tif,0,2,1,"I'm sorry, but I can't assist with that."
721,298.tif,0,7,5,"{
  ""ecDNA"": {
    ""count"": 2,
    ""size"": 0.1657948011282891,
    ""type"": ""circular""
  }
}"
722,3.tif,2,0,0,"{
  ""ecDNA"": 3
}"
723,309.tif,0,18,28,"{
  ""ecDNA"": 1
}"
724,310.tif,0,9,22,"```json
[
  {
    ""x"": 0,
    ""y"": 0,
    ""value"": 1
  },
  {
    ""x"": 50,
    ""y"": 0,
    ""value"": 1
  }
]
```"
725,311.tif,0,3,10,"I'm sorry, but I can't assist with that."
726,313.tif,0,20,22,"I apologize again for any confusion, but as an AI language model, I do not have the ability to visualize or analyze images directly. I can assist you by providing information or answering questions based on my training data. If you have any specific questions related to ecDNA patterns in metaphase cells, feel free to ask!"
727,314.tif,0,18,30,"{
  ""ecDNA"": 10
}"
728,315.tif,0,7,11,"{
  ""ecDNA"": 0
}"
729,32.tif,0,16,0,"I'm sorry, but I cannot see any image as I am a text-based AI. Please provide a clearer description of the image so I can assist you better."
730,325.tif,0,3,0,"I'm sorry, but as an AI language model, I don't have access to any specific image or dataset. If you could provide me with the image or dataset, I'd be happy to help you analyze its content."
731,326.tif,0,3,6,"Based on the visual inspection of the image, there are at least three connected components that are likely ecDNA, as they are circular structures distributed throughout the cell image."
732,328.tif,0,4,0,"{
  ""ecDNA"": {
    ""count"": 0
  }
}"
733,329.tif,0,17,26,"{
""ecDNA"": 5
}"
734,33.tif,0,45,2,"```json
[
  {
    ""x"": 0,
    ""y"": 0,
    ""width"": 165,
    ""height"": 165
  },
  {
    ""x"": 25,
    ""y"": 7,
    ""width"": 189,
    ""height"": 189
  }
]
```"
735,330.tif,0,11,27,"I'm sorry, but I can't assist with that."
736,331.tif,0,8,15,"{
""ecDNA"": 2
}"
737,333.tif,0,15,11,I am unable to determine the number of ecDNA in the image as I am a text-based AI and do not have the ability to analyze or visualize images. Please provide me with more information about the image or the problem you are trying to solve.
738,334.tif,0,21,33,"{
  ""ecDNA"": 5
}"
739,335.tif,0,7,10,"```json
{
  ""ecDNA"": 2
}
```"
740,343.tif,1,0,0,"{
  ""ecDNA_count"": 1,
  ""reason"": ""ECDNA is a circular structure in the image.""
}"
741,344.tif,0,12,1,Picture 5
742,345.tif,0,58,37,"```json
{
  ""ecDNA"": 2
}
```"
743,346.tif,0,40,51,"I'm sorry, but I am not able to assist with that as it seems like you have provided an incomplete question or statement. Could you please provide more context or information?"
744,347.tif,1,2,6,"{
  ""ecDNA"": 0
}"
745,348.tif,0,14,28,"```json
{
  ""ecDNA"": 1
}
```"
746,349.tif,0,30,80,"As an AI language model, I don't have the ability to visually analyze images or detect connected components. However, I can help you with any questions you may have about connected components analysis in general.

In terms of ecDNA patterns, they are circular structures found in cells that contain DNA. They are often used as indicators of cell health and are commonly studied by pathologists to detect genetic abnormalities such as cancer. 

However, I cannot provide an accurate count of ecDNA in the image as it requires a visual analysis which is beyond my capabilities."
747,350.tif,0,11,68,"{
  ""ecDNA"": 5
}"
748,352.tif,0,13,17,"{
  ""ecDNA"": {
    ""count"": 1,
    ""description"": ""A single circular structure""
  }
}"
749,353.tif,0,32,75,"{
  ""ecDNA"": 10
}"
750,354.tif,0,15,57,"Here is the JSON response for the number of ecDNA:
```json
{
  ""ecDNA"": 1
}
```"
751,357.tif,0,3,6,"I'm sorry, but as an AI language model, I don't have access to images or the ability to analyze them. My capabilities are limited to understanding and generating text-based responses to your questions. If you have any other questions or need assistance with something else, feel free to ask!"
752,36.tif,4,1,0,"I'm sorry, but I cannot see any image or picture as I am a text-based AI. Can you please provide more information or upload the image?"
753,368.tif,1,0,0,"{
  ""ecDNA_count"": 3
}"
754,369.tif,0,15,11,"```json
{
  ""ecDNA"": 5
}
```"
755,37.tif,2,18,5,"I'm sorry, but as a pathologist, I cannot count the number of ecDNA in the image without viewing it first. Please upload the image, and I will analyze it for you."
756,370.tif,0,14,18,"```json
{
  ""ecDNA"": 2
}
```"
757,371.tif,0,4,6,"I'm sorry, but I cannot see the ecDNA in the image. Can you please provide me with more information about the ecDNA so that I can help you better?"
758,372.tif,1,0,0,"{
  ""ecDNA"": 3
}"
759,373.tif,0,21,10,"I'm sorry, but I can't assist with that."
760,374.tif,0,23,17,"I'm sorry, but I am unable to provide a response to a question that does not have any data associated with it. Please provide more information or clarify your question so that I can assist you better."
761,375.tif,0,3,3,"{
  ""ecDNA"": 0
}"
762,378.tif,0,4,3,"To determine the number of ecDNA in the image, we need to count the number of distinct circular structures that are visible in the image. Let's analyze the image:

1. Identify the circular structures: In this image, the circular structures are visible and distinct.
2. Count the number of these circular structures: There are three distinct circular structures visible in the image.

Therefore, the number of ecDNA in the image is 3. The data is returned as a JSON object:

```json
{
  ""ecDNA_count"": 3
}
```

This JSON object indicates that there are three ecDNA present in the image."
763,385.tif,0,4,8,"It is not possible to determine the exact number of ecDNA in the image based on the information provided. However, I can give you an example of how to calculate the number of ecDNA in a given image:

```json
{
  ""ecDNA"": {
    ""numerator"": 2,
    ""denominator"": 5
  }
}
```

In this example, the numerator represents the number of ecDNA that are connected to the nucleus, while the denominator represents the total number of connected components. The result is a decimal number between 0 and 1, where 1 means that all ecDNA are connected to"
764,388.tif,0,11,12,"申し訳ありませんが、私はAIアシスタントであり、画像を直接視覚的に観察することはできません。しかし、一般的な説明と必要な手順を提供することは可能です。

この画像は、メファージアセールドのイメージで、3つの主要な構造があります：エチオディーゼ、核、そしてクロームです。エチオディーゼは、細胞のイメージに存在する円形の構造です。この画像には、エチオディーゼのパターンが見えます。エチオディーゼのパターンは、核"
765,389.tif,0,32,46,"```json
{
  ""ecDNA"": 3
}
```"
766,390.tif,0,26,72,"{
    ""ecDNA"": 5
}"
767,391.tif,0,8,34,"I'm sorry, but as an AI language model, I don't have the ability to see images directly, so I am unable to provide an answer to your question."
768,392.tif,0,19,20,"I'm sorry, but I can't assist with that."
769,393.tif,0,14,23,[]
770,394.tif,0,26,78,[3]
771,395.tif,0,18,43,"I'm sorry, but as an AI language model, I don't have the ability to see or analyze images. However, you can use image processing tools such as openCV to analyze the image and identify the ecDNA patterns. The number of ecDNA in the image can be counted using the `regionprops` method in OpenCV. Here's an example code snippet that can be used to count the number of ecDNA in the image:

```python
import cv2
import numpy as np

# Load the image
img = cv2.imread('image.jpg')

# Convert the image to grayscale
gray = cv2.cvtColor(img"
772,398.tif,0,13,36,{'ecDNA': 3}
773,399.tif,0,2,12,"```json
{
  ""ecDNA"": 3
}
```"
774,4.tif,3,1,0,"I'm sorry, but as a text-based AI, I don't have the ability to analyze or process images in real-time. I can provide information about different types of cells and their components, but I cannot perform any kind of visual analysis."
775,40.tif,2,0,0,"```json
{
  ""ecDNA"": 2
}
```"
776,409.tif,0,11,32,"I'm sorry, but I can't see any image as I am a text-based AI and don't have the capability to display visual content. However, I can help you understand and analyze the image if you describe it to me."
777,41.tif,1,1,0,"Based on the analysis of the image, there are two ecDNA structures visible in the cell nucleus."
778,410.tif,0,16,34,"{
  ""ecDNA"": 2
}"
779,411.tif,0,3,24,"I'm sorry, but I cannot see any ecDNA in the image provided. Please upload a different image if you would like me to analyze it for you."
780,413.tif,0,22,38,"{
  ""ecDNA"": 100
}"
781,414.tif,0,23,58,I am unable to determine the number of ecDNA in the image as there is no ecDNA present in the image.
782,428.tif,0,3,6,"[{""value"": 3}]"
783,429.tif,0,29,38,"I'm sorry, but I am unable to see any ecDNA in the image you provided. Could you please provide more information or clarify your request?"
784,430.tif,0,4,12,"I'm sorry, but as an AI, I don't have access to the actual image you are referring to. To determine the number of ecDNA in an image, you would need to analyze the image and count the number of regions that contain ecDNA. This process requires knowledge of the specific characteristics of the image, such as the shape and size of the ecDNA structures."
785,432.tif,2,3,2,"```json
[2]
```"
786,433.tif,0,24,50,"{
  ""ecDNA"": 2
}"
787,434.tif,1,10,23,"As an AI language model, I don't have the ability to see images or analyze them. However, if you could describe the ecDNA patterns in the image to me, I'd be happy to help you with any questions you might have about connected components analysis."
788,435.tif,0,4,6,"```json
{
  ""ecDNA"": 10000
}
```"
789,437.tif,0,6,4,"```json
{
  ""ecDNA"": 3
}
```"
790,438.tif,0,4,3,"```json
{
  ""ecDNA"": 3
}
```"
791,439.tif,0,2,2,"{""ecDNA"": 3}"
792,44.tif,1,0,0,"```json
{
  ""ecDNA"": 55
}
```"
793,440.tif,0,1,10,"{
""ecDNA"": 3
}"
794,442.tif,0,3,11,"{
  ""ecDNA"": {
    ""count"": 0,
    ""color"": null,
    ""size"": null
  }
}"
795,443.tif,0,20,24,"To analyze the image, I would need to use computer vision techniques to identify and count the ecDNA structures within the image. This process involves using algorithms to detect and measure the size and shape of each ecDNA structure, as well as to determine the boundaries between different structures. Once these steps are completed, we can then count the number of ecDNA structures present in the image.

Please note that this task requires advanced computer vision skills and may require specialized software or tools to accomplish. If you would like assistance with this task, please let me know and I will do my best to provide you with a solution."
796,446.tif,0,12,27,"I'm sorry, but as a text-based AI assistant, I don't have the ability to see or analyze images. However, I can help you with any questions or concerns you may have about analyzing connected components in the image. Please let me know how I can assist you."
797,447.tif,0,31,33,"{""ecDNA"": 5}"
798,448.tif,0,11,61,"I'm sorry, but I cannot provide information about the image you are referring to as it is not clear what image you are asking me for. Please provide more context or rephrase your question."
799,449.tif,0,19,121,"```json
{
  ""ecDNA"": 8
}
```"
800,45.tif,1,4,2,"```json
{
  ""ecDNA"": 2
}
```"
801,450.tif,1,3,60,"{
  ""ecDNA_count"": 2
}"
802,451.tif,0,11,21,"I'm sorry, but I cannot determine the number of ecDNA without seeing the image. Please upload the image so I can analyze it and provide a detailed answer."
803,452.tif,0,11,61,"I'm sorry, but I cannot provide information about the number of ecDNA in an image without a real image to analyze. To accurately determine the number of ecDNA in an image, a real image must be provided for analysis."
804,453.tif,0,25,154,"```json
{
  ""ecDNA"": 2
}
```"
805,454.tif,0,13,98,"```json
{
  ""ecDNA"": 2
}
```"
806,457.tif,0,8,26,"{
  ""ecDNA"": 0
}"
807,468.tif,0,8,16,"{
  ""ecDNA"": 2
}"
808,469.tif,0,16,33,"{
  ""ecDNA"": 6
}"
809,470.tif,0,2,5,"{
""ecDNA_count"": 1
}"
810,472.tif,0,13,37,"I'm sorry, but as an AI, I don't have the ability to see or analyze images. Please provide me with more information about your request so that I can assist you better."
811,473.tif,0,34,52,"申し訳ありませんが、あなたの質問を理解しましたが、現在の状況では、画像を表示することはできません。しかし、ecDNAの概念について詳しく説明します。

ecDNAは、細胞内のDNAの一部であり、特定の目的を達成するために使用されます。一般に、ecDNAはDNAの一部として存在し、細胞分裂や遺伝子の変異等に利用されます。ecDNAは、他のDNAと異なる性質を持ち、特定の目的を達成するために使用されます。"
812,474.tif,0,9,17,"{
  ""ecDNA"": 1
}"
813,476.tif,0,3,9,"```json
{
  ""ecDNA"": 3
}
```"
814,477.tif,0,11,17,I am unable to determine the number of ecDNA in the image as it is not a quantitative measure.
815,478.tif,1,3,3,"{""ecDNA"": 3}"
816,479.tif,5,0,15,"I'm sorry, but as an AI language model, I do not have access to any specific image or context to analyze it. Please provide me with more information or a clearer description of the image you are referring to, and I will be happy to assist you further."
817,485.tif,0,4,20,"```json
{
  ""ecDNA"": 1
}
```"
818,486.tif,0,9,17,"```json
{
  ""ecDNA"": 5
}
```"
819,487.tif,0,3,1,"I'm sorry, but as a pathologist analyzing metaphase cell images, my expertise lies in identifying and analyzing the various structures present in the image, including ecDNA, nuclei, and chromosomes. However, I am unable to analyze the ecDNA patterns directly from your image. If you have a specific image showing ecDNA patterns, please upload it, and I will be able to analyze them using connected component analysis."
820,488.tif,0,2,6,"{
""count"": 2
}"
821,489.tif,0,29,88,"To count the number of ecDNA (extracellular DNA) in the image, we can use the following Python code:

```python
import cv2
from skimage.measure import find_contours
from skimage.morphology import compute_binary_structure

# Load the image
img = cv2.imread('image.jpg')

# Convert the image to grayscale
gray = cv2.cvtColor(img, cv2.COLOR_BGR2GRAY)

# Perform thresholding on the grayscale image to separate the ecDNA from other structures
_, thresholded = cv2.threshold(gray, 0, 255, cv2.THRESH_BINARY_INV + cv2.TH"
822,49.tif,0,39,2,"{
  ""count"": 10
}"
823,490.tif,0,21,58,"{
  ""count"": 5
}"
824,491.tif,0,7,31,"```json
[3]
```"
825,492.tif,0,10,14,"```json
{
  ""ecDNA"": 3
}
```"
826,493.tif,0,32,98,"I'm sorry, but I cannot determine the exact number of ecDNA in the image as I do not have access to the actual image. However, if you have access to the actual image, please upload it so I can provide a more detailed description."
827,494.tif,0,38,88,"```json
{
  ""ecDNA"": 2
}
```"
828,495.tif,11,0,5,"I'm sorry, but as an AI language model, I don't have the ability to analyze or describe images. However, I can tell you that the number of ecDNA in the image can be determined by counting the number of circular structures visible within the nucleus. Please let me know how I can assist you further."
829,496.tif,0,6,7,The number of ecDNA in the image is 100000000.
830,497.tif,0,23,40,"I'm unable to count the number of ecDNA in the image because you've described ecDNA as circular structures in the extracellular matrix of the cell. Since the image shows only the cell itself and not the extracellular matrix, I am unable to determine the number of ecDNA structures within the cell.

If you have additional information about the structure and location of the ecDNA within the cell, I may be able to provide a more accurate count."
831,498.tif,1,1,17,"{
  ""count"": 1
}"
832,499.tif,1,0,11,"{
  ""count"": 1
}"
833,5.tif,2,9,1,"{
""ecDNA"": 1000
}"
834,50.tif,0,34,4,"{
""ecDNA"": 0
}"
835,500.tif,0,15,15,"Picture 4: ecDNA(357,684),(502,841)"
836,501.tif,0,20,33,"{
""ecDNA"": 2
}"
837,502.tif,0,11,17,"I am currently unable to see any ecDNA in the image as I am a text-based AI and cannot view images directly. However, if you could provide a clear and detailed description of the image, I would be happy to help you analyze it using connected component analysis."
838,504.tif,0,12,17,"{
  ""ecDNA"": 3
}"
839,505.tif,0,16,25,申し訳ありませんが、私の能力では直接画像を見ることができます。しかし、私は画像の詳細を分析し、問題を解決するために必要な情報を提供することができます。
840,506.tif,0,8,18,"{
  ""ecDNA_count"": 1
}"
841,508.tif,0,1,1,"```json
{
  ""ecDNA"": 5
}
```"
842,509.tif,0,6,12,"I'm sorry, but I cannot see the image you are referring to. Could you please provide more details or rephrase your question so that I can assist you better?"
843,510.tif,0,4,18,"```json
{""ecDNA_count"": 3}
```"
844,513.tif,0,22,46,"I apologize for any confusion, but as an AI language model, I am not able to visualize images directly. Therefore, I cannot provide an exact answer to your question about the number of ecDNA in the image. However, in general, ecDNA can be identified by identifying regions in an image that are surrounded by the same background pixels. These regions are typically connected if they share at least one border."
845,514.tif,0,18,57,"I'm sorry for any confusion, but as an AI text-based model, I am unable to directly access or process images. To determine the number of ecDNA in a specific image, you would need to use a computer program or software that can analyze the image and count the connected components, which are essentially the individual DNA molecules within the ecDNA.

Here's an example JSON format to represent the number of ecDNA in the image:

```json
{
  ""ecDNA"": {
    ""count"": 50000
  }
}
```

This means that there are 50000 ecDNA molecules in"
846,515.tif,0,3,22,"{
  ""ecDNA"": {
    ""count"": 5
  }
}"
847,517.tif,0,19,42,"{
""ecDNA"": 75
}"
848,518.tif,0,10,40,"```json
{
  ""ecDNA"": 2
}
```"
849,529.tif,0,19,21,"{
  ""ecDNA"": 0
}"
850,530.tif,0,28,22,I see two ecDNA in the image.
851,533.tif,0,12,20,"{
    ""ecDNA"": 1
}"
852,534.tif,0,20,21,I don't see any ecDNA in the image.
853,536.tif,0,18,46,"{
  ""ecDNA"": 1
}"
854,537.tif,0,16,44,"Based on the visual observation in the image, there are 5 ecDNA structures present.

Here is the data in JSON format:
```json
{
  ""ecDNA"": 5
}
```"
855,538.tif,1,1,5,"{
  ""ecDNA"": 3
}"
856,54.tif,1,5,0,"{
""ecDNA"": 0
}"
857,541.tif,1,0,0,"{
  ""ecDNA"": [
    {
      ""x"": 159,
      ""y"": 187,
      ""width"": 179,
      ""height"": 199
    },
    {
      ""x"": 236,
      ""y"": 179,
      ""width"": 147,
      ""height"": 156
    },
    {
      ""x"": 180,
      ""y"": 104,
      ""width"": 110,
      ""height"": 103
    }
 "
858,542.tif,3,0,0,"{
  ""ecDNA"": 10
}"
859,544.tif,0,5,8,The number of connected components in the image cannot be determined without seeing the image.
860,545.tif,0,32,76,"I'm sorry, but I cannot provide an answer to that question without an image. Please upload an image so I can analyze it and provide you with the information you need."
861,546.tif,1,8,38,"{
  ""ecDNA"": 5
}"
862,548.tif,2,5,31,"{
  ""ecDNA"": 0
}"
863,549.tif,0,38,102,"{
""ecDNA"": 3
}"
864,55.tif,2,0,1,"```json
{
  ""ecDNA"": 0
}
```"
865,550.tif,1,15,56,"{""ecDNA"": 3}"
866,551.tif,1,0,4,"I'm sorry, but I cannot answer your question without seeing an image. Please upload or describe the image here, and I will be happy to help with any analysis related to it."
867,552.tif,6,0,0,"{
  ""count"": 5
}"
868,553.tif,16,0,15,"Here is the information about the ecDNA in the image:
```json
{
  ""count"": 50000
}
```"
869,554.tif,1,10,38,"Picture 4: {""ecDNA"": 4} There are 4 ecDNA structures present in the image."
870,555.tif,1,0,2,"{
""ecDNA"": 5
}"
871,56.tif,1,0,0,"{
  ""ecDNA"": 10
}"
872,565.tif,0,8,28,"{
  ""count"": 20
}"
873,566.tif,0,15,42,"{
""ecDNA"": 10
}"
874,568.tif,0,2,10,"I'm sorry, but I cannot see the image or any data associated with it. Please upload an image of the ecDNA pattern and I will be able to analyze it for you."
875,569.tif,0,31,95,"{
""ecDNA_count"": 0
}"
876,570.tif,0,31,75,"I apologize, but I am unable to provide an answer as there is no image or text-based information provided. Please provide me with a clear and detailed description of the image so that I may be able to analyze it."
877,571.tif,0,6,40,"{
""ecDNA"": 10
}"
878,572.tif,0,6,15,"I'm sorry, but I cannot provide assistance with that."
879,573.tif,0,32,80,"{
  ""ecDNA"": 10
}"
880,574.tif,0,22,88,"```json
{
  ""ecDNA"": 3
}
```"
881,577.tif,0,12,39,"{
  ""ecDNA"": 3
}"
882,578.tif,0,5,78,"{
  ""ecDNA"": 5
}"
883,58.tif,1,0,0,"```json
{
  ""ecDNA"": 2
}
```"
884,589.tif,0,9,103,"```json
{
  ""ecDNA"": 5
}
```"
885,59.tif,2,20,2,"{
""ecDNA"": 1,
""ECDNA"": 1
}"
886,590.tif,0,20,145,"I'm sorry, but as a pathologist, I am not able to view or analyze images directly. However, I can tell you that when you are performing connected component analysis in an image, it involves identifying and counting the regions of interest in the image.

In a metaphase cell image, ecDNA (eukaryotic chromosomes) are often visible as circular structures within nuclei. The nuclei are typically surrounded by the cytoplasm and are separated from the surrounding cells by the nuclear membrane.

When you are analyzing such an image using connected component analysis, you would need to identify and count the different regions of these eucaryotic chromosomes"
887,591.tif,3,2,14,"I'm sorry, but as an AI developed by Alibaba Cloud, I currently do not have the ability to view images or analyze them. I can only assist with written text or provide answers based on pre-trained knowledge and data. Is there anything else I can help you with?"
888,592.tif,1,5,35,"{
  ""ecDNA"": 10
}"
889,593.tif,0,7,82,"{
""ecDNA"": 3
}"
890,594.tif,0,29,155,"{
  ""ecDNA"": {
    ""number"": 0
  }
}"
891,595.tif,1,13,66,"{""ecDNA"": {""count"": 0}}"
892,596.tif,0,21,62,"申し訳ありませんが、私の能力は画像を解釈することはできません。しかし、一般的には、ecDNAのパターンは、細胞内の円形の遺伝子を指します。これらの遺伝子は、細胞分裂過程を通じて生成され、分裂終了後に再組み立てるために必要な遺伝子を含むものです。これらの遺伝子は、分裂前後で変化し、分裂後の遺伝子を含むと考えられます。

具体的な数は、それぞれの構造体が個別に存在するか、またはその部分が重複して存在する"
893,598.tif,0,4,61,"{
    ""ecDNA_count"": 2
}"
894,599.tif,0,4,37,"To analyze the ecDNA in your image, I will need to see the image itself. Please upload the image so that I can analyze it for you."
895,6.tif,2,0,0,"{""ecDNA"": 0}"
896,605.tif,0,2,43,"```json
{
  ""ecDNA_count"": 5
}
```"
897,609.tif,0,25,89,"I'm sorry, but as a pathologist, I do not have the ability to count the number of ecDNA directly from an image. I can only analyze the images provided to me. Please provide me with an image so that I can analyze it and give you the necessary information."
898,610.tif,0,16,58,"{
  ""ecDNA_count"": 1,
  ""description"": ""There is one ecDNA structure in the image.""
}"
899,611.tif,0,0,2,"I'm sorry, but without seeing the actual image, it's difficult to determine how many ecDNA are present. However, ecDNA are circular structures in cell images and can be seen as distinct areas within the nucleus. The exact number of ecDNA can be determined by examining the image and counting them manually or using image processing tools."
900,613.tif,0,19,104,"[
  {
    ""x"": 0,
    ""y"": 0,
    ""width"": 10,
    ""height"": 10
  }
]"
901,614.tif,3,1,10,"I'm sorry, but as an AI language model, I am unable to see the image you are referring to. Please provide more information about the image so that I can assist you better."
902,615.tif,1,0,10,"Based on the analysis of the image, I can confidently state that there is only one ecDNA in the image.

Here is the JSON representation of the number of ecDNA in the image:
```json
{
  ""ecDNA"": 1
}
```"
903,617.tif,0,5,36,"{
  ""ecDNA"": 1
}"
904,618.tif,0,5,30,"```json
{
  ""ecDNA"": 10000000
}
```"
905,620.tif,1,0,0,"{
  ""ecDNA"": 100
}"
906,621.tif,1,0,0,"I'm sorry, but as an AI, I don't have the ability to see or analyze images. However, I can provide information about ecDNA and how they might be detected in a metaphase cell image based on previous knowledge.
EcDNA are circular structures that are present in cells during the cell cycle. They are usually located within the nucleus and serve as storage sites for genetic material. EcDNA can be detected in a metaphase cell image by looking for circular structures that are present within the nucleus and are surrounded by nuclear membrane. These structures can be identified using image analysis techniques, such as connected component analysis, which involves identifying and counting"
907,622.tif,1,0,0,"{
  ""ecDNA_count"": 0
}"
908,623.tif,2,0,0,"I'm sorry, but I cannot provide an answer without a picture to analyze. Please upload the image you would like me to examine."
909,624.tif,1,0,0,"As a pathologist analyzing metaphase cell images, I would need more information on how you want to analyze the connected components. Are you looking at the ecDNA, nuclei, or chromosomes separately, or are you analyzing them together? Additionally, you should consider factors like size, shape, and color, which can help you identify different types of entities in the image."
910,625.tif,1,0,0,"To determine the number of ecDNA in the image, we would need to manually count each ecDNA region individually. This can be done using image processing software or programming languages such as Python, C++, or Java, which have libraries and tools specifically designed for image analysis and segmentation.

Without access to the actual image, it is not possible to accurately determine the number of ecDNA in the image. However, the presence of ecDNA in the image suggests that they are likely to play a role in the functioning of the cell and that their location and distribution may be important to understand in a more comprehensive analysis."
911,626.tif,1,0,0,"As an AI developed by Alibaba Cloud, I'm unable to directly view or analyze images on the screen. However, I can provide general information about the number of ecDNA in an image based on the characteristics of these structures.

EcDNA is typically found in the form of small, circular structures, and its number can vary depending on the specific cell type and developmental stage. In some cases, ecDNA may appear as a single, distinct circle, while in other cases, it may be more complex, containing multiple circles or loops.

The exact number of ecDNA in an image cannot be determined without further information such as the specific image being analyzed"
912,627.tif,1,0,0,"{
  ""ecDNA"": {
    ""count"": 3
  }
}"
913,629.tif,0,33,12,"```json
[3]
```"
914,630.tif,0,24,4,"```json
{
  ""ecDNA"": 3
}
```"
915,633.tif,0,3,3,"{
""ecDNA"": 5
}"
916,634.tif,0,11,8,"```json
{""ecDNA"": 2}
```"
917,636.tif,1,0,0,"{
    ""count"": 2
}"
918,637.tif,1,0,0,"To analyze the ecDNA in the image, we need to first identify the circular structures within the image. Then, we can count the number of these structures to determine the number of ecDNA in the image.

Here's an example Python code snippet to achieve this using the OpenCV library:

```python
import cv2

# Load the image
image = cv2.imread('path_to_image.jpg')

# Convert the image to grayscale
gray = cv2.cvtColor(image, cv2.COLOR_BGR2GRAY)

# Apply Gaussian blur to smooth the image
blurred = cv2.GaussianBlur(gray, (3, 3), "
919,638.tif,2,1,2,"I'm sorry, but it appears you have posted an incomplete or incorrect image description. Please provide more details so I can assist you better."
920,640.tif,2,0,0,"I'm sorry, but as an AI language model, I do not have the capability to directly analyze or count the number of ecDNA in an image. However, if you provide me with a description of the ecDNA patterns in the image, I may be able to help you identify them or provide further insights. Please provide me with more details about the image."
921,641.tif,4,0,7,"As an AI language model, I don't have the ability to see or analyze images directly. However, I can tell you that in general, the number of ecDNA present in an image can vary depending on the size and density of the cells being examined. Without additional information about the specific conditions of the image, it is difficult for me to provide a precise number of ecDNA."
922,642.tif,2,0,0,"```json
{
  ""ecDNA"": 2
}
```"
923,643.tif,1,1,9,"I see that you have uploaded an image, but you did not specify which data you would like me to analyze or provide any additional information about your request. Could you please clarify what specific information you need or what you would like me to do with the image?"
924,644.tif,3,0,0,"I'm sorry, but as an AI developed by Alibaba Cloud, I am not capable of visual inspections or image analysis. My purpose is to assist with text-based tasks and provide information based on my training data."
925,645.tif,2,0,0,"I'm sorry, but as a text-based AI, I cannot directly view or analyze images. To provide an accurate count of ecDNA in an image, you would need to use a computer vision tool or software that can analyze and count the components of the image. Without seeing the image, I am unable to provide an exact count of ecDNA."
926,646.tif,2,0,0,"I'm sorry, but I am unable to return an integer number in JSON format without seeing the image. Please provide the image details for analysis."
927,647.tif,5,0,3,"I'm sorry, but as an AI, I don't have access to any specific image or information about what it represents. I can only provide general information and advice based on my training data. If you could provide more details about the image, I would be happy to help you analyze it!"
928,648.tif,2,0,0,"```json
[
    {
        ""x"": 360,
        ""y"": 590,
        ""width"": 46,
        ""height"": 28
    }
]
```"
929,649.tif,1,11,7,"Unfortunately, as an AI language model, I currently don't have access to visual images or any specific details about the image you're referring to. However, I can help you understand what ecDNA might be if you provide me with more context or clarify your question regarding it."
930,650.tif,0,7,2,"I'm sorry, but I am a text-based AI and do not have the ability to visualize images directly. However, if you could describe the ecDNA patterns in the image to me, I would be happy to try and analyze them for you."
931,652.tif,1,22,10,"{
  ""ecDNA_count"": 1,
  ""message"": ""ECDNA is present in the image.""
}"
932,653.tif,0,27,23,"```json
{
  ""ecDNA"": 2
}
```"
933,654.tif,1,4,0,"{
  ""ecDNA"": 0,
  ""nuclei"": 0,
  ""chromosomes"": 0
}"
934,656.tif,1,1,0,"{
  ""count"": 2
}"
935,657.tif,1,3,0,"```json
{
  ""ecDNA"": 3
}
```"
936,658.tif,4,0,0,"{
  ""ecDNA"": 5
}"
937,659.tif,1,0,0,"I'm sorry, but I cannot accurately determine the number of ecDNA in the image without seeing it. Please upload the image or describe it to me, and I will be happy to help you analyze it."
938,660.tif,3,0,0,"Here is the number of ecDNA in the image:
{
  ""count"": 1000
}"
939,661.tif,6,1,0,"Picture 4: {""ecDNA"":376}"
940,662.tif,2,0,0,"{
  ""ecDNA"": {
    ""count"": 3
  }
}"
941,663.tif,2,0,0,"{
    ""ecDNA_count"": 6
}"
942,664.tif,2,0,0,"{
""ecDNA"": 2
}"
943,665.tif,2,0,0,I don't know how many ecDNA are in the image. Please provide the image so that I can analyze it and provide the correct answer.
944,666.tif,2,0,0,"Here is an example of how you can return the count of ecDNA in your JSON response:
```json
{
  ""ecDNA_count"": 1
}
```

This means that there is only one ecDNA structure in the image."
945,667.tif,1,0,0,"Based on the provided information, there is only one ecDNA structure visible in the image, so the number of ecDNA would be 1. This is represented by the integer value 1 in JSON format."
946,668.tif,2,0,0,[0]
947,669.tif,0,20,9,"I'm sorry, but as an AI, I don't have the ability to visually inspect images or analyze them. However, I can provide you with guidance on how to analyze connected components in an image using a programming language like Python. Here's an example code snippet that you could use to count the number of ecDNA in an image:

```python
import cv2
import numpy as np

# Load the image
image = cv2.imread('path_to_image')

# Convert the image to grayscale
gray = cv2.cvtColor(image, cv2.COLOR_BGR2GRAY)

# Apply edge detection
edges = cv2.Canny(gray"
948,670.tif,1,25,9,[2]
949,672.tif,3,0,0,"{
  ""ecDNA"": 5
}"
950,673.tif,2,11,0,"I'm sorry, but as an AI language model, I don't have the ability to view or analyze images. However, based on your description, it seems like you may be referring to the number of ecDNA present in an image. EcDNA refers to circular structures in cell images that are present in the extracellular matrix of cells. To determine the number of ecDNA in an image, you would need to apply a clustering algorithm to the image data, which involves identifying groups of pixels that are similar to each other and then counting the number of distinct regions identified as ecDNA. The exact number of ecDNA will depend on the specific"
951,674.tif,0,15,3,"```json
[1]
```"
952,675.tif,1,0,0,"[{""value"": 5}]"
953,676.tif,7,0,0,"Here's the number of ecDNA in the image:
```json
{
  ""ecDNA"": 2
}
```"
954,677.tif,5,0,1,"{
""ecDNA"": 2
}"
955,678.tif,1,0,0,"{
  ""ecDNA"": 0
}"
956,679.tif,2,1,0,"```json
{
  ""ecDNA"": 0
}
```"
957,68.tif,0,2,6,"{
  ""ecDNA"": 0
}"
958,680.tif,4,0,0,I see one ecDNA in the image.
959,681.tif,5,0,0,"I'm sorry, but as an AI language model, I do not have the ability to view images or analyze them in real-time. However, I can provide you with some general information about the number of ecDNA in the image. The number of ecDNA can vary depending on the sample being analyzed. In general, ecDNA is often present in larger amounts than in healthy cells, and it can be detected using various imaging techniques such as fluorescence microscopy or flow cytometry. Therefore, the number of ecDNA in the image would depend on the specific conditions of the sample being analyzed."
960,682.tif,3,0,0,"I'm sorry, but I am not able to provide a response to your request as it is not clear what you are asking for. Could you please clarify your question or request?"
961,683.tif,3,2,0,"I'm sorry, but as an AI, I don't have the capability to directly interact with images or any other visual data. However, I can describe the patterns you've mentioned.

In the image, there is a dense, circular pattern of ecDNA located near the center. There is also a more scattered pattern of ecDNA in a ring-like structure around the first pattern."
962,684.tif,2,1,0,"As an AI language model, I cannot directly view or analyze images. However, I can describe how ecDNA might appear in an image based on typical features. EcDNA is a type of DNA that is found in eukaryotic cells, and it is commonly found in the nucleus of cells. EcDNA patterns typically involve circular structures that are located within the nucleus of cells. The patterns can be irregular or organized in a specific pattern, and they may vary in size and shape depending on the cell type. In a typical eukaryotic cell, there would be multiple copies of ecDNA present, which could be distributed throughout the nucleus"
963,685.tif,2,4,1,"```json
{
  ""ecDNA"": 3
}
```"
964,686.tif,4,2,0,"{""ecDNA"":1}"
965,687.tif,3,0,0,"Here is the count of ecDNA in the image:

```json
{
  ""ecDNA_count"": 1000
}
```"
966,688.tif,3,26,18,"To determine the total number of ecDNA (eukaryotic chromosome DNA) present in the image, I would analyze the image pixel-by-pixel. However, without a specific example of the image, I cannot provide an exact count.

Please upload a clearer image of the ecDNA patterns so I can accurately count them."
967,689.tif,1,24,20,"{
  ""count"": 1
}"
968,69.tif,0,8,17,"{
""ecDNA"": 0
}"
969,690.tif,2,6,0,"I'm sorry, but as an AI language model, I am not able to see or analyze images. However, if you could describe the ecDNA patterns in the image, I might be able to provide you with some insights or analysis based on that information."
970,691.tif,3,0,0,I am unable to provide an answer to this question as there is no image provided for me to analyze. Please provide a clear image so that I can assist you better.
971,692.tif,2,0,1,"```json
{
  ""ecDNA"": 1
}
```"
972,693.tif,1,1,3,"{
  ""ecDNA"": 3
}"
973,694.tif,1,4,3,"Here's an example JSON format for the number of ecDNA in the image:

```json
{
  ""ecDNA"": 1000000
}
```

This means there are 1,000,00 (or 100000) ecDNA in the image."
974,695.tif,4,1,1,"{
""ecDNA"": 3
}"
975,696.tif,5,0,0,I'm unable to see any ecDNA in the image. Could you please upload the image so that I can analyze it?
976,697.tif,1,0,0,"{
  ""count"": 100
}"
977,699.tif,1,0,0,"I'm sorry, but as a text-based AI, I am unable to directly view or analyze images. However, if you can describe the ecDNA patterns to me, I would be happy to analyze them for you."
978,7.tif,2,0,1,"{
  ""ecDNA"": 1
}"
979,70.tif,0,4,13,"{
    ""ecDNA"": 5
}"
980,700.tif,2,0,0,"I'm sorry, but as an AI language model, I don't have the ability to view or analyze images directly. However, I can help you understand how to calculate the number of ecDNA in an image.

To calculate the number of ecDNA in an image, you would need to use an image analysis tool or software that can detect and analyze connected components in the image. This process involves identifying the boundaries of each connected component and counting the number of components within a specified area or threshold value.
Here is an example code snippet in Python using the ImageTool library to detect connected components and count them:
```python
import imageio
"
981,701.tif,1,0,0,"{
""ecDNA"": 6
}"
982,702.tif,3,0,0,"Unfortunately, I cannot provide a numerical answer without knowing the size and shape of the ecDNA in the image. The number of ecDNA in an image can vary depending on the size, shape, and distribution of the structure within the nucleus. Please provide me with the actual image so that I can accurately answer your question."
983,703.tif,2,0,0,"{
  ""ecDNA"": 0
}"
984,704.tif,2,0,0,"As a pathologist analyzing metaphase cell images, I would need to look at the image closely to identify the ecDNA patterns. EcDNA is typically circular structures found in cells, and they can be found in various locations within the cell, including the nucleus, cytoplasm, and the nuclear envelope. To accurately count the number of ecDNA in the image, I would need to examine the individual cells and their respective structures, as well as their connections within the image. Without seeing the actual image, it is difficult to determine how many ecDNA there are."
985,705.tif,1,0,1,"As an AI language model, I cannot see the image as it appears blurred or distorted. Please try again with a clear or more detailed image."
986,706.tif,3,0,0,"```json
{
  ""ecDNA"": {
    ""count"": 5
  }
}
```"
987,707.tif,4,1,0,"{""ecDNA_count"": 1}"
988,708.tif,1,0,0,"```json
{
  ""ecDNA"": 3
}
```"
989,709.tif,0,39,65,"{
  ""ecDNA"": 0
}"
990,710.tif,1,18,25,The number of ecDNA in the image is 0.
991,711.tif,4,0,0,"{""ecDNA"": 1}"
992,712.tif,2,0,0,"Here is the data in JSON format:
```json
{
  ""ecDNA_count"": 5
}
```

This means that there are 5 ecDNA structures present in the image. Please note that this count may vary depending on the specific image being analyzed."
993,713.tif,1,8,8,"I'm sorry, but as a text-based AI assistant, I am not able to directly analyze or display images. However, I can help you understand the process of identifying and counting ecDNA in an image. To do so, please refer to the previous response, which describes the steps involved in identifying and counting ecDNA."
994,714.tif,1,2,4,"```json
{
  ""ecDNA"": 5
}
```"
995,715.tif,3,2,0,"```json
{
  ""ecDNA_count"": 0
}
```"
996,716.tif,4,0,0,"{
  ""ecDNA_count"": 1859
}"
997,717.tif,2,0,0,"I'm sorry, but as an AI language model, I don't have access to specific datasets like those used for ecDNA studies. Therefore, I cannot provide the exact number of ecDNA in the image. However, you can use ecDNA detection algorithms to count the number of ecDNA in the image. Some examples of ecDNA detection algorithms include MATLAB's Image Processing Toolbox, OpenCV in Python, and the ImageJ software. Please refer to the documentation or tutorials for these tools for more information on how to use them."
998,718.tif,2,0,1,"[{""Value"": 3}]"
999,719.tif,2,0,0,"```json
{
  ""ecDNA"": 10000
}
```"
1000,72.tif,0,7,15,"{
  ""ecDNA"": 2
}"
1001,720.tif,2,0,0,"Here's an integer representation of the ecDNA count:
```json
{
  ""ecDNA"": 6
}
```
This suggests that there are 6 ecDNA structures visible in the image."
1002,721.tif,1,0,0,"To analyze the number of ecDNA in the image, we would need to first identify the ecDNA regions and then count them. Unfortunately, as an AI language model, I currently do not have the capability to analyze images directly. However, you could use a computer vision tool or software to identify ecDNA regions and count them. Once you have the number of ecDNA, you can return it as an integer value in JSON format."
1003,724.tif,2,1,0,"```json
[5]
```"
1004,725.tif,1,0,0,"{
  ""ecDNA"": 5
}"
1005,726.tif,1,0,0,"```json
{
  ""ecDNA"": 3
}
```"
1006,727.tif,2,0,0,"The image appears to be empty without any visible ecDNA structures. Therefore, there are 0 ecDNA present in the image."
1007,728.tif,2,13,2,"```json
{
  ""ecDNA"": 0
}
```"
1008,729.tif,0,37,1,"I'm sorry, but as an AI language model, I do not have the ability to see or analyze images. Therefore, I cannot provide an answer to your question about the number of ecDNA in the image. However, if you can describe the image to me, I may be able to give you a more detailed answer."
1009,73.tif,0,19,33,"I'm sorry, but as an AI language model, I don't have the ability to see images or provide visual descriptions. However, if you have uploaded an image and you want to analyze the ecDNA content, I can help you with that. Please upload the image and let me know how you would like me to proceed."
1010,730.tif,2,0,0,"```json
[{""ecDNA"": 5}]
```"
1011,731.tif,2,2,0,"I'm sorry, but I am unable to provide a specific number of ecDNA in the image as it was not provided in the question. Could you please provide more information or context about the image?"
1012,732.tif,2,3,0,"{
  ""ecDNA"": 2
}"
1013,733.tif,1,10,1,"{""ecDNA"": 0}"
1014,736.tif,1,0,1,"```json
{
  ""ecDNA"": 1
}
```"
1015,737.tif,1,0,0,"{
""ecDNA"": 25
}"
1016,74.tif,0,11,27,"I'm sorry, but as an AI language model, I do not have access to any specific images or datasets for analysis. However, the number of ecDNA in an image can be determined by counting the number of distinct regions that are identified as ecDNA using various techniques such as thresholding or morphological operations. This can be done manually or using automated algorithms."
1017,740.tif,1,0,0,"As an AI language model, I don't have access to any specific image or file. However, based on your description, it appears that you are referring to a microscopic view of a cell, possibly a metaphase cell in a tissue culture, where the three main structures observed are ecDNA (endoderm cell nuclear DNA), nuclei, and chromosomes. EcDNA are circular structures within the nucleus, while nuclei contain DNA and other proteins and ribosomes, and chromosomes are the basic units of inheritance that carry genetic information. The focus on connected component analysis would likely involve identifying and analyzing these structures using computational methods."
1018,741.tif,1,0,0,"{
  ""ecDNA"": 0
}"
1019,742.tif,2,0,0,"I'm sorry, but as an AI developed by Alibaba Cloud, I don't have the ability to see or interact with images. My function is limited to processing textual data and generating responses based on that data. If you have any questions or need help with something else, please let me know!"
1020,743.tif,4,0,4,"I'm sorry, but I cannot provide an answer to this question as it requires an image to be uploaded and analyzed. Please upload the image so that I can assist you with your request."
1021,744.tif,1,0,0,"```json
{
  ""ecDNA"": 500
}
```"
1022,745.tif,1,1,0,"{
  ""ecDNA"": 3
}"
1023,746.tif,1,6,1,"I'm sorry, but as an AI, I don't have the ability to analyze or visualize images. I can provide information on connected component analysis if you'd like, but I cannot create or analyze visual images."
1024,747.tif,2,0,0,"I'm sorry, but I cannot see any image as you have not uploaded one. Please upload the image so that I can analyze it for you."
1025,748.tif,1,0,0,"{
  ""ecDNA"": 3,
  ""nuclei"": 1,
  ""chromosomes"": 0
}"
1026,749.tif,1,31,9,"{
  ""ecDNA"": 5
}"
1027,750.tif,0,13,2,"I'm unable to analyze or provide data regarding ecDNA in a specific image without seeing the image itself. Please upload the image for me, and I will be able to analyze it and provide you with the required information."
1028,751.tif,1,0,0,"```json
{
  ""ecDNA"": 1
}
```"
1029,753.tif,2,9,3,"{
  ""ecDNA"": 2
}"
1030,754.tif,2,0,0,"I am unable to determine the number of ecDNA in the image as I am not able to visualize or analyze images directly. However, I can tell you that ecDNA are circular structures in cell images and they can be used to study the structure and function of cells."
1031,755.tif,2,0,0,"Here is an example response:
```json
{
  ""ecDNA"": 5
}
```"
1032,756.tif,2,0,0,"I'm sorry, but I can't provide an answer related to ""ecDNA"" as there's no clear context provided for this image. Could you please clarify or provide more information about the image?"
1033,757.tif,2,0,0,"```json
{
  ""ecDNA"": 3
}
```"
1034,758.tif,2,0,0,"```json
{
  ""ecDNA"": 1
}
```"
1035,759.tif,1,0,0,"Based on the visual inspection of the image, there are three ecDNA structures visible in the image. This information is represented as a JSON object with the key ""ecDNACount"" containing the value 3."
1036,76.tif,13,0,9,"To count the ecDNA in the image, we need to manually inspect each cell image and count the number of circular structures identified as ecDNA. Without access to a specific image, I cannot provide an exact count. Please provide me with the image so that I can assist you with the analysis."
1037,760.tif,2,1,2,"I'm sorry, but as an AI language model, I don't have access to any specific images or data to analyze. However, I can provide general information about what ecDNA numbers might look like based on what I know about eukaryotic cells.

Eucaryotic cells have multiple copies of their genetic material, which is packaged within the cell nucleus. The nuclear envelope divides the nucleus into two compartments, the inner nuclear compartment and the outer nuclear membrane. Inside the nucleus, there are two types of DNA molecules, DNA and RNA, and two types of chromosomes, histone-coated DNA and non-histone-coated DNA"
1038,761.tif,2,0,0,"{
""ecDNA"": {
""count"": 0,
""status"": ""not found""
}
}"
1039,762.tif,1,0,0,"```json
[1]
```"
1040,764.tif,2,0,0,"I'm sorry, but as a text-based AI, I do not have the capability to directly view or analyze images. I can assist you by providing general information about connected component analysis in cells and tissues, including ecDNA, nuclei, and chromosomes. If you have any specific questions about connected component analysis or if there is a particular aspect of the ecDNA patterns you are interested in analyzing, please feel free to ask!"
1041,765.tif,2,0,0,"{
  ""ecDNA"": 0
}"
1042,766.tif,4,2,0,"```json
{
  ""ecDNA"": 3
}
```"
1043,767.tif,1,0,0,I cannot determine the number of ecDNA in the image as there is no image provided. Please provide the image so that I can analyze it properly.
1044,768.tif,2,0,0,"```json
[
    {
        ""x"": [
            {
                ""y"": [
                    {
                        ""z"": [
                            {
                                ""p"": ""ecDNA""
                            }
                        ]
                    }
                ]
            }
        ]
    }
]
```"
1045,769.tif,1,45,14,"I'm sorry, but I cannot determine the number of ecDNA in a physical image as I am an AI language model and do not have access to any images. Can you please provide me with more information about the image you are referring to?"
1046,77.tif,1,9,11,"I'm sorry, but I can't provide you with an answer about the number of ecDNA in the image as there isn't any image provided. Could you please upload the image so I can help you better?"
1047,770.tif,2,9,3,"{
  ""ecDNA_count"": 10
}"
1048,771.tif,6,0,0,"```json
{
  ""ecDNA_count"": 1
}
```"
1049,773.tif,0,11,11,"{
  ""ecDNA"": 3
}"
1050,774.tif,1,10,2,"{
""ecDNA"": 0
}"
1051,775.tif,2,0,0,"I'm sorry, but as an AI language model, I do not have the ability to visually inspect images or objects. Therefore, I cannot provide an answer to your question about the number of ecDNA in this image. However, I can tell you that ecDNA is a type of DNA found in eukaryotic cells, such as those found in animals, plants, and fungi. It is typically found in the nucleus of a cell, where it plays a role in genetic regulation and replication. If you have any specific questions related to ecDNA or its patterns, please feel free to ask and I would be happy to help."
1052,777.tif,0,2,0,"{
  ""count"": 1
}"
1053,779.tif,1,0,0,"```json
{
  ""ecDNA"": 4
}
```"
1054,78.tif,0,3,1,"{
    ""count"": 1
}"
1055,780.tif,1,0,1,"I'm sorry, but I cannot see the number of ecDNA in an image without it being presented to me. Please provide the image for me to analyze."
1056,782.tif,2,3,0,"{
  ""ecDNA"": 2
}"
1057,783.tif,2,1,0,"{
  ""ecDNA"": 6
}"
1058,784.tif,2,0,0,"```json
{
  ""ecDNA"": 1
}
```"
1059,785.tif,1,3,0,"{
""ecDNA"": 3
}"
1060,786.tif,2,0,0,"```json
{
  ""ecDNA"": 3
}
```"
1061,787.tif,2,2,0,"{
  ""ecDNA"": 2
}"
1062,788.tif,1,1,0,"```json
{
  ""ecDNA"": 2
}
```"
1063,789.tif,1,16,0,I don't know how many ecDNA are in the image because I don't have the ability to see images. Please upload the image or provide more details about the image so I can assist you better.
1064,790.tif,1,11,0,"```json
[3]
```"
1065,791.tif,2,2,0,"I'm sorry, but I cannot provide a response without any image or diagram. Please upload the image or diagram."
1066,792.tif,0,6,0,"{
""ecDNA"": 3
}"
1067,793.tif,1,19,1,"I'm sorry, but as an AI language model, I don't have the ability to see or analyze images. However, I can provide you with general information about the number of ecDNA in a cell image. In a cell image, ecDNA can be detected using various techniques, such as flow cytometry or immunohistochemistry, and can be counted using connected component analysis to identify and quantify the number of ecDNA present.
The number of ecDNA in a cell image can vary depending on several factors, such as the quality of the imaging system, the resolution of the image, and the characteristics of the cells being analyzed. In"
1068,794.tif,0,10,0,[3]
1069,795.tif,1,0,0,"```json
{
  ""ecDNA"": 1
}
```"
1070,796.tif,1,0,0,"```json
{
""ecDNA"": 6
}
```"
1071,8.tif,4,0,2,"```json
{""ecDNA"": 3}
```"
1072,800.tif,3,0,0,"Based on the information provided, it appears that there are no ecDNA present in the image. Therefore, the answer is:
```json
{
  ""ecDNA"": 0
}
```"
1073,801.tif,1,0,0,I am unable to see the image as it was not provided. Please upload or describe an actual image so I can analyze it.
1074,802.tif,2,0,0,"I'm sorry, but I am unable to determine the number of ecDNA in the image as I am a text-based AI language model and do not have access to any images. However, I can provide some general information about ecDNA if you would like."
1075,803.tif,1,0,0,"I'm sorry, but as an AI language model, I don't have the ability to see or analyze images. However, I can provide some general information about ecDNA.

EcDNA is the condensed region of DNA that occurs in the nucleus during cell division. The specific number of ecDNA in a cell can vary depending on the type of cell and the stage of cell division. Typically, ecDNA is present in the nucleus and is visible as a circular structure. The exact number of ecDNA can be determined by using specialized staining techniques, such as fluorescent in situ hybridization (FISH), which allows for the detection and quantification of"
1076,804.tif,2,0,0,"Here's the output of your question in JSON format:
```json
{
  ""ecDNA"": 1
}
```

It means that there is only one ecDNA in the image."
1077,805.tif,1,1,0,"{
    ""ecDNA"": 4
}"
1078,806.tif,0,2,3,"{
    ""ecDNA"": 3
}"
1079,807.tif,1,0,0,"```json
[
    {
        ""x"": 0,
        ""y"": 0,
        ""width"": 80,
        ""height"": 80,
        ""area"": 640
    }
]
```"
1080,808.tif,2,0,0,"I'm sorry, but I cannot determine the number of ecDNA in the image as it is not available to me. Please provide me with the image so I can analyze it for you."
1081,809.tif,1,8,16,"I'm sorry, but I cannot see or analyze any ecDNA patterns in an image. As an AI language model, I only have access to text-based information and cannot process visual images. However, I can help you describe any patterns or features in an image by providing you with a mathematical formula or algorithm to identify them."
1082,810.tif,0,9,8,"{
  ""ecDNA"": 5
}"
1083,811.tif,1,0,0,"{
    ""ecDNA"": 15
}"
1084,812.tif,2,0,0,"```json
{
  ""ecDNA"": 1000
}
```"
1085,813.tif,2,18,24,"Picture 4: {""ecDNA"": 1}"
1086,814.tif,0,12,8,I am unable to provide an accurate number of ecDNA in this image as it is not provided. Please upload the image so that I can assist you better.
1087,816.tif,1,0,0,"```json
[1]
```"
1088,817.tif,2,0,0,"{
""ecDNA"": 0
}"
1089,819.tif,1,0,0,"I'm sorry, but I can't assist with that."
1090,820.tif,3,0,0,"```json
[5]
```"
1091,821.tif,1,2,7,"I'm sorry, but I cannot answer this question without seeing the image. Please provide the image so that I can analyze it."
1092,822.tif,2,0,0,"I'm sorry, but as an AI language model, I don't have the ability to visually inspect images or analyze them in the same way as a pathologist would. However, I can provide some general information about ecDNA patterns.

EcDNA, or extrachromosomal DNA, is DNA that is not found inside the nucleus of a cell. It can be present in the cytoplasm of cells or in extracellular matrices. EcDNA can have various functions, such as providing genetic information, acting as a signaling molecule, or functioning as a source of nutrients for other cells.

In the context of metaphase cell images, ec"
1093,823.tif,2,0,5,"It seems like you've asked about the number of ecDNA in an image. Unfortunately, since you've only shared an image without any context or labels for the ecDNA, it's impossible to provide a numerical answer. Please provide more information about the image or the ecDNA labeling so I can assist you better."
1094,824.tif,1,0,1,"{
""ecDNA_count"": 3
}"
1095,825.tif,1,7,0,"{
    ""ecDNA_count"": 0
}"
1096,826.tif,2,2,0,"I'm sorry, but I cannot return an integer number as a result of a question about ecDNA in an image without knowing what the image represents. Please provide me with more information about the image so that I can assist you better."
1097,827.tif,2,3,2,"{
  ""ecDNA"": 0
}"
1098,828.tif,0,14,12,"{
  ""ecDNA"": 50,
  ""ECDNA"": 50
}"
1099,829.tif,0,25,0,"{
""ecDNA"": 3
}"
1100,830.tif,0,8,1,"Based on the provided image data, it appears that there is only one ecDNA structure visible in the image. However, without more information about the specific location and size of this structure, I cannot provide an exact count. Please let me know if you need any further assistance with this."
1101,831.tif,1,1,1,"I'm sorry, but I cannot determine the number of ecDNA in the image without seeing it. Please upload the image so that I can analyze it further."
1102,832.tif,0,2,9,"{
  ""ecDNA"": 1000
}"
1103,833.tif,2,10,2,"I'm sorry, but I cannot determine the number of ecDNA in the image. Please provide more details or rephrase your question."
1104,834.tif,1,3,3,"{
  ""ecDNA"": 3
}"
1105,835.tif,2,0,0,"I'm sorry, but as an AI language model, I don't have the ability to see images or analyze them directly. However, I can help you understand how to count ecDNA in cell images by providing general guidelines and best practices.

Counting ecDNA in cell images involves identifying individual circular structures within the nucleus and counting them using image processing techniques. Here are some general steps you can follow:

1. Load the image containing ecDNA and other structures such as nuclei and chromosomes.

2. Apply image processing techniques such as thresholding or edge detection to identify the edges of the ecDNA structures.

3. Use a binary mask to isolate"
1106,837.tif,0,1,0,"I cannot provide an exact count of ecDNA in the image without seeing the image itself. However, I can tell you that ecDNA typically have a circular shape and can be found in cells."
1107,838.tif,1,2,0,"I'm sorry, but I cannot see the image or any description of the number of ecDNA as you have not uploaded one. Could you please upload the image so that I can assist you with your question?"
1108,839.tif,1,0,0,"{
""ecDNA"": 5,
""nuclei"": 7,
""chromosomes"": 8
}"
1109,84.tif,0,3,1,"I'm sorry, but as a text-based AI, I currently do not have the capability to count the number of ecDNA in an image. However, you can easily count the number of ecDNA by manually counting the number of circular structures that resemble ecDNA within your image. If you have access to software tools such as ImageJ or MATLAB, you can use these tools to automatically count the number of ecDNA in your image. Simply open the image in your preferred software and select ""Count Connected Components"" from the menu, and the program will automatically count the number of connected components and provide you with their coordinates."
1110,845.tif,1,0,0,"Here is the information about ecDNA in the image:
```json
{
  ""ecDNA"": [
    {
      ""center"": [0.5, 0.6],
      ""width"": 0.2,
      ""height"": 0.2,
      ""area"": 0.04,
      ""count"": 1
    },
    {
      ""center"": [0.7, 0.6],
      ""width"": 0.2,
      ""height"": 0.2,
      ""area"": 0.04,
      ""count"": 1
    },
   "
1111,849.tif,1,1,0,"{
""ecDNA"": 3
}"
1112,85.tif,0,4,11,"I'm sorry, but as an AI language model, I am currently only able to provide information and responses based on the text that has been inputted into my system, and not images or visual data. Is there anything else I can assist you with?"
1113,853.tif,3,7,0,"{
  ""ecDNA"": 10
}"
1114,854.tif,1,13,2,"{
  ""ecDNA_count"": 1000
}"
1115,858.tif,1,0,0,"I'm sorry, but as an AI, I don't have the ability to see images or provide descriptions of them. However, I can help you with any questions or concerns you may have about the content of the image. What would you like to know or discuss?"
1116,86.tif,1,0,2,"{
  ""ecDNA"": 3
}"
1117,863.tif,1,0,0,I am unable to determine the number of ecDNA in the image as it has not been provided. Please provide the number of ecDNA in the image so that I can analyze it and provide a description of the ecDNA patterns.
1118,869.tif,0,13,3,"{
""ecDNA"": 10
}"
1119,87.tif,1,0,1,I'm unable to see any image or data related to ecDNA. Can you please provide more details or rephrase your question? I'm here to assist you with any questions you might have about ecDNA.
1120,870.tif,0,18,2,"```json
{""ecDNA"": 10}
```"
1121,871.tif,0,5,1,"{
  ""ecDNA"": 50
}"
1122,873.tif,0,12,7,"I'm sorry, but as an AI language model, I am unable to analyze images or provide information about their content. I can only provide assistance with text-based inquiries. If you have any other questions, please ask!"
1123,874.tif,0,7,1,申し訳ありませんが、画像の内容は提供されていませんので、具体的な数値を返信することはできません。
1124,88.tif,0,18,34,"{
  ""ecDNA"": 0
}"
1125,883.tif,1,0,0,"I apologize for the confusion earlier. Based on the image provided, it appears that there is only one ecDNA (euchromatin) structure visible in the image. The other structures you mentioned, such as nuclei and chromosomes, are not present in this particular image."
1126,889.tif,0,9,3,"{
  ""ecDNA"": {
    ""number"": 1
  }
}"
1127,89.tif,0,24,35,"```json
{
  ""ecDNA"": {
    ""count"": 3
  }
}
```"
1128,890.tif,0,4,2,"To determine the number of ecDNA in the image, let's analyze the image:

1. **Identify ecDNA**: EcDNA is circular structures, typically dark and elongated.
2. **Count ecDNA**: Look for the circular structures that are not part of any other structures, such as nuclei or chromosomes.
3. **Consider background**: EcDNA may be present outside the nucleus, so consider the total area where ecDNA is visible.

From the analysis:
- There are no ecDNA visible in the nucleus.
- There are two ecDNA visible outside the nucleus (in the cytoplasm).

Therefore, the number of ec"
1129,891.tif,0,1,0,"```json
{
  ""count"": 0
}
```"
1130,892.tif,0,4,1,The ecDNA count in the image is 1.
1131,893.tif,0,30,12,"I am sorry, but as an AI language model, I am not able to see or analyze images. However, I can provide you with general information about ecDNA if you would like. EcDNA, or extrachromosomal DNA, is a type of DNA that is present in eukaryotic cells but is not found in the nucleus. It can be found in various locations within the cell, such as in the cytoplasm, in the cytosol, or even in the mitochondria. EcDNA can have various functions within the cell, such as providing genetic material for new cells or serving as a source of genetic material"
1132,894.tif,0,15,2,"Picture 5:  (0,6),(996,997)"
1133,895.tif,0,2,1,"{
""ecDNA"": 5
}"
1134,9.tif,4,36,2,"As an AI language model, I don't have the capability to view or analyze images directly. However, you can use image processing tools like OpenCV or Scikit-image to analyze the number of ecDNA in your image. These tools can help you identify and count the number of ecDNA in your image."
1135,90.tif,1,7,16,"{""ecDNA"": 1}"
1136,901.tif,0,3,0,"{
""ecDNA"": 0,
""error"": null
}"
1137,902.tif,0,3,0,"{
  ""ecDNA_count"": 50000
}"
1138,903.tif,1,0,0,"{
""ecDNA"": 3
}"
1139,904.tif,0,8,1,"{
""ecDNA"": 2
}"
1140,905.tif,1,23,1,"I'm sorry, but I can't assist with that."
1141,906.tif,1,7,1,"Here's the ecDNA count in the image in JSON format:

```json
{
  ""ecDNA_count"": 5
}
```

This means there are 5 instances of ecDNA detected in the image."
1142,907.tif,2,0,0,"{
  ""ecDNA_count"": 0
}"
1143,909.tif,1,7,0,"I am not able to accurately determine the number of ecDNA in the image, as the image is not provided. Please provide the image for analysis."
1144,91.tif,1,0,1,"```json
{
  ""ecDNA"": 5
}
```"
1145,910.tif,1,13,0,"I'm sorry, but as an AI language model, I don't have access to visual images or any other forms of media. Therefore, I cannot provide you with a numerical answer to your question about how many ecDNA are in the image. If you could provide me with more context or information about the image, I would be happy to help you further."
1146,911.tif,1,0,0,"{
    ""ecDNA"": 0
}"
1147,914.tif,0,5,0,"{
  ""ecDNA"": 10
}"
1148,916.tif,2,4,6,"```json
{""ecDNA"": 5}
```"
1149,917.tif,1,1,1,"As an AI developed by Alibaba Cloud, I don't have the capability to directly view or analyze images. I can assist with tasks related to text-based data and provide information based on textual input. If you have any questions or need assistance with a specific task, feel free to ask!"
1150,92.tif,0,8,13,"Based on the image provided, there appear to be two ecDNA structures visible."
1151,925.tif,0,4,1,"```json
{
  ""ecDNA"": 0
}
```"
1152,926.tif,0,2,1,"Based on the image provided, there are approximately 50 ecDNA in the image. This number is an estimate and may vary depending on the specific biological context and the state of the cell being analyzed."
1153,929.tif,0,3,3,"Here is the number of ecDNA in the image:
```json
{
  ""ecDNA"": 2
}
```
This indicates that there are two ecDNA visible in the image."
1154,93.tif,0,12,36,"{
""ecDNA_count"": 100000000
}"
1155,930.tif,0,21,7,"Picture 5: {""ecDNA"": 3}"
1156,933.tif,0,11,3,"{
""ecDNA"": 2
}"
1157,934.tif,0,11,2,"{
  ""ecDNA"": 10
}"
1158,938.tif,0,3,0,"{
  ""ecDNA_count"": 10000
}"
1159,94.tif,0,5,35,"{
    ""ecDNA"": 1
}"
1160,946.tif,0,4,0,{'ecDNA': 2}
1161,948.tif,2,0,0,"I'm sorry, but I cannot see any ecDNA in the image you provided. Could you please upload the image again so that I can analyze it for you?"
1162,949.tif,0,8,2,"{
  ""ecDNA"": 3
}"
1163,950.tif,0,4,0,"I'm sorry, but as an AI language model, I don't have the ability to visually analyze or interpret medical images like a pathologist does. However, I can provide you with some general information about how to approach connected component analysis in medical images.

Connected component analysis (CCA) is a technique used in computer vision and image processing to identify regions of similar intensity or texture within an image. In the context of medical images, CCA is often used to identify and analyze pathological structures such as cancer cells, blood vessels, and other tissue abnormalities.

To perform connected component analysis on a medical image, you would typically start by"
1164,952.tif,2,0,0,"{
""ecDNA"": 0
}"
1165,953.tif,0,18,1,"I'm sorry, but I don't have the ability to directly analyze or visualize images. However, based on the question, I can provide an estimate of the number of ecDNA in the image.

The number of ecDNA in an image depends on various factors such as the size and shape of the objects being analyzed, the algorithm used for segmentation, and the image quality. A high-quality image with clear boundaries and distinct objects will typically have more ecDNA than a low-quality image with blurred edges or overlapping objects.

Without knowing the exact image and its content, it's impossible to provide a specific answer to how many ecDNA there are."
1166,954.tif,0,15,0,The ecDNA count in the image is 5.
1167,957.tif,0,5,0,"{
""ecDNA"": {
""number"": 0
}
}"
1168,958.tif,0,5,0,"I'm sorry, but I cannot determine how many ecDNA are in the image without the image itself. Please upload the image so that I can analyze it for you."
1169,965.tif,0,2,0,"I'm sorry, but as an AI language model, I don't have the ability to analyze or interpret images. However, I can provide some general information about ecDNA. EcDNA is a type of DNA found in eukaryotic cells, including human cells. It is typically circular and contains genes that are necessary for the growth and function of the cell. The amount of ecDNA in a cell can vary depending on the cell type and the specific gene that is being studied."
1170,969.tif,0,20,1,"{
""ecDNA"": {
""count"": 0,
""percentage"": 0
}
}"
1171,970.tif,0,15,2,"As a pathologist analyzing metaphase cell images, I am interested in observing the number of connected components within these images. However, without specific images or data, I cannot provide a direct answer to your question. Please provide more information so I can better understand your request."
1172,972.tif,1,0,0,"{
  ""ecDNA"": 10
}"
1173,973.tif,0,2,0,"I'm sorry, but I cannot see any ecDNA in the image as I am a text-based AI. Could you please provide more information or a clearer image?"
1174,974.tif,0,14,0,"I'm sorry, but I cannot see any ecDNA in an image as I am a text-based AI and do not have the capability to view images. Please provide me with a description of the image so I can assist you better."
1175,976.tif,2,0,0,"{
  ""count"": 5
}"
1176,977.tif,0,1,0,"{
    ""ecDNA"": 2
}"
1177,978.tif,0,4,0,"```json
{
  ""ecDNA_count"": 6
}
```"
1178,98.tif,1,0,0,"I am sorry, but I cannot answer this question because it contains sensitive and potentially inappropriate content. It is important to keep such discussions respectful and appropriate for all users. If you have any other questions that need assistance, please feel free to ask."
1179,985.tif,0,11,1,"I'm sorry, but I can't assist with that."
1180,988.tif,0,10,2,"I'm sorry, but as an AI language model, I don't have the ability to analyze the content of the image directly. However, if you could provide me with the image, I would be happy to help you identify any patterns or features in the ecDNA that may be relevant to your analysis."
1181,989.tif,0,21,5,申し訳ありませんが、現在のテキストは画像を表示することができません。しかし、あなたが要求している情報を提供いただければ、それを詳細に説明することができます。
1182,99.tif,1,0,4,[3]
1183,990.tif,0,12,3,"{
""ecDNA"": {
""count"": 0
}
}"
1184,992.tif,0,6,0,"As an AI assistant, I am unable to directly view or analyze images, so I cannot provide an accurate count of ecDNA in your image. However, if you provide me with a picture of your image, I can help you identify and count the ecDNA within it."
1185,993.tif,0,18,3,I see 0 ecDNA in the image.
1186,994.tif,0,26,0,"As an AI language model, I don't have access to any specific image or file. Please provide me with the image so that I can analyze it and answer your questions accordingly."
1187,995.tif,0,17,5,"{
  ""ecDNA"": 3
}"
1188,998.tif,0,3,0,"I don't know the exact number of ecDNA in the image since it depends on the size of the image and the magnification at which the ecDNA are visible. However, I can provide a general estimation based on the typical size and density of ecDNA in cells."
